x,pi2
10000000,58980
20000000,107407
30000000,152891
40000000,196753
50000000,239101
60000000,280558
70000000,321466
80000000,361450
90000000,401090
100000000,440312
110000000,479129
120000000,517360
130000000,555376
140000000,593174
150000000,630392
160000000,667529
170000000,704104
180000000,740685
190000000,777052
200000000,813371
210000000,849331
220000000,884979
230000000,920557
240000000,956210
250000000,991446
260000000,1026583
270000000,1061743
280000000,1096722
290000000,1131791
300000000,1166480
310000000,1201177
320000000,1235712
330000000,1270140
340000000,1304395
350000000,1338542
360000000,1372352
370000000,1406264
380000000,1440182
390000000,1474067
400000000,1507733
410000000,1541276
420000000,1574914
430000000,1608322
440000000,1641886
450000000,1675221
460000000,1708469
470000000,1741415
480000000,1774572
490000000,1807357
500000000,1840170
510000000,1872959
520000000,1905751
530000000,1938558
540000000,1971327
550000000,2004010
560000000,2036570
570000000,2069096
580000000,2101553
590000000,2134018
600000000,2166301
610000000,2198552
620000000,2231005
630000000,2263190
640000000,2295290
650000000,2327142
660000000,2359266
670000000,2391282
680000000,2423168
690000000,2455182
700000000,2486868
710000000,2518871
720000000,2550660
730000000,2582466
740000000,2614093
750000000,2645644
760000000,2677212
770000000,2708471
780000000,2740090
790000000,2771410
800000000,2802751
810000000,2834071
820000000,2865369
830000000,2896581
840000000,2928115
850000000,2959253
860000000,2990443
870000000,3021758
880000000,3052924
890000000,3084023
900000000,3115262
910000000,3146431
920000000,3177501
930000000,3208252
940000000,3239451
950000000,3270441
960000000,3301361
970000000,3332310
980000000,3362942
990000000,3393708
1000000000,3424506
1010000000,3455210
1020000000,3486034
1030000000,3516448
1040000000,3547167
1050000000,3577758
1060000000,3608230
1070000000,3639095
1080000000,3669491
1090000000,3700094
1100000000,3730451
1110000000,3760824
1120000000,3791193
1130000000,3821525
1140000000,3852018
1150000000,3882386
1160000000,3912689
1170000000,3942982
1180000000,3973314
1190000000,4003648
1200000000,4033838
1210000000,4064160
1220000000,4094410
1230000000,4124391
1240000000,4154490
1250000000,4184625
1260000000,4214606
1270000000,4244644
1280000000,4274593
1290000000,4304545
1300000000,4334388
1310000000,4364366
1320000000,4394229
1330000000,4424181
1340000000,4454025
1350000000,4483909
1360000000,4513808
1370000000,4543558
1380000000,4573143
1390000000,4602775
1400000000,4632699
1410000000,4662449
1420000000,4692445
1430000000,4722077
1440000000,4751869
1450000000,4781577
1460000000,4811429
1470000000,4840934
1480000000,4870390
1490000000,4899935
1500000000,4929508
1510000000,4958987
1520000000,4988498
1530000000,5017712
1540000000,5047082
1550000000,5076686
1560000000,5105908
1570000000,5135252
1580000000,5165039
1590000000,5194507
1600000000,5223982
1610000000,5253482
1620000000,5282736
1630000000,5312086
1640000000,5341280
1650000000,5370271
1660000000,5399616
1670000000,5428863
1680000000,5458082
1690000000,5487523
1700000000,5516430
1710000000,5545709
1720000000,5575057
1730000000,5604333
1740000000,5633550
1750000000,5662632
1760000000,5691783
1770000000,5721107
1780000000,5750257
1790000000,5779403
1800000000,5808585
1810000000,5837813
1820000000,5866928
1830000000,5896074
1840000000,5925433
1850000000,5954463
1860000000,5983641
1870000000,6012442
1880000000,6041544
1890000000,6070535
1900000000,6099613
1910000000,6128636
1920000000,6157519
1930000000,6186332
1940000000,6215262
1950000000,6244256
1960000000,6272806
1970000000,6301640
1980000000,6330399
1990000000,6359154
2000000000,6388041
2010000000,6417131
2020000000,6445832
2030000000,6474402
2040000000,6502952
2050000000,6531522
2060000000,6560380
2070000000,6588903
2080000000,6617690
2090000000,6646466
2100000000,6674812
2110000000,6703403
2120000000,6732099
2130000000,6760804
2140000000,6789133
2150000000,6817859
2160000000,6846641
2170000000,6875091
2180000000,6903723
2190000000,6932094
2200000000,6960677
2210000000,6989228
2220000000,7017799
2230000000,7046455
2240000000,7074760
2250000000,7103261
2260000000,7131759
2270000000,7160137
2280000000,7188626
2290000000,7217243
2300000000,7245806
2310000000,7273779
2320000000,7302130
2330000000,7330488
2340000000,7358761
2350000000,7387016
2360000000,7415309
2370000000,7443720
2380000000,7471893
2390000000,7500373
2400000000,7528643
2410000000,7556863
2420000000,7585285
2430000000,7613535
2440000000,7641798
2450000000,7669993
2460000000,7698203
2470000000,7726370
2480000000,7754529
2490000000,7782774
2500000000,7810997
2510000000,7839169
2520000000,7867357
2530000000,7895655
2540000000,7923985
2550000000,7952134
2560000000,7980337
2570000000,8008454
2580000000,8036598
2590000000,8064578
2600000000,8092871
2610000000,8120866
2620000000,8149081
2630000000,8177235
2640000000,8205081
2650000000,8233275
2660000000,8261173
2670000000,8289310
2680000000,8317208
2690000000,8345329
2700000000,8373302
2710000000,8401208
2720000000,8429297
2730000000,8457126
2740000000,8484922
2750000000,8512863
2760000000,8540790
2770000000,8568895
2780000000,8596813
2790000000,8624790
2800000000,8652758
2810000000,8680924
2820000000,8708965
2830000000,8736802
2840000000,8764719
2850000000,8792649
2860000000,8820639
2870000000,8848485
2880000000,8876341
2890000000,8904264
2900000000,8932233
2910000000,8960036
2920000000,8987864
2930000000,9015529
2940000000,9043425
2950000000,9071340
2960000000,9099053
2970000000,9126980
2980000000,9154563
2990000000,9182327
3000000000,9210144
3010000000,9237777
3020000000,9265581
3030000000,9293224
3040000000,9321035
3050000000,9348835
3060000000,9376668
3070000000,9404451
3080000000,9432148
3090000000,9459793
3100000000,9487353
3110000000,9514862
3120000000,9542471
3130000000,9570209
3140000000,9597629
3150000000,9625230
3160000000,9652725
3170000000,9680431
3180000000,9708004
3190000000,9735611
3200000000,9762902
3210000000,9790762
3220000000,9818221
3230000000,9845697
3240000000,9873322
3250000000,9900798
3260000000,9928553
3270000000,9956030
3280000000,9983611
3290000000,10011253
3300000000,10038577
3310000000,10065978
3320000000,10093522
3330000000,10120759
3340000000,10148225
3350000000,10175549
3360000000,10202974
3370000000,10230531
3380000000,10258082
3390000000,10285734
3400000000,10313157
3410000000,10340512
3420000000,10367634
3430000000,10394999
3440000000,10422234
3450000000,10449655
3460000000,10477251
3470000000,10504853
3480000000,10532154
3490000000,10559533
3500000000,10586929
3510000000,10614194
3520000000,10641487
3530000000,10668842
3540000000,10696113
3550000000,10723451
3560000000,10750857
3570000000,10778063
3580000000,10805344
3590000000,10832576
3600000000,10859464
3610000000,10886948
3620000000,10914189
3630000000,10941387
3640000000,10968671
3650000000,10996031
3660000000,11023223
3670000000,11050280
3680000000,11077406
3690000000,11104497
3700000000,11131895
3710000000,11159130
3720000000,11186329
3730000000,11213615
3740000000,11240587
3750000000,11267835
3760000000,11294908
3770000000,11322129
3780000000,11349164
3790000000,11376248
3800000000,11403183
3810000000,11430403
3820000000,11457545
3830000000,11484501
3840000000,11511528
3850000000,11538716
3860000000,11565730
3870000000,11592899
3880000000,11619982
3890000000,11647104
3900000000,11674153
3910000000,11701313
3920000000,11728296
3930000000,11755477
3940000000,11782429
3950000000,11809512
3960000000,11836766
3970000000,11863740
3980000000,11890557
3990000000,11917421
4000000000,11944438
4010000000,11971218
4020000000,11998287
4030000000,12025392
4040000000,12052382
4050000000,12079488
4060000000,12106424
4070000000,12133346
4080000000,12160066
4090000000,12186987
4100000000,12214163
4110000000,12241360
4120000000,12268513
4130000000,12295689
4140000000,12322504
4150000000,12349521
4160000000,12376354
4170000000,12403216
4180000000,12430216
4190000000,12457134
4200000000,12484112
4210000000,12511201
4220000000,12538213
4230000000,12564966
4240000000,12591635
4250000000,12618660
4260000000,12645556
4270000000,12672516
4280000000,12699528
4290000000,12726305
4300000000,12752991
4310000000,12779927
4320000000,12806742
4330000000,12833730
4340000000,12860506
4350000000,12887254
4360000000,12913943
4370000000,12940634
4380000000,12967572
4390000000,12994273
4400000000,13020820
4410000000,13047690
4420000000,13074280
4430000000,13101049
4440000000,13127722
4450000000,13154277
4460000000,13181115
4470000000,13207833
4480000000,13234613
4490000000,13261339
4500000000,13288127
4510000000,13314949
4520000000,13341556
4530000000,13368364
4540000000,13395040
4550000000,13421678
4560000000,13448337
4570000000,13475064
4580000000,13501743
4590000000,13528269
4600000000,13555113
4610000000,13581680
4620000000,13608097
4630000000,13634743
4640000000,13661039
4650000000,13687636
4660000000,13714340
4670000000,13741009
4680000000,13767813
4690000000,13794690
4700000000,13821362
4710000000,13847972
4720000000,13874700
4730000000,13901173
4740000000,13927622
4750000000,13954259
4760000000,13980732
4770000000,14007350
4780000000,14033727
4790000000,14060408
4800000000,14087306
4810000000,14113687
4820000000,14140462
4830000000,14167002
4840000000,14193672
4850000000,14220254
4860000000,14246836
4870000000,14273292
4880000000,14299943
4890000000,14326599
4900000000,14353023
4910000000,14379645
4920000000,14406033
4930000000,14432657
4940000000,14459397
4950000000,14485828
4960000000,14512514
4970000000,14538869
4980000000,14565362
4990000000,14591772
5000000000,14618166
5010000000,14644834
5020000000,14671256
5030000000,14697943
5040000000,14724392
5050000000,14750869
5060000000,14777390
5070000000,14804017
5080000000,14830604
5090000000,14857111
5100000000,14883703
5110000000,14910244
5120000000,14936919
5130000000,14963134
5140000000,14989476
5150000000,15015879
5160000000,15042396
5170000000,15068773
5180000000,15094942
5190000000,15121380
5200000000,15147862
5210000000,15174400
5220000000,15200603
5230000000,15227083
5240000000,15253409
5250000000,15279801
5260000000,15306255
5270000000,15332850
5280000000,15359147
5290000000,15385492
5300000000,15411824
5310000000,15437735
5320000000,15463914
5330000000,15490388
5340000000,15516739
5350000000,15542946
5360000000,15569398
5370000000,15595563
5380000000,15621916
5390000000,15648105
5400000000,15674423
5410000000,15700640
5420000000,15727184
5430000000,15753502
5440000000,15779500
5450000000,15805737
5460000000,15832054
5470000000,15858249
5480000000,15884658
5490000000,15911011
5500000000,15937153
5510000000,15963332
5520000000,15989715
5530000000,16015809
5540000000,16042404
5550000000,16068401
5560000000,16094765
5570000000,16120683
5580000000,16146814
5590000000,16173176
5600000000,16199441
5610000000,16225523
5620000000,16251893
5630000000,16278123
5640000000,16304598
5650000000,16330780
5660000000,16357068
5670000000,16383193
5680000000,16409678
5690000000,16435991
5700000000,16462030
5710000000,16488084
5720000000,16514132
5730000000,16540305
5740000000,16566540
5750000000,16592796
5760000000,16618778
5770000000,16644893
5780000000,16670867
5790000000,16696874
5800000000,16723078
5810000000,16748924
5820000000,16775098
5830000000,16801321
5840000000,16827186
5850000000,16853248
5860000000,16879291
5870000000,16905611
5880000000,16931908
5890000000,16957783
5900000000,16983784
5910000000,17010075
5920000000,17036057
5930000000,17062147
5940000000,17088009
5950000000,17114012
5960000000,17139886
5970000000,17165882
5980000000,17191872
5990000000,17218144
6000000000,17244409
6010000000,17270567
6020000000,17296569
6030000000,17322287
6040000000,17348211
6050000000,17373989
6060000000,17400243
6070000000,17426088
6080000000,17452351
6090000000,17478450
6100000000,17504488
6110000000,17530541
6120000000,17556642
6130000000,17582598
6140000000,17608611
6150000000,17634592
6160000000,17660612
6170000000,17686349
6180000000,17712457
6190000000,17738301
6200000000,17764537
6210000000,17790580
6220000000,17816494
6230000000,17842473
6240000000,17868434
6250000000,17894220
6260000000,17920262
6270000000,17946227
6280000000,17972416
6290000000,17998489
6300000000,18024376
6310000000,18050307
6320000000,18076030
6330000000,18101994
6340000000,18127984
6350000000,18153840
6360000000,18179879
6370000000,18206020
6380000000,18231835
6390000000,18257677
6400000000,18283435
6410000000,18309250
6420000000,18335010
6430000000,18360931
6440000000,18386714
6450000000,18412820
6460000000,18438601
6470000000,18464512
6480000000,18490401
6490000000,18516574
6500000000,18542454
6510000000,18567890
6520000000,18593743
6530000000,18619513
6540000000,18645203
6550000000,18670789
6560000000,18696447
6570000000,18722304
6580000000,18748310
6590000000,18774177
6600000000,18800026
6610000000,18825429
6620000000,18851443
6630000000,18877216
6640000000,18902947
6650000000,18928779
6660000000,18954773
6670000000,18980784
6680000000,19006671
6690000000,19032470
6700000000,19058240
6710000000,19084161
6720000000,19109848
6730000000,19135765
6740000000,19161264
6750000000,19186945
6760000000,19212777
6770000000,19238491
6780000000,19264411
6790000000,19289965
6800000000,19315571
6810000000,19341184
6820000000,19366946
6830000000,19392713
6840000000,19418500
6850000000,19444149
6860000000,19469848
6870000000,19495701
6880000000,19521628
6890000000,19547366
6900000000,19572967
6910000000,19598811
6920000000,19624517
6930000000,19650090
6940000000,19675819
6950000000,19701530
6960000000,19727112
6970000000,19753039
6980000000,19778742
6990000000,19804259
7000000000,19830161
7010000000,19855863
7020000000,19881688
7030000000,19907469
7040000000,19933309
7050000000,19959065
7060000000,19984763
7070000000,20010539
7080000000,20036257
7090000000,20062031
7100000000,20087571
7110000000,20112980
7120000000,20138448
7130000000,20164323
7140000000,20189848
7150000000,20215555
7160000000,20241288
7170000000,20267011
7180000000,20292752
7190000000,20318259
7200000000,20343905
7210000000,20369737
7220000000,20395295
7230000000,20420910
7240000000,20446510
7250000000,20472251
7260000000,20497738
7270000000,20523455
7280000000,20548811
7290000000,20574405
7300000000,20600009
7310000000,20625622
7320000000,20651307
7330000000,20676876
7340000000,20702443
7350000000,20727876
7360000000,20753375
7370000000,20778857
7380000000,20804220
7390000000,20829736
7400000000,20855304
7410000000,20881129
7420000000,20906691
7430000000,20932267
7440000000,20957659
7450000000,20983197
7460000000,21008643
7470000000,21034131
7480000000,21059536
7490000000,21085108
7500000000,21110363
7510000000,21135974
7520000000,21161591
7530000000,21187211
7540000000,21212660
7550000000,21238290
7560000000,21263708
7570000000,21289094
7580000000,21314531
7590000000,21339963
7600000000,21365320
7610000000,21390895
7620000000,21416375
7630000000,21441933
7640000000,21467567
7650000000,21492968
7660000000,21518359
7670000000,21543891
7680000000,21569535
7690000000,21595242
7700000000,21620694
7710000000,21646277
7720000000,21671828
7730000000,21697243
7740000000,21722779
7750000000,21748130
7760000000,21773543
7770000000,21799158
7780000000,21824501
7790000000,21849830
7800000000,21875356
7810000000,21900952
7820000000,21926378
7830000000,21951908
7840000000,21977372
7850000000,22002896
7860000000,22027971
7870000000,22053376
7880000000,22078784
7890000000,22104219
7900000000,22129653
7910000000,22155303
7920000000,22180710
7930000000,22206104
7940000000,22231367
7950000000,22256959
7960000000,22282408
7970000000,22307817
7980000000,22333517
7990000000,22358905
8000000000,22384176
8010000000,22409514
8020000000,22434883
8030000000,22460255
8040000000,22485633
8050000000,22511059
8060000000,22536440
8070000000,22561878
8080000000,22587426
8090000000,22612861
8100000000,22638090
8110000000,22663332
8120000000,22688751
8130000000,22713940
8140000000,22739275
8150000000,22764541
8160000000,22790153
8170000000,22815458
8180000000,22840953
8190000000,22866241
8200000000,22891711
8210000000,22917394
8220000000,22942831
8230000000,22968161
8240000000,22993266
8250000000,23018699
8260000000,23043983
8270000000,23069415
8280000000,23095055
8290000000,23120448
8300000000,23145559
8310000000,23171130
8320000000,23196287
8330000000,23221523
8340000000,23246667
8350000000,23272188
8360000000,23297503
8370000000,23322645
8380000000,23348080
8390000000,23373452
8400000000,23398612
8410000000,23423765
8420000000,23449127
8430000000,23474258
8440000000,23499705
8450000000,23525116
8460000000,23550332
8470000000,23575650
8480000000,23601025
8490000000,23626519
8500000000,23651769
8510000000,23676968
8520000000,23702121
8530000000,23727300
8540000000,23752678
8550000000,23778008
8560000000,23803284
8570000000,23828638
8580000000,23853739
8590000000,23878798
8600000000,23904154
8610000000,23929256
8620000000,23954490
8630000000,23979659
8640000000,24004899
8650000000,24030131
8660000000,24055227
8670000000,24080463
8680000000,24105519
8690000000,24130839
8700000000,24156114
8710000000,24181151
8720000000,24206377
8730000000,24231649
8740000000,24256803
8750000000,24281649
8760000000,24306908
8770000000,24331839
8780000000,24357067
8790000000,24382466
8800000000,24407781
8810000000,24433002
8820000000,24458235
8830000000,24483374
8840000000,24508716
8850000000,24533817
8860000000,24559422
8870000000,24584607
8880000000,24609520
8890000000,24634870
8900000000,24659928
8910000000,24685091
8920000000,24710265
8930000000,24735524
8940000000,24760696
8950000000,24785687
8960000000,24810912
8970000000,24835672
8980000000,24860767
8990000000,24885893
9000000000,24911210
9010000000,24936358
9020000000,24961581
9030000000,24986713
9040000000,25012044
9050000000,25036936
9060000000,25061878
9070000000,25087159
9080000000,25112158
9090000000,25137056
9100000000,25162461
9110000000,25187614
9120000000,25212782
9130000000,25237806
9140000000,25262851
9150000000,25287899
9160000000,25312914
9170000000,25337815
9180000000,25362982
9190000000,25388083
9200000000,25413080
9210000000,25438184
9220000000,25463239
9230000000,25488417
9240000000,25513612
9250000000,25538663
9260000000,25563641
9270000000,25588701
9280000000,25613936
9290000000,25638927
9300000000,25664044
9310000000,25688982
9320000000,25714074
9330000000,25739310
9340000000,25764604
9350000000,25789624
9360000000,25814557
9370000000,25839546
9380000000,25864549
9390000000,25889576
9400000000,25914706
9410000000,25939708
9420000000,25964770
9430000000,25989759
9440000000,26014947
9450000000,26040114
9460000000,26065142
9470000000,26090323
9480000000,26115311
9490000000,26140260
9500000000,26165152
9510000000,26190159
9520000000,26215116
9530000000,26240366
9540000000,26265372
9550000000,26290153
9560000000,26315334
9570000000,26340202
9580000000,26365116
9590000000,26390166
9600000000,26415111
9610000000,26440179
9620000000,26464935
9630000000,26489778
9640000000,26514471
9650000000,26539581
9660000000,26564909
9670000000,26589938
9680000000,26614870
9690000000,26639964
9700000000,26665038
9710000000,26690010
9720000000,26714994
9730000000,26739846
9740000000,26764689
9750000000,26789566
9760000000,26814177
9770000000,26838943
9780000000,26863901
9790000000,26889011
9800000000,26913838
9810000000,26938936
9820000000,26963914
9830000000,26988915
9840000000,27014269
9850000000,27038928
9860000000,27063830
9870000000,27088752
9880000000,27113628
9890000000,27138822
9900000000,27163538
9910000000,27188552
9920000000,27213559
9930000000,27238334
9940000000,27263253
9950000000,27288241
9960000000,27313332
9970000000,27338416
9980000000,27363157
9990000000,27387935
10000000000,27412679
10010000000,27437621
10020000000,27462442
10030000000,27487508
10040000000,27512534
10050000000,27537522
10060000000,27562391
10070000000,27587311
10080000000,27612215
10090000000,27636945
10100000000,27661660
10110000000,27686559
10120000000,27711433
10130000000,27736523
10140000000,27761159
10150000000,27786250
10160000000,27810901
10170000000,27835822
10180000000,27860852
10190000000,27885687
10200000000,27910387
10210000000,27935200
10220000000,27960264
10230000000,27985193
10240000000,28010107
10250000000,28034881
10260000000,28059681
10270000000,28084276
10280000000,28109116
10290000000,28133838
10300000000,28158873
10310000000,28183798
10320000000,28208847
10330000000,28233780
10340000000,28258621
10350000000,28283435
10360000000,28308164
10370000000,28332882
10380000000,28357643
10390000000,28382566
10400000000,28407240
10410000000,28432047
10420000000,28456596
10430000000,28481487
10440000000,28506446
10450000000,28531165
10460000000,28555714
10470000000,28580483
10480000000,28605203
10490000000,28630053
10500000000,28654952
10510000000,28679659
10520000000,28704437
10530000000,28729209
10540000000,28753929
10550000000,28778772
10560000000,28803511
10570000000,28828499
10580000000,28853273
10590000000,28878089
10600000000,28902874
10610000000,28927473
10620000000,28952015
10630000000,28976932
10640000000,29001629
10650000000,29026298
10660000000,29050866
10670000000,29075587
10680000000,29100265
10690000000,29124817
10700000000,29149660
10710000000,29174291
10720000000,29199175
10730000000,29223772
10740000000,29248259
10750000000,29273169
10760000000,29297812
10770000000,29322429
10780000000,29347178
10790000000,29372033
10800000000,29396632
10810000000,29421431
10820000000,29445967
10830000000,29470704
10840000000,29495380
10850000000,29520019
10860000000,29544560
10870000000,29569201
10880000000,29594066
10890000000,29618661
10900000000,29643385
10910000000,29668008
10920000000,29692418
10930000000,29717035
10940000000,29741685
10950000000,29766506
10960000000,29791109
10970000000,29815915
10980000000,29840515
10990000000,29865263
11000000000,29889853
11010000000,29914533
11020000000,29939143
11030000000,29963680
11040000000,29988179
11050000000,30012707
11060000000,30037448
11070000000,30061984
11080000000,30086799
11090000000,30111794
11100000000,30136268
11110000000,30160946
11120000000,30185809
11130000000,30210555
11140000000,30235336
11150000000,30260088
11160000000,30284837
11170000000,30309533
11180000000,30334306
11190000000,30359160
11200000000,30383952
11210000000,30408400
11220000000,30433054
11230000000,30457789
11240000000,30482787
11250000000,30507573
11260000000,30532350
11270000000,30556916
11280000000,30581537
11290000000,30605972
11300000000,30630971
11310000000,30655777
11320000000,30680279
11330000000,30704858
11340000000,30729699
11350000000,30754192
11360000000,30778985
11370000000,30803755
11380000000,30828668
11390000000,30853194
11400000000,30877551
11410000000,30902303
11420000000,30926908
11430000000,30951579
11440000000,30976071
11450000000,31000506
11460000000,31025128
11470000000,31049532
11480000000,31074213
11490000000,31098829
11500000000,31123480
11510000000,31147855
11520000000,31172585
11530000000,31197095
11540000000,31221637
11550000000,31246412
11560000000,31270836
11570000000,31295651
11580000000,31320184
11590000000,31344816
11600000000,31369530
11610000000,31394204
11620000000,31418797
11630000000,31443438
11640000000,31467837
11650000000,31492431
11660000000,31516969
11670000000,31541659
11680000000,31566293
11690000000,31591015
11700000000,31615609
11710000000,31640136
11720000000,31664859
11730000000,31689261
11740000000,31713797
11750000000,31738471
11760000000,31762985
11770000000,31787631
11780000000,31812080
11790000000,31836563
11800000000,31861232
11810000000,31885954
11820000000,31910536
11830000000,31935007
11840000000,31959489
11850000000,31983976
11860000000,32008460
11870000000,32032802
11880000000,32057480
11890000000,32082213
11900000000,32106499
11910000000,32131116
11920000000,32155779
11930000000,32180304
11940000000,32204804
11950000000,32229252
11960000000,32253780
11970000000,32278476
11980000000,32303004
11990000000,32327590
12000000000,32352147
12010000000,32376655
12020000000,32401330
12030000000,32425856
12040000000,32450408
12050000000,32474990
12060000000,32499415
12070000000,32524019
12080000000,32548621
12090000000,32573058
12100000000,32597825
12110000000,32622547
12120000000,32647032
12130000000,32671823
12140000000,32696108
12150000000,32720612
12160000000,32744949
12170000000,32769489
12180000000,32794073
12190000000,32818307
12200000000,32842568
12210000000,32867226
12220000000,32891686
12230000000,32916167
12240000000,32940547
12250000000,32965090
12260000000,32989471
12270000000,33013992
12280000000,33038204
12290000000,33062743
12300000000,33087149
12310000000,33111630
12320000000,33136053
12330000000,33160780
12340000000,33185217
12350000000,33209678
12360000000,33234173
12370000000,33258661
12380000000,33283071
12390000000,33307299
12400000000,33331601
12410000000,33355930
12420000000,33380437
12430000000,33404769
12440000000,33429336
12450000000,33453964
12460000000,33478419
12470000000,33502757
12480000000,33527319
12490000000,33551642
12500000000,33575981
12510000000,33600455
12520000000,33624794
12530000000,33649088
12540000000,33673726
12550000000,33698249
12560000000,33722586
12570000000,33747052
12580000000,33771412
12590000000,33795763
12600000000,33820264
12610000000,33844666
12620000000,33868954
12630000000,33893200
12640000000,33917680
12650000000,33942023
12660000000,33966495
12670000000,33990818
12680000000,34015347
12690000000,34039802
12700000000,34064296
12710000000,34088659
12720000000,34112941
12730000000,34137369
12740000000,34161813
12750000000,34186153
12760000000,34210516
12770000000,34234926
12780000000,34259272
12790000000,34283549
12800000000,34307832
12810000000,34332385
12820000000,34356825
12830000000,34381007
12840000000,34405389
12850000000,34429773
12860000000,34454173
12870000000,34478667
12880000000,34502823
12890000000,34527212
12900000000,34551424
12910000000,34575913
12920000000,34600347
12930000000,34624822
12940000000,34649255
12950000000,34673356
12960000000,34697884
12970000000,34722279
12980000000,34746700
12990000000,34771000
13000000000,34795179
13010000000,34819204
13020000000,34843560
13030000000,34868023
13040000000,34892199
13050000000,34916432
13060000000,34940774
13070000000,34965196
13080000000,34989609
13090000000,35013919
13100000000,35038245
13110000000,35062649
13120000000,35086893
13130000000,35111335
13140000000,35135967
13150000000,35160244
13160000000,35184553
13170000000,35208963
13180000000,35233318
13190000000,35257684
13200000000,35282034
13210000000,35306478
13220000000,35330657
13230000000,35354847
13240000000,35379136
13250000000,35403520
13260000000,35427974
13270000000,35452191
13280000000,35476413
13290000000,35500811
13300000000,35525028
13310000000,35549385
13320000000,35573543
13330000000,35597793
13340000000,35622047
13350000000,35646558
13360000000,35671063
13370000000,35695342
13380000000,35719582
13390000000,35744110
13400000000,35768435
13410000000,35792807
13420000000,35817196
13430000000,35841568
13440000000,35865938
13450000000,35890264
13460000000,35914519
13470000000,35938695
13480000000,35962975
13490000000,35987190
13500000000,36011233
13510000000,36035434
13520000000,36059440
13530000000,36083626
13540000000,36107961
13550000000,36132238
13560000000,36156434
13570000000,36180498
13580000000,36204921
13590000000,36229218
13600000000,36253550
13610000000,36277885
13620000000,36301990
13630000000,36326369
13640000000,36350609
13650000000,36374830
13660000000,36398760
13670000000,36423035
13680000000,36447200
13690000000,36471449
13700000000,36495770
13710000000,36519968
13720000000,36544321
13730000000,36568837
13740000000,36593127
13750000000,36617105
13760000000,36641336
13770000000,36665474
13780000000,36689803
13790000000,36714103
13800000000,36738037
13810000000,36762374
13820000000,36786576
13830000000,36810873
13840000000,36835031
13850000000,36859271
13860000000,36883497
13870000000,36907821
13880000000,36932127
13890000000,36956577
13900000000,36980721
13910000000,37004708
13920000000,37029094
13930000000,37053177
13940000000,37077433
13950000000,37101639
13960000000,37125937
13970000000,37150308
13980000000,37174604
13990000000,37198690
14000000000,37222867
14010000000,37246865
14020000000,37270970
14030000000,37295235
14040000000,37319355
14050000000,37343508
14060000000,37367659
14070000000,37391906
14080000000,37416205
14090000000,37440297
14100000000,37464417
14110000000,37488370
14120000000,37512679
14130000000,37536856
14140000000,37561015
14150000000,37585271
14160000000,37609540
14170000000,37633652
14180000000,37657676
14190000000,37681819
14200000000,37705889
14210000000,37730220
14220000000,37754345
14230000000,37778540
14240000000,37802583
14250000000,37826886
14260000000,37851084
14270000000,37875124
14280000000,37899375
14290000000,37923446
14300000000,37947534
14310000000,37971627
14320000000,37995934
14330000000,38020078
14340000000,38044351
14350000000,38068516
14360000000,38092576
14370000000,38116505
14380000000,38140695
14390000000,38164854
14400000000,38188966
14410000000,38213127
14420000000,38237357
14430000000,38261513
14440000000,38285676
14450000000,38309727
14460000000,38333929
14470000000,38358146
14480000000,38382242
14490000000,38406434
14500000000,38430847
14510000000,38455171
14520000000,38479409
14530000000,38503448
14540000000,38527677
14550000000,38551707
14560000000,38575899
14570000000,38600149
14580000000,38624209
14590000000,38648367
14600000000,38672350
14610000000,38696728
14620000000,38720682
14630000000,38744706
14640000000,38768981
14650000000,38793008
14660000000,38817179
14670000000,38841375
14680000000,38865486
14690000000,38889551
14700000000,38913561
14710000000,38937931
14720000000,38961721
14730000000,38985919
14740000000,39010072
14750000000,39034146
14760000000,39058289
14770000000,39082230
14780000000,39106141
14790000000,39130113
14800000000,39154172
14810000000,39178438
14820000000,39202500
14830000000,39226758
14840000000,39250722
14850000000,39274953
14860000000,39299039
14870000000,39323173
14880000000,39347449
14890000000,39371420
14900000000,39395727
14910000000,39419682
14920000000,39443766
14930000000,39467857
14940000000,39491853
14950000000,39516094
14960000000,39540127
14970000000,39564179
14980000000,39588202
14990000000,39612300
15000000000,39636297
15010000000,39660421
15020000000,39684526
15030000000,39708596
15040000000,39732453
15050000000,39756586
15060000000,39780895
15070000000,39805070
15080000000,39828700
15090000000,39852656
15100000000,39876795
15110000000,39900836
15120000000,39924746
15130000000,39948514
15140000000,39972491
15150000000,39996518
15160000000,40020637
15170000000,40044613
15180000000,40068840
15190000000,40092834
15200000000,40116915
15210000000,40140918
15220000000,40164854
15230000000,40188869
15240000000,40212853
15250000000,40236937
15260000000,40260901
15270000000,40284904
15280000000,40308856
15290000000,40333004
15300000000,40357103
15310000000,40381205
15320000000,40405411
15330000000,40429481
15340000000,40453462
15350000000,40477382
15360000000,40501249
15370000000,40525176
15380000000,40549403
15390000000,40573461
15400000000,40597339
15410000000,40621413
15420000000,40645576
15430000000,40669463
15440000000,40693459
15450000000,40717197
15460000000,40741067
15470000000,40764864
15480000000,40788730
15490000000,40812710
15500000000,40836524
15510000000,40860569
15520000000,40884482
15530000000,40908460
15540000000,40932508
15550000000,40956605
15560000000,40980576
15570000000,41004384
15580000000,41028119
15590000000,41052074
15600000000,41075908
15610000000,41099709
15620000000,41123642
15630000000,41147706
15640000000,41171741
15650000000,41195779
15660000000,41219589
15670000000,41243636
15680000000,41267712
15690000000,41291851
15700000000,41315806
15710000000,41339781
15720000000,41363697
15730000000,41387631
15740000000,41411432
15750000000,41435577
15760000000,41459779
15770000000,41483889
15780000000,41507563
15790000000,41531506
15800000000,41555609
15810000000,41579724
15820000000,41603534
15830000000,41627582
15840000000,41651833
15850000000,41675874
15860000000,41699779
15870000000,41723630
15880000000,41747408
15890000000,41771167
15900000000,41795031
15910000000,41818771
15920000000,41842821
15930000000,41866760
15940000000,41890631
15950000000,41914631
15960000000,41938545
15970000000,41962510
15980000000,41986454
15990000000,42010268
16000000000,42034329
16010000000,42058371
16020000000,42082344
16030000000,42106302
16040000000,42130151
16050000000,42154057
16060000000,42178221
16070000000,42202024
16080000000,42225904
16090000000,42249662
16100000000,42273755
16110000000,42297961
16120000000,42322068
16130000000,42346000
16140000000,42369595
16150000000,42393726
16160000000,42417854
16170000000,42442020
16180000000,42465946
16190000000,42489707
16200000000,42513305
16210000000,42536971
16220000000,42560814
16230000000,42584779
16240000000,42608842
16250000000,42632747
16260000000,42656533
16270000000,42680442
16280000000,42704301
16290000000,42727940
16300000000,42751615
16310000000,42775560
16320000000,42799492
16330000000,42823211
16340000000,42847088
16350000000,42871030
16360000000,42895216
16370000000,42919232
16380000000,42942944
16390000000,42966612
16400000000,42990508
16410000000,43014298
16420000000,43037928
16430000000,43061782
16440000000,43085510
16450000000,43109212
16460000000,43133110
16470000000,43156943
16480000000,43180703
16490000000,43204342
16500000000,43228172
16510000000,43252301
16520000000,43276274
16530000000,43300266
16540000000,43324014
16550000000,43348022
16560000000,43371855
16570000000,43395651
16580000000,43419526
16590000000,43443469
16600000000,43467372
16610000000,43491363
16620000000,43515329
16630000000,43539221
16640000000,43563034
16650000000,43586959
16660000000,43610753
16670000000,43634579
16680000000,43658538
16690000000,43682259
16700000000,43706165
16710000000,43729726
16720000000,43753522
16730000000,43777357
16740000000,43801076
16750000000,43824738
16760000000,43848549
16770000000,43872476
16780000000,43896509
16790000000,43920269
16800000000,43944013
16810000000,43967633
16820000000,43991434
16830000000,44015329
16840000000,44039268
16850000000,44063008
16860000000,44087020
16870000000,44110942
16880000000,44134810
16890000000,44158714
16900000000,44182543
16910000000,44206417
16920000000,44230141
16930000000,44254067
16940000000,44277690
16950000000,44301763
16960000000,44325283
16970000000,44349068
16980000000,44372988
16990000000,44396778
17000000000,44420444
17010000000,44444439
17020000000,44468298
17030000000,44491961
17040000000,44515724
17050000000,44539483
17060000000,44563359
17070000000,44587077
17080000000,44611051
17090000000,44634865
17100000000,44658785
17110000000,44682888
17120000000,44706703
17130000000,44730485
17140000000,44754433
17150000000,44778200
17160000000,44801975
17170000000,44825857
17180000000,44849755
17190000000,44873528
17200000000,44897395
17210000000,44921387
17220000000,44945069
17230000000,44968685
17240000000,44992335
17250000000,45015981
17260000000,45039721
17270000000,45063493
17280000000,45087366
17290000000,45111025
17300000000,45134757
17310000000,45158466
17320000000,45182243
17330000000,45206139
17340000000,45229927
17350000000,45253759
17360000000,45277462
17370000000,45301297
17380000000,45325263
17390000000,45349025
17400000000,45372884
17410000000,45396311
17420000000,45420126
17430000000,45443994
17440000000,45467753
17450000000,45491321
17460000000,45514799
17470000000,45538473
17480000000,45562321
17490000000,45586158
17500000000,45609758
17510000000,45633461
17520000000,45657508
17530000000,45681277
17540000000,45704975
17550000000,45728643
17560000000,45752394
17570000000,45776241
17580000000,45799977
17590000000,45823915
17600000000,45847474
17610000000,45870889
17620000000,45894472
17630000000,45917877
17640000000,45941622
17650000000,45965180
17660000000,45988824
17670000000,46012338
17680000000,46035977
17690000000,46059797
17700000000,46083754
17710000000,46107367
17720000000,46131414
17730000000,46155051
17740000000,46178750
17750000000,46202431
17760000000,46226086
17770000000,46249679
17780000000,46273365
17790000000,46297041
17800000000,46320757
17810000000,46344367
17820000000,46368028
17830000000,46391821
17840000000,46415604
17850000000,46439431
17860000000,46463255
17870000000,46486982
17880000000,46510829
17890000000,46534493
17900000000,46557970
17910000000,46581735
17920000000,46605397
17930000000,46629085
17940000000,46652763
17950000000,46676495
17960000000,46700188
17970000000,46723681
17980000000,46747391
17990000000,46771025
18000000000,46794794
18010000000,46818491
18020000000,46842321
18030000000,46865895
18040000000,46889798
18050000000,46913498
18060000000,46937293
18070000000,46961102
18080000000,46984897
18090000000,47008605
18100000000,47032055
18110000000,47055992
18120000000,47079791
18130000000,47103472
18140000000,47127134
18150000000,47150624
18160000000,47174267
18170000000,47198085
18180000000,47221824
18190000000,47245280
18200000000,47269001
18210000000,47292633
18220000000,47316105
18230000000,47339749
18240000000,47363377
18250000000,47386972
18260000000,47410749
18270000000,47434446
18280000000,47457980
18290000000,47481595
18300000000,47505150
18310000000,47528676
18320000000,47552167
18330000000,47575900
18340000000,47599588
18350000000,47623230
18360000000,47646789
18370000000,47670383
18380000000,47694034
18390000000,47717734
18400000000,47741455
18410000000,47765130
18420000000,47788606
18430000000,47812142
18440000000,47835703
18450000000,47859233
18460000000,47882863
18470000000,47906328
18480000000,47930110
18490000000,47953833
18500000000,47977644
18510000000,48001156
18520000000,48024752
18530000000,48048091
18540000000,48071613
18550000000,48095091
18560000000,48118772
18570000000,48142322
18580000000,48165794
18590000000,48189645
18600000000,48213347
18610000000,48236881
18620000000,48260609
18630000000,48284309
18640000000,48308089
18650000000,48331613
18660000000,48355494
18670000000,48379137
18680000000,48402733
18690000000,48426513
18700000000,48450274
18710000000,48473949
18720000000,48497581
18730000000,48521043
18740000000,48544559
18750000000,48568205
18760000000,48591836
18770000000,48615201
18780000000,48638929
18790000000,48662452
18800000000,48686170
18810000000,48709558
18820000000,48733010
18830000000,48756400
18840000000,48780014
18850000000,48803571
18860000000,48827074
18870000000,48850758
18880000000,48874525
18890000000,48898121
18900000000,48921623
18910000000,48945112
18920000000,48968904
18930000000,48992382
18940000000,49015946
18950000000,49039448
18960000000,49062887
18970000000,49086290
18980000000,49109882
18990000000,49133296
19000000000,49156910
19010000000,49180422
19020000000,49204011
19030000000,49227410
19040000000,49251077
19050000000,49274696
19060000000,49298082
19070000000,49321564
19080000000,49345084
19090000000,49368609
19100000000,49392410
19110000000,49415921
19120000000,49439615
19130000000,49463185
19140000000,49486847
19150000000,49510522
19160000000,49534067
19170000000,49557723
19180000000,49581161
19190000000,49604757
19200000000,49628276
19210000000,49651736
19220000000,49675030
19230000000,49698441
19240000000,49721948
19250000000,49745394
19260000000,49768858
19270000000,49792406
19280000000,49815820
19290000000,49839290
19300000000,49862648
19310000000,49886022
19320000000,49909712
19330000000,49933517
19340000000,49957277
19350000000,49980823
19360000000,50004463
19370000000,50028044
19380000000,50051576
19390000000,50075109
19400000000,50098759
19410000000,50122429
19420000000,50146062
19430000000,50169562
19440000000,50193085
19450000000,50216703
19460000000,50240364
19470000000,50263920
19480000000,50287220
19490000000,50310788
19500000000,50334296
19510000000,50357908
19520000000,50381502
19530000000,50404912
19540000000,50428322
19550000000,50451821
19560000000,50475350
19570000000,50498796
19580000000,50522218
19590000000,50545741
19600000000,50569168
19610000000,50592824
19620000000,50616186
19630000000,50639840
19640000000,50663437
19650000000,50686841
19660000000,50710538
19670000000,50734023
19680000000,50757508
19690000000,50781068
19700000000,50804505
19710000000,50827993
19720000000,50851446
19730000000,50875133
19740000000,50898851
19750000000,50922307
19760000000,50945659
19770000000,50969290
19780000000,50992697
19790000000,51016205
19800000000,51039523
19810000000,51062798
19820000000,51086497
19830000000,51110061
19840000000,51133567
19850000000,51157048
19860000000,51180532
19870000000,51203991
19880000000,51227289
19890000000,51250692
19900000000,51274154
19910000000,51297634
19920000000,51321104
19930000000,51344641
19940000000,51368128
19950000000,51391599
19960000000,51415090
19970000000,51438495
19980000000,51462008
19990000000,51485484
20000000000,51509099
20010000000,51532517
20020000000,51555982
20030000000,51579473
20040000000,51603012
20050000000,51626426
20060000000,51649848
20070000000,51673523
20080000000,51696971
20090000000,51720453
20100000000,51744075
20110000000,51767540
20120000000,51791001
20130000000,51814402
20140000000,51837862
20150000000,51861261
20160000000,51884550
20170000000,51907993
20180000000,51931436
20190000000,51954802
20200000000,51978325
20210000000,52001939
20220000000,52025511
20230000000,52049052
20240000000,52072442
20250000000,52095868
20260000000,52119302
20270000000,52142787
20280000000,52166241
20290000000,52189572
20300000000,52213093
20310000000,52236539
20320000000,52259846
20330000000,52283330
20340000000,52306679
20350000000,52329775
20360000000,52353331
20370000000,52376746
20380000000,52400129
20390000000,52423609
20400000000,52447107
20410000000,52470446
20420000000,52493566
20430000000,52517029
20440000000,52540382
20450000000,52563923
20460000000,52587400
20470000000,52610791
20480000000,52633993
20490000000,52657331
20500000000,52680631
20510000000,52704045
20520000000,52727705
20530000000,52751068
20540000000,52774690
20550000000,52798272
20560000000,52821499
20570000000,52844851
20580000000,52868265
20590000000,52891759
20600000000,52915068
20610000000,52938355
20620000000,52961928
20630000000,52985308
20640000000,53008783
20650000000,53032209
20660000000,53055529
20670000000,53078960
20680000000,53102551
20690000000,53126005
20700000000,53149273
20710000000,53172863
20720000000,53195915
20730000000,53219232
20740000000,53242832
20750000000,53266152
20760000000,53289551
20770000000,53312816
20780000000,53336291
20790000000,53359673
20800000000,53383009
20810000000,53406571
20820000000,53430088
20830000000,53453579
20840000000,53476876
20850000000,53500376
20860000000,53523746
20870000000,53547053
20880000000,53570402
20890000000,53593822
20900000000,53617122
20910000000,53640633
20920000000,53664039
20930000000,53687721
20940000000,53711121
20950000000,53734545
20960000000,53757802
20970000000,53781180
20980000000,53804560
20990000000,53827897
21000000000,53851286
21010000000,53874584
21020000000,53898023
21030000000,53921449
21040000000,53944790
21050000000,53968199
21060000000,53991622
21070000000,54015152
21080000000,54038735
21090000000,54062209
21100000000,54085638
21110000000,54109028
21120000000,54132242
21130000000,54155776
21140000000,54179161
21150000000,54202400
21160000000,54225864
21170000000,54249035
21180000000,54272241
21190000000,54295526
21200000000,54318857
21210000000,54342316
21220000000,54365686
21230000000,54388876
21240000000,54412007
21250000000,54435465
21260000000,54458874
21270000000,54482411
21280000000,54505871
21290000000,54529282
21300000000,54552702
21310000000,54576142
21320000000,54599513
21330000000,54622884
21340000000,54646402
21350000000,54669680
21360000000,54692885
21370000000,54716337
21380000000,54739682
21390000000,54763220
21400000000,54786509
21410000000,54809827
21420000000,54832910
21430000000,54856352
21440000000,54879630
21450000000,54903179
21460000000,54926620
21470000000,54950025
21480000000,54973342
21490000000,54996860
21500000000,55020156
21510000000,55043566
21520000000,55066811
21530000000,55090255
21540000000,55113490
21550000000,55136925
21560000000,55160219
21570000000,55183750
21580000000,55207219
21590000000,55230561
21600000000,55253942
21610000000,55277306
21620000000,55300768
21630000000,55324318
21640000000,55347592
21650000000,55370859
21660000000,55393988
21670000000,55417336
21680000000,55440640
21690000000,55464033
21700000000,55487496
21710000000,55510594
21720000000,55533941
21730000000,55557298
21740000000,55580565
21750000000,55603793
21760000000,55627157
21770000000,55650313
21780000000,55673446
21790000000,55696697
21800000000,55719945
21810000000,55743183
21820000000,55766325
21830000000,55789392
21840000000,55812640
21850000000,55835983
21860000000,55859277
21870000000,55882671
21880000000,55906056
21890000000,55929337
21900000000,55952731
21910000000,55975904
21920000000,55999252
21930000000,56022393
21940000000,56045478
21950000000,56068712
21960000000,56092133
21970000000,56115411
21980000000,56138729
21990000000,56161749
22000000000,56185151
22010000000,56208413
22020000000,56231482
22030000000,56254738
22040000000,56277915
22050000000,56301321
22060000000,56324565
22070000000,56347834
22080000000,56370983
22090000000,56394072
22100000000,56417169
22110000000,56440701
22120000000,56463857
22130000000,56487261
22140000000,56510472
22150000000,56533704
22160000000,56557238
22170000000,56580416
22180000000,56603505
22190000000,56626596
22200000000,56649872
22210000000,56673067
22220000000,56696267
22230000000,56719404
22240000000,56742595
22250000000,56765720
22260000000,56788838
22270000000,56812035
22280000000,56835319
22290000000,56858414
22300000000,56881775
22310000000,56904828
22320000000,56928087
22330000000,56951300
22340000000,56974467
22350000000,56997521
22360000000,57020579
22370000000,57043900
22380000000,57067180
22390000000,57090411
22400000000,57113687
22410000000,57136919
22420000000,57160189
22430000000,57183551
22440000000,57206779
22450000000,57230039
22460000000,57253136
22470000000,57276610
22480000000,57299694
22490000000,57322998
22500000000,57346146
22510000000,57369468
22520000000,57392814
22530000000,57416256
22540000000,57439421
22550000000,57462507
22560000000,57485985
22570000000,57509309
22580000000,57532602
22590000000,57555888
22600000000,57578828
22610000000,57602145
22620000000,57625271
22630000000,57648455
22640000000,57671782
22650000000,57695079
22660000000,57718291
22670000000,57741445
22680000000,57764675
22690000000,57788032
22700000000,57811085
22710000000,57834393
22720000000,57857611
22730000000,57880996
22740000000,57904131
22750000000,57927353
22760000000,57950536
22770000000,57973724
22780000000,57996688
22790000000,58019964
22800000000,58043068
22810000000,58066329
22820000000,58089585
22830000000,58113004
22840000000,58136208
22850000000,58159267
22860000000,58182317
22870000000,58205536
22880000000,58228609
22890000000,58251678
22900000000,58274947
22910000000,58298233
22920000000,58321554
22930000000,58344782
22940000000,58367988
22950000000,58391197
22960000000,58414384
22970000000,58437791
22980000000,58461234
22990000000,58484605
23000000000,58507847
23010000000,58531045
23020000000,58554320
23030000000,58577354
23040000000,58600623
23050000000,58623930
23060000000,58647005
23070000000,58670282
23080000000,58693471
23090000000,58716785
23100000000,58739914
23110000000,58763155
23120000000,58786373
23130000000,58809594
23140000000,58832577
23150000000,58855596
23160000000,58878671
23170000000,58901658
23180000000,58924674
23190000000,58947934
23200000000,58971025
23210000000,58994118
23220000000,59017321
23230000000,59040388
23240000000,59063601
23250000000,59086877
23260000000,59109974
23270000000,59133231
23280000000,59156454
23290000000,59179680
23300000000,59202915
23310000000,59226218
23320000000,59249258
23330000000,59272218
23340000000,59295344
23350000000,59318530
23360000000,59341474
23370000000,59364664
23380000000,59387904
23390000000,59411018
23400000000,59433938
23410000000,59457144
23420000000,59480572
23430000000,59503601
23440000000,59526922
23450000000,59549966
23460000000,59573219
23470000000,59596438
23480000000,59619730
23490000000,59643038
23500000000,59666079
23510000000,59689334
23520000000,59712404
23530000000,59735451
23540000000,59758436
23550000000,59781540
23560000000,59804712
23570000000,59828061
23580000000,59851010
23590000000,59874153
23600000000,59897110
23610000000,59920360
23620000000,59943511
23630000000,59966765
23640000000,59990092
23650000000,60013240
23660000000,60036284
23670000000,60059379
23680000000,60082501
23690000000,60105606
23700000000,60128655
23710000000,60151816
23720000000,60174915
23730000000,60197919
23740000000,60220798
23750000000,60244081
23760000000,60267285
23770000000,60290626
23780000000,60313629
23790000000,60336676
23800000000,60359659
23810000000,60382631
23820000000,60405938
23830000000,60429225
23840000000,60452387
23850000000,60475650
23860000000,60498707
23870000000,60521639
23880000000,60544701
23890000000,60567784
23900000000,60590864
23910000000,60614091
23920000000,60637119
23930000000,60660519
23940000000,60683609
23950000000,60706626
23960000000,60729570
23970000000,60752680
23980000000,60775770
23990000000,60799073
24000000000,60822299
24010000000,60845460
24020000000,60868648
24030000000,60891756
24040000000,60915037
24050000000,60938287
24060000000,60961099
24070000000,60984080
24080000000,61007064
24090000000,61030140
24100000000,61053276
24110000000,61076499
24120000000,61099390
24130000000,61122719
24140000000,61145733
24150000000,61168899
24160000000,61192024
24170000000,61215158
24180000000,61238040
24190000000,61261038
24200000000,61284058
24210000000,61307291
24220000000,61330452
24230000000,61353525
24240000000,61376705
24250000000,61399938
24260000000,61423031
24270000000,61446143
24280000000,61469285
24290000000,61492381
24300000000,61515599
24310000000,61538681
24320000000,61561924
24330000000,61584775
24340000000,61607850
24350000000,61631048
24360000000,61654087
24370000000,61677266
24380000000,61700527
24390000000,61723636
24400000000,61746906
24410000000,61769801
24420000000,61792655
24430000000,61815943
24440000000,61838647
24450000000,61862029
24460000000,61885029
24470000000,61907850
24480000000,61930802
24490000000,61954163
24500000000,61977375
24510000000,62000299
24520000000,62023330
24530000000,62046469
24540000000,62069315
24550000000,62092531
24560000000,62115715
24570000000,62138856
24580000000,62162038
24590000000,62184921
24600000000,62207817
24610000000,62230461
24620000000,62253436
24630000000,62276490
24640000000,62299728
24650000000,62322873
24660000000,62346109
24670000000,62369241
24680000000,62392311
24690000000,62415472
24700000000,62438242
24710000000,62461296
24720000000,62484197
24730000000,62507017
24740000000,62529972
24750000000,62552924
24760000000,62575932
24770000000,62598899
24780000000,62622040
24790000000,62645073
24800000000,62668052
24810000000,62691167
24820000000,62714216
24830000000,62737120
24840000000,62760002
24850000000,62782896
24860000000,62806026
24870000000,62828944
24880000000,62852028
24890000000,62875019
24900000000,62897999
24910000000,62921158
24920000000,62944136
24930000000,62967214
24940000000,62990161
24950000000,63013505
24960000000,63036608
24970000000,63059620
24980000000,63082703
24990000000,63105817
25000000000,63128979
25010000000,63152075
25020000000,63175117
25030000000,63197942
25040000000,63221119
25050000000,63244051
25060000000,63266980
25070000000,63289929
25080000000,63312918
25090000000,63336026
25100000000,63358743
25110000000,63381926
25120000000,63404758
25130000000,63428043
25140000000,63451089
25150000000,63474158
25160000000,63497206
25170000000,63520230
25180000000,63543311
25190000000,63566451
25200000000,63589237
25210000000,63612453
25220000000,63635608
25230000000,63658476
25240000000,63681451
25250000000,63704420
25260000000,63727206
25270000000,63750236
25280000000,63773390
25290000000,63796388
25300000000,63819084
25310000000,63842137
25320000000,63865063
25330000000,63888133
25340000000,63911207
25350000000,63934120
25360000000,63957253
25370000000,63980297
25380000000,64003347
25390000000,64026317
25400000000,64049062
25410000000,64072117
25420000000,64095020
25430000000,64117936
25440000000,64140746
25450000000,64163600
25460000000,64186687
25470000000,64209510
25480000000,64232374
25490000000,64255316
25500000000,64278234
25510000000,64301082
25520000000,64324054
25530000000,64347053
25540000000,64370119
25550000000,64393058
25560000000,64416222
25570000000,64439164
25580000000,64462135
25590000000,64485295
25600000000,64508315
25610000000,64531403
25620000000,64554075
25630000000,64577078
25640000000,64600152
25650000000,64623148
25660000000,64646146
25670000000,64669098
25680000000,64692212
25690000000,64715245
25700000000,64738103
25710000000,64760933
25720000000,64783971
25730000000,64806941
25740000000,64829970
25750000000,64852708
25760000000,64875788
25770000000,64898752
25780000000,64921707
25790000000,64944684
25800000000,64967709
25810000000,64990980
25820000000,65014039
25830000000,65036904
25840000000,65059895
25850000000,65083087
25860000000,65105837
25870000000,65128784
25880000000,65151585
25890000000,65174642
25900000000,65197538
25910000000,65220338
25920000000,65243355
25930000000,65266415
25940000000,65289277
25950000000,65312318
25960000000,65335191
25970000000,65358094
25980000000,65381126
25990000000,65403958
26000000000,65426926
26010000000,65449758
26020000000,65472661
26030000000,65495539
26040000000,65518473
26050000000,65541577
26060000000,65564465
26070000000,65587361
26080000000,65610349
26090000000,65633359
26100000000,65656479
26110000000,65679570
26120000000,65702594
26130000000,65725614
26140000000,65748435
26150000000,65771274
26160000000,65794385
26170000000,65817362
26180000000,65840208
26190000000,65863294
26200000000,65886186
26210000000,65909208
26220000000,65932182
26230000000,65955148
26240000000,65978082
26250000000,66000849
26260000000,66023906
26270000000,66046738
26280000000,66069734
26290000000,66092593
26300000000,66115464
26310000000,66138561
26320000000,66161593
26330000000,66184622
26340000000,66207737
26350000000,66230799
26360000000,66253746
26370000000,66276660
26380000000,66299819
26390000000,66322805
26400000000,66345638
26410000000,66368396
26420000000,66391333
26430000000,66414348
26440000000,66437100
26450000000,66460167
26460000000,66483028
26470000000,66505842
26480000000,66528534
26490000000,66551483
26500000000,66574330
26510000000,66597111
26520000000,66619965
26530000000,66642994
26540000000,66665981
26550000000,66688794
26560000000,66711570
26570000000,66734594
26580000000,66757106
26590000000,66779775
26600000000,66802947
26610000000,66826056
26620000000,66848766
26630000000,66871547
26640000000,66894427
26650000000,66917125
26660000000,66939961
26670000000,66962909
26680000000,66985741
26690000000,67008513
26700000000,67031431
26710000000,67054500
26720000000,67077669
26730000000,67100642
26740000000,67123399
26750000000,67146156
26760000000,67169003
26770000000,67191807
26780000000,67214744
26790000000,67237525
26800000000,67260303
26810000000,67283193
26820000000,67305920
26830000000,67328657
26840000000,67351493
26850000000,67374274
26860000000,67397393
26870000000,67420169
26880000000,67443240
26890000000,67466235
26900000000,67488827
26910000000,67511710
26920000000,67534591
26930000000,67557419
26940000000,67580400
26950000000,67603188
26960000000,67626057
26970000000,67648824
26980000000,67671743
26990000000,67694577
27000000000,67717627
27010000000,67740484
27020000000,67763229
27030000000,67786203
27040000000,67809040
27050000000,67831815
27060000000,67854689
27070000000,67877760
27080000000,67900537
27090000000,67923540
27100000000,67946257
27110000000,67968965
27120000000,67991731
27130000000,68014456
27140000000,68037362
27150000000,68060080
27160000000,68083003
27170000000,68105851
27180000000,68128867
27190000000,68151850
27200000000,68174708
27210000000,68197705
27220000000,68220457
27230000000,68243488
27240000000,68266378
27250000000,68289223
27260000000,68311902
27270000000,68334761
27280000000,68357601
27290000000,68380431
27300000000,68403332
27310000000,68426268
27320000000,68449078
27330000000,68471934
27340000000,68494774
27350000000,68517497
27360000000,68540448
27370000000,68563363
27380000000,68586135
27390000000,68609353
27400000000,68632359
27410000000,68655345
27420000000,68678248
27430000000,68701027
27440000000,68723723
27450000000,68746458
27460000000,68769534
27470000000,68792195
27480000000,68815137
27490000000,68837723
27500000000,68860661
27510000000,68883469
27520000000,68906305
27530000000,68929242
27540000000,68952212
27550000000,68975023
27560000000,68997682
27570000000,69020220
27580000000,69043272
27590000000,69066125
27600000000,69088834
27610000000,69111816
27620000000,69134670
27630000000,69157454
27640000000,69180406
27650000000,69203166
27660000000,69225875
27670000000,69248830
27680000000,69271925
27690000000,69295065
27700000000,69317915
27710000000,69340654
27720000000,69363228
27730000000,69385955
27740000000,69408900
27750000000,69431840
27760000000,69454677
27770000000,69477541
27780000000,69500385
27790000000,69523067
27800000000,69545884
27810000000,69568743
27820000000,69591532
27830000000,69614376
27840000000,69637291
27850000000,69660116
27860000000,69682989
27870000000,69705686
27880000000,69728468
27890000000,69751572
27900000000,69774254
27910000000,69797159
27920000000,69820189
27930000000,69842917
27940000000,69865695
27950000000,69888627
27960000000,69911465
27970000000,69934242
27980000000,69956986
27990000000,69980100
28000000000,70002839
28010000000,70025854
28020000000,70048695
28030000000,70071516
28040000000,70094252
28050000000,70117178
28060000000,70140002
28070000000,70162863
28080000000,70185685
28090000000,70208306
28100000000,70231307
28110000000,70254292
28120000000,70277091
28130000000,70299686
28140000000,70322547
28150000000,70345435
28160000000,70368099
28170000000,70391066
28180000000,70413867
28190000000,70436659
28200000000,70459524
28210000000,70482349
28220000000,70505205
28230000000,70528001
28240000000,70550792
28250000000,70573745
28260000000,70596631
28270000000,70619448
28280000000,70642148
28290000000,70665197
28300000000,70687991
28310000000,70710696
28320000000,70733827
28330000000,70756499
28340000000,70779326
28350000000,70802071
28360000000,70824861
28370000000,70847753
28380000000,70870578
28390000000,70893450
28400000000,70916027
28410000000,70938681
28420000000,70961226
28430000000,70984203
28440000000,71007041
28450000000,71029904
28460000000,71052809
28470000000,71075415
28480000000,71098403
28490000000,71121396
28500000000,71144403
28510000000,71167080
28520000000,71190011
28530000000,71212980
28540000000,71235864
28550000000,71258540
28560000000,71281261
28570000000,71303998
28580000000,71326689
28590000000,71349524
28600000000,71372328
28610000000,71395341
28620000000,71418267
28630000000,71441043
28640000000,71463894
28650000000,71486539
28660000000,71509199
28670000000,71532153
28680000000,71554741
28690000000,71577423
28700000000,71600090
28710000000,71622716
28720000000,71645406
28730000000,71668110
28740000000,71691063
28750000000,71713614
28760000000,71736451
28770000000,71759204
28780000000,71782164
28790000000,71804761
28800000000,71827399
28810000000,71850015
28820000000,71872654
28830000000,71895583
28840000000,71918282
28850000000,71941143
28860000000,71964151
28870000000,71987097
28880000000,72009764
28890000000,72032729
28900000000,72055438
28910000000,72078101
28920000000,72100956
28930000000,72123735
28940000000,72146745
28950000000,72169529
28960000000,72192273
28970000000,72214992
28980000000,72237859
28990000000,72260585
29000000000,72283281
29010000000,72305975
29020000000,72328834
29030000000,72351605
29040000000,72374259
29050000000,72396968
29060000000,72419707
29070000000,72442467
29080000000,72465253
29090000000,72487876
29100000000,72510447
29110000000,72533294
29120000000,72556174
29130000000,72579040
29140000000,72601744
29150000000,72624542
29160000000,72647279
29170000000,72669987
29180000000,72692849
29190000000,72715331
29200000000,72738052
29210000000,72760766
29220000000,72783718
29230000000,72806461
29240000000,72829216
29250000000,72852093
29260000000,72874912
29270000000,72897806
29280000000,72920701
29290000000,72943154
29300000000,72965808
29310000000,72988395
29320000000,73011260
29330000000,73034019
29340000000,73056633
29350000000,73079470
29360000000,73102405
29370000000,73125148
29380000000,73147820
29390000000,73170519
29400000000,73193230
29410000000,73215878
29420000000,73238315
29430000000,73261319
29440000000,73284070
29450000000,73306961
29460000000,73329516
29470000000,73352405
29480000000,73375031
29490000000,73397791
29500000000,73420480
29510000000,73443345
29520000000,73465996
29530000000,73489075
29540000000,73511714
29550000000,73534248
29560000000,73556856
29570000000,73579691
29580000000,73602373
29590000000,73624968
29600000000,73647610
29610000000,73670248
29620000000,73692696
29630000000,73715590
29640000000,73738199
29650000000,73761104
29660000000,73783898
29670000000,73806622
29680000000,73829360
29690000000,73851905
29700000000,73874594
29710000000,73897247
29720000000,73920012
29730000000,73942813
29740000000,73965584
29750000000,73988390
29760000000,74010854
29770000000,74033620
29780000000,74056443
29790000000,74079152
29800000000,74101740
29810000000,74124627
29820000000,74147257
29830000000,74169873
29840000000,74192559
29850000000,74215186
29860000000,74238145
29870000000,74261147
29880000000,74283826
29890000000,74306483
29900000000,74329117
29910000000,74352032
29920000000,74374750
29930000000,74397299
29940000000,74419989
29950000000,74442677
29960000000,74465133
29970000000,74487888
29980000000,74510319
29990000000,74533117
30000000000,74555618
30010000000,74578334
30020000000,74601164
30030000000,74623831
30040000000,74646473
30050000000,74669048
30060000000,74691676
30070000000,74714275
30080000000,74736867
30090000000,74759593
30100000000,74782113
30110000000,74804990
30120000000,74827409
30130000000,74850126
30140000000,74872838
30150000000,74895490
30160000000,74918149
30170000000,74940759
30180000000,74963393
30190000000,74986130
30200000000,75008939
30210000000,75031756
30220000000,75054221
30230000000,75077003
30240000000,75099853
30250000000,75122290
30260000000,75144918
30270000000,75167491
30280000000,75189969
30290000000,75212447
30300000000,75235075
30310000000,75257765
30320000000,75280439
30330000000,75303078
30340000000,75325591
30350000000,75348184
30360000000,75370829
30370000000,75393499
30380000000,75416102
30390000000,75438681
30400000000,75461185
30410000000,75483783
30420000000,75506434
30430000000,75529072
30440000000,75551794
30450000000,75574475
30460000000,75597157
30470000000,75619837
30480000000,75642479
30490000000,75665254
30500000000,75687845
30510000000,75710250
30520000000,75733068
30530000000,75755777
30540000000,75778371
30550000000,75801163
30560000000,75823910
30570000000,75846538
30580000000,75869225
30590000000,75891997
30600000000,75914669
30610000000,75937176
30620000000,75959874
30630000000,75982469
30640000000,76004921
30650000000,76027557
30660000000,76050295
30670000000,76072795
30680000000,76095283
30690000000,76117912
30700000000,76140640
30710000000,76163374
30720000000,76185994
30730000000,76208511
30740000000,76230973
30750000000,76253818
30760000000,76276453
30770000000,76299152
30780000000,76321644
30790000000,76344240
30800000000,76366830
30810000000,76389432
30820000000,76412060
30830000000,76434832
30840000000,76457371
30850000000,76479992
30860000000,76502810
30870000000,76525227
30880000000,76547970
30890000000,76570597
30900000000,76593005
30910000000,76615653
30920000000,76638467
30930000000,76661247
30940000000,76683838
30950000000,76706360
30960000000,76728899
30970000000,76751343
30980000000,76773905
30990000000,76796522
31000000000,76818877
31010000000,76841724
31020000000,76864047
31030000000,76886689
31040000000,76909225
31050000000,76931711
31060000000,76954371
31070000000,76976944
31080000000,76999549
31090000000,77022386
31100000000,77044970
31110000000,77067521
31120000000,77090022
31130000000,77112663
31140000000,77135135
31150000000,77157835
31160000000,77180462
31170000000,77203060
31180000000,77225686
31190000000,77248351
31200000000,77271022
31210000000,77293439
31220000000,77316161
31230000000,77338719
31240000000,77361396
31250000000,77384079
31260000000,77406577
31270000000,77429064
31280000000,77451805
31290000000,77474501
31300000000,77497105
31310000000,77519827
31320000000,77542506
31330000000,77564909
31340000000,77587695
31350000000,77610329
31360000000,77632867
31370000000,77655447
31380000000,77677869
31390000000,77700333
31400000000,77722950
31410000000,77745632
31420000000,77768234
31430000000,77791154
31440000000,77813691
31450000000,77836112
31460000000,77858695
31470000000,77881395
31480000000,77904002
31490000000,77926569
31500000000,77949038
31510000000,77971738
31520000000,77994412
31530000000,78017198
31540000000,78039721
31550000000,78062359
31560000000,78085043
31570000000,78107474
31580000000,78129866
31590000000,78152476
31600000000,78175379
31610000000,78197952
31620000000,78220679
31630000000,78243195
31640000000,78265837
31650000000,78288448
31660000000,78311231
31670000000,78333781
31680000000,78356323
31690000000,78378904
31700000000,78401342
31710000000,78424004
31720000000,78446654
31730000000,78469072
31740000000,78491513
31750000000,78514155
31760000000,78536620
31770000000,78559054
31780000000,78581679
31790000000,78604207
31800000000,78626695
31810000000,78649327
31820000000,78672114
31830000000,78694737
31840000000,78717302
31850000000,78739953
31860000000,78762570
31870000000,78785208
31880000000,78807615
31890000000,78830104
31900000000,78852594
31910000000,78875090
31920000000,78897482
31930000000,78920079
31940000000,78942663
31950000000,78965032
31960000000,78987462
31970000000,79009997
31980000000,79032684
31990000000,79055130
32000000000,79078021
32010000000,79100561
32020000000,79123188
32030000000,79145680
32040000000,79168230
32050000000,79190870
32060000000,79213561
32070000000,79235972
32080000000,79258425
32090000000,79281038
32100000000,79303694
32110000000,79325967
32120000000,79348504
32130000000,79371084
32140000000,79393686
32150000000,79416161
32160000000,79438625
32170000000,79461297
32180000000,79483759
32190000000,79506188
32200000000,79528731
32210000000,79551232
32220000000,79573712
32230000000,79596296
32240000000,79618790
32250000000,79641402
32260000000,79664051
32270000000,79686579
32280000000,79709356
32290000000,79731822
32300000000,79754589
32310000000,79777314
32320000000,79799881
32330000000,79822452
32340000000,79844801
32350000000,79867563
32360000000,79890090
32370000000,79912580
32380000000,79934958
32390000000,79957423
32400000000,79979960
32410000000,80002665
32420000000,80025159
32430000000,80047617
32440000000,80070280
32450000000,80092766
32460000000,80115339
32470000000,80137998
32480000000,80160539
32490000000,80183086
32500000000,80205565
32510000000,80228281
32520000000,80250798
32530000000,80273378
32540000000,80295738
32550000000,80318133
32560000000,80340639
32570000000,80363316
32580000000,80385826
32590000000,80408345
32600000000,80430888
32610000000,80453217
32620000000,80475681
32630000000,80498499
32640000000,80520922
32650000000,80543291
32660000000,80565676
32670000000,80588211
32680000000,80610618
32690000000,80633272
32700000000,80655974
32710000000,80678577
32720000000,80701114
32730000000,80723655
32740000000,80746226
32750000000,80768824
32760000000,80791610
32770000000,80814307
32780000000,80836756
32790000000,80859184
32800000000,80881482
32810000000,80903952
32820000000,80926402
32830000000,80948825
32840000000,80971496
32850000000,80993962
32860000000,81016358
32870000000,81038916
32880000000,81061417
32890000000,81083715
32900000000,81106038
32910000000,81128617
32920000000,81150816
32930000000,81173149
32940000000,81195890
32950000000,81218359
32960000000,81240942
32970000000,81263523
32980000000,81286082
32990000000,81308492
33000000000,81331281
33010000000,81353801
33020000000,81376248
33030000000,81398695
33040000000,81421107
33050000000,81443635
33060000000,81466165
33070000000,81488621
33080000000,81511146
33090000000,81533394
33100000000,81555774
33110000000,81578135
33120000000,81600700
33130000000,81623364
33140000000,81645902
33150000000,81668485
33160000000,81691150
33170000000,81713679
33180000000,81736223
33190000000,81758746
33200000000,81781090
33210000000,81803701
33220000000,81826252
33230000000,81848649
33240000000,81871180
33250000000,81893813
33260000000,81916375
33270000000,81938956
33280000000,81961565
33290000000,81984006
33300000000,82006145
33310000000,82028794
33320000000,82051424
33330000000,82074007
33340000000,82096405
33350000000,82118634
33360000000,82141211
33370000000,82163664
33380000000,82186154
33390000000,82208569
33400000000,82231145
33410000000,82253615
33420000000,82276161
33430000000,82298361
33440000000,82320970
33450000000,82343684
33460000000,82366097
33470000000,82388576
33480000000,82410879
33490000000,82433116
33500000000,82455676
33510000000,82478133
33520000000,82500717
33530000000,82523034
33540000000,82545525
33550000000,82567902
33560000000,82590217
33570000000,82612607
33580000000,82635024
33590000000,82657507
33600000000,82679860
33610000000,82702188
33620000000,82724851
33630000000,82747191
33640000000,82769483
33650000000,82791936
33660000000,82814399
33670000000,82836991
33680000000,82859576
33690000000,82881956
33700000000,82904413
33710000000,82926832
33720000000,82949332
33730000000,82971833
33740000000,82994356
33750000000,83016966
33760000000,83039416
33770000000,83061761
33780000000,83084341
33790000000,83106667
33800000000,83129150
33810000000,83151597
33820000000,83174135
33830000000,83196764
33840000000,83219241
33850000000,83241626
33860000000,83263997
33870000000,83286322
33880000000,83308921
33890000000,83331257
33900000000,83353712
33910000000,83376120
33920000000,83398635
33930000000,83421146
33940000000,83443418
33950000000,83465735
33960000000,83488061
33970000000,83510563
33980000000,83533100
33990000000,83555535
34000000000,83577878
34010000000,83600160
34020000000,83622689
34030000000,83645238
34040000000,83667552
34050000000,83690070
34060000000,83712228
34070000000,83734457
34080000000,83756710
34090000000,83779299
34100000000,83801625
34110000000,83823750
34120000000,83846002
34130000000,83868358
34140000000,83890857
34150000000,83913364
34160000000,83935907
34170000000,83958503
34180000000,83980878
34190000000,84003357
34200000000,84025670
34210000000,84048205
34220000000,84070733
34230000000,84093104
34240000000,84115346
34250000000,84138009
34260000000,84160505
34270000000,84183062
34280000000,84205581
34290000000,84228077
34300000000,84250715
34310000000,84273197
34320000000,84295601
34330000000,84317892
34340000000,84340372
34350000000,84362535
34360000000,84385070
34370000000,84407482
34380000000,84430123
34390000000,84452618
34400000000,84475055
34410000000,84497512
34420000000,84520005
34430000000,84542553
34440000000,84565156
34450000000,84587601
34460000000,84610005
34470000000,84632442
34480000000,84654845
34490000000,84677269
34500000000,84699631
34510000000,84722013
34520000000,84744356
34530000000,84766765
34540000000,84789222
34550000000,84811610
34560000000,84833791
34570000000,84856383
34580000000,84878868
34590000000,84901190
34600000000,84923607
34610000000,84945968
34620000000,84968169
34630000000,84990533
34640000000,85013261
34650000000,85035645
34660000000,85058188
34670000000,85080544
34680000000,85102846
34690000000,85125011
34700000000,85147311
34710000000,85169847
34720000000,85192076
34730000000,85214405
34740000000,85236824
34750000000,85258999
34760000000,85281443
34770000000,85303747
34780000000,85326260
34790000000,85348530
34800000000,85370866
34810000000,85393169
34820000000,85415585
34830000000,85437997
34840000000,85460290
34850000000,85482740
34860000000,85505079
34870000000,85527350
34880000000,85549743
34890000000,85572177
34900000000,85594675
34910000000,85617044
34920000000,85639587
34930000000,85661939
34940000000,85684295
34950000000,85706875
34960000000,85729209
34970000000,85751465
34980000000,85773695
34990000000,85796079
35000000000,85818596
35010000000,85841001
35020000000,85863288
35030000000,85885851
35040000000,85908151
35050000000,85930581
35060000000,85952936
35070000000,85975378
35080000000,85997662
35090000000,86020068
35100000000,86042545
35110000000,86064881
35120000000,86087373
35130000000,86109998
35140000000,86132382
35150000000,86154638
35160000000,86177108
35170000000,86199490
35180000000,86221557
35190000000,86244216
35200000000,86266591
35210000000,86289152
35220000000,86311680
35230000000,86333940
35240000000,86356360
35250000000,86378659
35260000000,86400925
35270000000,86423380
35280000000,86445735
35290000000,86468093
35300000000,86490477
35310000000,86512806
35320000000,86535141
35330000000,86557555
35340000000,86580179
35350000000,86602610
35360000000,86625058
35370000000,86647347
35380000000,86669692
35390000000,86692179
35400000000,86714458
35410000000,86736786
35420000000,86759258
35430000000,86781784
35440000000,86804127
35450000000,86826564
35460000000,86849122
35470000000,86871670
35480000000,86894036
35490000000,86916441
35500000000,86938787
35510000000,86961134
35520000000,86983474
35530000000,87005959
35540000000,87028137
35550000000,87050507
35560000000,87072862
35570000000,87095172
35580000000,87117495
35590000000,87139720
35600000000,87162244
35610000000,87184610
35620000000,87206961
35630000000,87229222
35640000000,87251533
35650000000,87273833
35660000000,87296099
35670000000,87318531
35680000000,87341177
35690000000,87363338
35700000000,87385600
35710000000,87408020
35720000000,87430403
35730000000,87452870
35740000000,87474979
35750000000,87497530
35760000000,87519937
35770000000,87542225
35780000000,87564518
35790000000,87586944
35800000000,87609394
35810000000,87631610
35820000000,87654009
35830000000,87676243
35840000000,87698701
35850000000,87720943
35860000000,87743344
35870000000,87765916
35880000000,87788208
35890000000,87810352
35900000000,87832829
35910000000,87855126
35920000000,87877312
35930000000,87899640
35940000000,87922071
35950000000,87944575
35960000000,87967029
35970000000,87989175
35980000000,88011691
35990000000,88033879
36000000000,88056138
36010000000,88078356
36020000000,88100916
36030000000,88123225
36040000000,88145599
36050000000,88168223
36060000000,88190662
36070000000,88212996
36080000000,88235425
36090000000,88257681
36100000000,88279978
36110000000,88302256
36120000000,88324626
36130000000,88346896
36140000000,88369328
36150000000,88391583
36160000000,88414085
36170000000,88436479
36180000000,88458744
36190000000,88480900
36200000000,88503375
36210000000,88525659
36220000000,88547952
36230000000,88570288
36240000000,88592556
36250000000,88614692
36260000000,88637049
36270000000,88659493
36280000000,88682098
36290000000,88704540
36300000000,88726640
36310000000,88748964
36320000000,88771372
36330000000,88793775
36340000000,88816116
36350000000,88838440
36360000000,88860915
36370000000,88883324
36380000000,88905531
36390000000,88927597
36400000000,88950018
36410000000,88972367
36420000000,88994698
36430000000,89016772
36440000000,89039192
36450000000,89061789
36460000000,89083891
36470000000,89106204
36480000000,89128430
36490000000,89150791
36500000000,89173208
36510000000,89195365
36520000000,89217828
36530000000,89240285
36540000000,89262516
36550000000,89285007
36560000000,89307260
36570000000,89329552
36580000000,89351933
36590000000,89374204
36600000000,89396536
36610000000,89418677
36620000000,89440978
36630000000,89463420
36640000000,89485727
36650000000,89508002
36660000000,89530304
36670000000,89552658
36680000000,89575130
36690000000,89597407
36700000000,89619776
36710000000,89642034
36720000000,89664251
36730000000,89686376
36740000000,89708830
36750000000,89730943
36760000000,89753329
36770000000,89775825
36780000000,89797948
36790000000,89820098
36800000000,89842491
36810000000,89864954
36820000000,89887348
36830000000,89909526
36840000000,89931972
36850000000,89954315
36860000000,89976766
36870000000,89998949
36880000000,90021178
36890000000,90043489
36900000000,90065881
36910000000,90088307
36920000000,90110688
36930000000,90132954
36940000000,90155260
36950000000,90177330
36960000000,90199742
36970000000,90222076
36980000000,90244158
36990000000,90266416
37000000000,90288645
37010000000,90311080
37020000000,90333417
37030000000,90355746
37040000000,90378021
37050000000,90400305
37060000000,90422491
37070000000,90444644
37080000000,90467006
37090000000,90489236
37100000000,90511583
37110000000,90533901
37120000000,90556277
37130000000,90578464
37140000000,90600923
37150000000,90623369
37160000000,90645544
37170000000,90667608
37180000000,90690119
37190000000,90712456
37200000000,90734714
37210000000,90757126
37220000000,90779520
37230000000,90801752
37240000000,90824002
37250000000,90846402
37260000000,90868806
37270000000,90890996
37280000000,90913281
37290000000,90935743
37300000000,90958004
37310000000,90980327
37320000000,91002671
37330000000,91025022
37340000000,91047469
37350000000,91069681
37360000000,91091950
37370000000,91114300
37380000000,91136709
37390000000,91158675
37400000000,91181032
37410000000,91203197
37420000000,91225464
37430000000,91247487
37440000000,91269833
37450000000,91292391
37460000000,91314602
37470000000,91336687
37480000000,91359151
37490000000,91381605
37500000000,91403684
37510000000,91426214
37520000000,91448421
37530000000,91470476
37540000000,91492576
37550000000,91514926
37560000000,91537213
37570000000,91559288
37580000000,91581606
37590000000,91603988
37600000000,91626367
37610000000,91648563
37620000000,91671019
37630000000,91693340
37640000000,91715588
37650000000,91737890
37660000000,91760021
37670000000,91782252
37680000000,91804426
37690000000,91826491
37700000000,91848692
37710000000,91871048
37720000000,91893406
37730000000,91915356
37740000000,91937603
37750000000,91959734
37760000000,91981986
37770000000,92004274
37780000000,92026515
37790000000,92048682
37800000000,92070890
37810000000,92092996
37820000000,92114991
37830000000,92137249
37840000000,92159408
37850000000,92181612
37860000000,92204067
37870000000,92226450
37880000000,92248708
37890000000,92271028
37900000000,92293187
37910000000,92315593
37920000000,92337885
37930000000,92359863
37940000000,92382163
37950000000,92404373
37960000000,92426529
37970000000,92448557
37980000000,92470720
37990000000,92493059
38000000000,92515564
38010000000,92537972
38020000000,92560434
38030000000,92582729
38040000000,92605109
38050000000,92627329
38060000000,92649573
38070000000,92671612
38080000000,92694000
38090000000,92716187
38100000000,92738238
38110000000,92760483
38120000000,92782667
38130000000,92804901
38140000000,92827130
38150000000,92849527
38160000000,92871845
38170000000,92894149
38180000000,92916352
38190000000,92938534
38200000000,92960648
38210000000,92983043
38220000000,93005174
38230000000,93027387
38240000000,93049645
38250000000,93071751
38260000000,93094141
38270000000,93116320
38280000000,93138457
38290000000,93160814
38300000000,93183331
38310000000,93205722
38320000000,93227715
38330000000,93250017
38340000000,93272283
38350000000,93294472
38360000000,93316727
38370000000,93338969
38380000000,93361260
38390000000,93383778
38400000000,93405748
38410000000,93428149
38420000000,93450446
38430000000,93472856
38440000000,93494712
38450000000,93516628
38460000000,93538458
38470000000,93560768
38480000000,93583156
38490000000,93605516
38500000000,93627773
38510000000,93649934
38520000000,93671985
38530000000,93694138
38540000000,93716056
38550000000,93738192
38560000000,93760635
38570000000,93782834
38580000000,93805074
38590000000,93827394
38600000000,93849765
38610000000,93871837
38620000000,93893792
38630000000,93915878
38640000000,93938010
38650000000,93960291
38660000000,93982509
38670000000,94004989
38680000000,94027165
38690000000,94049568
38700000000,94071648
38710000000,94093858
38720000000,94116168
38730000000,94138213
38740000000,94160469
38750000000,94182668
38760000000,94204792
38770000000,94227051
38780000000,94249218
38790000000,94271598
38800000000,94293771
38810000000,94315835
38820000000,94337968
38830000000,94360162
38840000000,94382507
38850000000,94404610
38860000000,94426728
38870000000,94449064
38880000000,94471223
38890000000,94493088
38900000000,94515329
38910000000,94537347
38920000000,94559638
38930000000,94581793
38940000000,94603643
38950000000,94625878
38960000000,94648282
38970000000,94670494
38980000000,94692957
38990000000,94715216
39000000000,94737492
39010000000,94759853
39020000000,94782208
39030000000,94804311
39040000000,94826672
39050000000,94848719
39060000000,94870736
39070000000,94892767
39080000000,94914886
39090000000,94937170
39100000000,94959485
39110000000,94981695
39120000000,95003602
39130000000,95025901
39140000000,95048254
39150000000,95070531
39160000000,95092771
39170000000,95115178
39180000000,95137289
39190000000,95159459
39200000000,95181899
39210000000,95204196
39220000000,95226376
39230000000,95248446
39240000000,95270607
39250000000,95292902
39260000000,95315020
39270000000,95337457
39280000000,95359444
39290000000,95381758
39300000000,95404288
39310000000,95426474
39320000000,95448651
39330000000,95470851
39340000000,95493094
39350000000,95514985
39360000000,95536945
39370000000,95559318
39380000000,95581494
39390000000,95603760
39400000000,95626063
39410000000,95648172
39420000000,95670451
39430000000,95692690
39440000000,95714964
39450000000,95737171
39460000000,95759266
39470000000,95781408
39480000000,95803509
39490000000,95825739
39500000000,95847674
39510000000,95869979
39520000000,95892232
39530000000,95914032
39540000000,95936206
39550000000,95958346
39560000000,95980471
39570000000,96002515
39580000000,96024618
39590000000,96046930
39600000000,96069226
39610000000,96091480
39620000000,96113915
39630000000,96136065
39640000000,96158365
39650000000,96180286
39660000000,96202418
39670000000,96224619
39680000000,96246712
39690000000,96268826
39700000000,96290876
39710000000,96313135
39720000000,96335272
39730000000,96357605
39740000000,96379769
39750000000,96402025
39760000000,96424340
39770000000,96446512
39780000000,96468428
39790000000,96490655
39800000000,96512748
39810000000,96534789
39820000000,96557123
39830000000,96579183
39840000000,96601344
39850000000,96623489
39860000000,96645765
39870000000,96668072
39880000000,96690432
39890000000,96712648
39900000000,96734978
39910000000,96757170
39920000000,96779228
39930000000,96801371
39940000000,96823390
39950000000,96845702
39960000000,96867964
39970000000,96890309
39980000000,96912458
39990000000,96934569
40000000000,96956707
40010000000,96978911
40020000000,97000901
40030000000,97022891
40040000000,97045271
40050000000,97067272
40060000000,97089349
40070000000,97111472
40080000000,97133523
40090000000,97155821
40100000000,97177956
40110000000,97200087
40120000000,97222048
40130000000,97244253
40140000000,97266378
40150000000,97288422
40160000000,97310674
40170000000,97332575
40180000000,97354842
40190000000,97377050
40200000000,97399290
40210000000,97421529
40220000000,97443570
40230000000,97465841
40240000000,97487980
40250000000,97510006
40260000000,97532145
40270000000,97554437
40280000000,97576587
40290000000,97598488
40300000000,97620801
40310000000,97642843
40320000000,97665124
40330000000,97687409
40340000000,97709406
40350000000,97731637
40360000000,97753833
40370000000,97775818
40380000000,97798202
40390000000,97820280
40400000000,97842491
40410000000,97864782
40420000000,97886772
40430000000,97908944
40440000000,97931239
40450000000,97953260
40460000000,97975148
40470000000,97997320
40480000000,98019247
40490000000,98041369
40500000000,98063638
40510000000,98085786
40520000000,98107991
40530000000,98130229
40540000000,98152528
40550000000,98174788
40560000000,98196845
40570000000,98218937
40580000000,98241106
40590000000,98263245
40600000000,98285196
40610000000,98307547
40620000000,98329703
40630000000,98351737
40640000000,98373748
40650000000,98395972
40660000000,98418000
40670000000,98440192
40680000000,98462269
40690000000,98484363
40700000000,98506505
40710000000,98528565
40720000000,98550949
40730000000,98572889
40740000000,98595116
40750000000,98617267
40760000000,98639513
40770000000,98661902
40780000000,98684156
40790000000,98706336
40800000000,98728473
40810000000,98750727
40820000000,98772682
40830000000,98795045
40840000000,98816980
40850000000,98839341
40860000000,98861196
40870000000,98883527
40880000000,98905586
40890000000,98927715
40900000000,98949796
40910000000,98971775
40920000000,98993889
40930000000,99015935
40940000000,99038033
40950000000,99059999
40960000000,99082356
40970000000,99104440
40980000000,99126271
40990000000,99148393
41000000000,99170463
41010000000,99192729
41020000000,99214715
41030000000,99236771
41040000000,99258765
41050000000,99280776
41060000000,99302741
41070000000,99324648
41080000000,99346731
41090000000,99368926
41100000000,99390898
41110000000,99412966
41120000000,99435201
41130000000,99457167
41140000000,99479067
41150000000,99501270
41160000000,99523449
41170000000,99545626
41180000000,99567862
41190000000,99589925
41200000000,99611947
41210000000,99634004
41220000000,99656162
41230000000,99678361
41240000000,99700359
41250000000,99722550
41260000000,99744606
41270000000,99766645
41280000000,99788611
41290000000,99810711
41300000000,99832830
41310000000,99855180
41320000000,99876992
41330000000,99899096
41340000000,99921031
41350000000,99943098
41360000000,99965393
41370000000,99987495
41380000000,100009614
41390000000,100031746
41400000000,100053936
41410000000,100075967
41420000000,100098143
41430000000,100120215
41440000000,100142104
41450000000,100164412
41460000000,100186571
41470000000,100208405
41480000000,100230345
41490000000,100252041
41500000000,100274089
41510000000,100296341
41520000000,100318423
41530000000,100340339
41540000000,100362454
41550000000,100384416
41560000000,100406433
41570000000,100428686
41580000000,100450958
41590000000,100473048
41600000000,100495057
41610000000,100517458
41620000000,100539658
41630000000,100561879
41640000000,100583848
41650000000,100605901
41660000000,100628031
41670000000,100650056
41680000000,100671879
41690000000,100693848
41700000000,100715948
41710000000,100737893
41720000000,100759990
41730000000,100782178
41740000000,100804244
41750000000,100826216
41760000000,100848385
41770000000,100870682
41780000000,100892735
41790000000,100914800
41800000000,100936928
41810000000,100958993
41820000000,100981070
41830000000,101002943
41840000000,101024796
41850000000,101046941
41860000000,101069003
41870000000,101091059
41880000000,101113135
41890000000,101135284
41900000000,101157286
41910000000,101179593
41920000000,101201902
41930000000,101223970
41940000000,101246213
41950000000,101268400
41960000000,101290516
41970000000,101312583
41980000000,101334537
41990000000,101356673
42000000000,101378655
42010000000,101400893
42020000000,101423019
42030000000,101445272
42040000000,101467450
42050000000,101489675
42060000000,101511622
42070000000,101533794
42080000000,101555709
42090000000,101577716
42100000000,101599951
42110000000,101622068
42120000000,101644008
42130000000,101666107
42140000000,101688008
42150000000,101710148
42160000000,101732230
42170000000,101754328
42180000000,101776504
42190000000,101798442
42200000000,101820611
42210000000,101842657
42220000000,101864742
42230000000,101886831
42240000000,101908970
42250000000,101931132
42260000000,101953112
42270000000,101975080
42280000000,101997146
42290000000,102019138
42300000000,102041124
42310000000,102063076
42320000000,102085117
42330000000,102107033
42340000000,102128996
42350000000,102150936
42360000000,102173039
42370000000,102194872
42380000000,102217186
42390000000,102239272
42400000000,102261207
42410000000,102283317
42420000000,102305352
42430000000,102327370
42440000000,102349444
42450000000,102371469
42460000000,102393402
42470000000,102415201
42480000000,102437321
42490000000,102459294
42500000000,102481445
42510000000,102503559
42520000000,102525566
42530000000,102547477
42540000000,102569379
42550000000,102591507
42560000000,102613581
42570000000,102635805
42580000000,102657831
42590000000,102680109
42600000000,102702060
42610000000,102723972
42620000000,102745933
42630000000,102767934
42640000000,102789984
42650000000,102812165
42660000000,102834216
42670000000,102856215
42680000000,102878575
42690000000,102900564
42700000000,102922601
42710000000,102944493
42720000000,102966556
42730000000,102988393
42740000000,103010442
42750000000,103032451
42760000000,103054499
42770000000,103076583
42780000000,103098625
42790000000,103120792
42800000000,103142566
42810000000,103164626
42820000000,103186445
42830000000,103208598
42840000000,103230769
42850000000,103252648
42860000000,103274749
42870000000,103296645
42880000000,103318743
42890000000,103340587
42900000000,103362789
42910000000,103384800
42920000000,103406856
42930000000,103428918
42940000000,103450931
42950000000,103473029
42960000000,103494880
42970000000,103516882
42980000000,103538753
42990000000,103560788
43000000000,103582937
43010000000,103605187
43020000000,103627393
43030000000,103649513
43040000000,103671644
43050000000,103693804
43060000000,103715789
43070000000,103737862
43080000000,103759782
43090000000,103781713
43100000000,103803713
43110000000,103825849
43120000000,103847832
43130000000,103869797
43140000000,103891678
43150000000,103913747
43160000000,103935586
43170000000,103957701
43180000000,103979517
43190000000,104001613
43200000000,104023556
43210000000,104045652
43220000000,104067864
43230000000,104089806
43240000000,104111980
43250000000,104133974
43260000000,104155949
43270000000,104178074
43280000000,104200007
43290000000,104221975
43300000000,104244095
43310000000,104266370
43320000000,104288343
43330000000,104310221
43340000000,104332313
43350000000,104354424
43360000000,104376549
43370000000,104398697
43380000000,104420570
43390000000,104442497
43400000000,104464463
43410000000,104486432
43420000000,104508338
43430000000,104530388
43440000000,104552374
43450000000,104574551
43460000000,104596429
43470000000,104618497
43480000000,104640625
43490000000,104662764
43500000000,104684771
43510000000,104706926
43520000000,104729008
43530000000,104750941
43540000000,104773098
43550000000,104795122
43560000000,104817178
43570000000,104839322
43580000000,104861375
43590000000,104883439
43600000000,104905516
43610000000,104927579
43620000000,104949616
43630000000,104971632
43640000000,104993646
43650000000,105015544
43660000000,105037554
43670000000,105059453
43680000000,105081563
43690000000,105103805
43700000000,105125662
43710000000,105147576
43720000000,105169567
43730000000,105191429
43740000000,105213303
43750000000,105235456
43760000000,105257452
43770000000,105279680
43780000000,105301709
43790000000,105323686
43800000000,105345510
43810000000,105367305
43820000000,105389441
43830000000,105411355
43840000000,105433232
43850000000,105455475
43860000000,105477512
43870000000,105499582
43880000000,105521503
43890000000,105543550
43900000000,105565536
43910000000,105587370
43920000000,105609190
43930000000,105631189
43940000000,105653081
43950000000,105675053
43960000000,105696923
43970000000,105719111
43980000000,105741083
43990000000,105763145
44000000000,105785108
44010000000,105806948
44020000000,105828715
44030000000,105850553
44040000000,105872464
44050000000,105894617
44060000000,105916294
44070000000,105938272
44080000000,105960318
44090000000,105982093
44100000000,106004035
44110000000,106025879
44120000000,106047875
44130000000,106069878
44140000000,106091959
44150000000,106113934
44160000000,106135826
44170000000,106157582
44180000000,106179534
44190000000,106201711
44200000000,106223626
44210000000,106245488
44220000000,106267624
44230000000,106289774
44240000000,106311755
44250000000,106333752
44260000000,106355780
44270000000,106377482
44280000000,106399428
44290000000,106421515
44300000000,106443572
44310000000,106465544
44320000000,106487659
44330000000,106509605
44340000000,106531455
44350000000,106553441
44360000000,106575333
44370000000,106597330
44380000000,106619579
44390000000,106641565
44400000000,106663605
44410000000,106685721
44420000000,106707520
44430000000,106729457
44440000000,106751385
44450000000,106773399
44460000000,106795268
44470000000,106817389
44480000000,106839440
44490000000,106861356
44500000000,106883512
44510000000,106905622
44520000000,106927503
44530000000,106949595
44540000000,106971439
44550000000,106993557
44560000000,107015482
44570000000,107037353
44580000000,107059254
44590000000,107081099
44600000000,107103116
44610000000,107124886
44620000000,107146780
44630000000,107168511
44640000000,107190386
44650000000,107212316
44660000000,107233908
44670000000,107255958
44680000000,107277859
44690000000,107299843
44700000000,107321851
44710000000,107343635
44720000000,107365452
44730000000,107387431
44740000000,107409577
44750000000,107431593
44760000000,107453484
44770000000,107475309
44780000000,107497386
44790000000,107519325
44800000000,107541367
44810000000,107563547
44820000000,107585404
44830000000,107607447
44840000000,107629416
44850000000,107651425
44860000000,107673285
44870000000,107695175
44880000000,107717263
44890000000,107739120
44900000000,107760921
44910000000,107782709
44920000000,107804788
44930000000,107826665
44940000000,107848616
44950000000,107870552
44960000000,107892482
44970000000,107914612
44980000000,107936761
44990000000,107958955
45000000000,107980774
45010000000,108002760
45020000000,108024667
45030000000,108046556
45040000000,108068495
45050000000,108090494
45060000000,108112642
45070000000,108134475
45080000000,108156438
45090000000,108178331
45100000000,108200203
45110000000,108222094
45120000000,108243921
45130000000,108265853
45140000000,108287862
45150000000,108309842
45160000000,108331735
45170000000,108353548
45180000000,108375644
45190000000,108397600
45200000000,108419615
45210000000,108441659
45220000000,108463716
45230000000,108485521
45240000000,108507510
45250000000,108529516
45260000000,108551220
45270000000,108572993
45280000000,108595099
45290000000,108617166
45300000000,108639120
45310000000,108660754
45320000000,108682712
45330000000,108704722
45340000000,108726680
45350000000,108748700
45360000000,108770608
45370000000,108792362
45380000000,108814463
45390000000,108836332
45400000000,108858120
45410000000,108880046
45420000000,108901918
45430000000,108923686
45440000000,108945567
45450000000,108967433
45460000000,108989323
45470000000,109011199
45480000000,109032944
45490000000,109054697
45500000000,109076634
45510000000,109098674
45520000000,109120723
45530000000,109142579
45540000000,109164488
45550000000,109186367
45560000000,109208401
45570000000,109230129
45580000000,109252126
45590000000,109273984
45600000000,109296095
45610000000,109317719
45620000000,109339570
45630000000,109361512
45640000000,109383339
45650000000,109405340
45660000000,109427210
45670000000,109449173
45680000000,109471200
45690000000,109493158
45700000000,109515189
45710000000,109537056
45720000000,109558907
45730000000,109580703
45740000000,109602435
45750000000,109624527
45760000000,109646325
45770000000,109668247
45780000000,109690138
45790000000,109712121
45800000000,109734140
45810000000,109756193
45820000000,109778008
45830000000,109799948
45840000000,109821865
45850000000,109843670
45860000000,109865735
45870000000,109887612
45880000000,109909751
45890000000,109931717
45900000000,109953779
45910000000,109975513
45920000000,109997403
45930000000,110019032
45940000000,110040922
45950000000,110062782
45960000000,110084728
45970000000,110106560
45980000000,110128483
45990000000,110150470
46000000000,110172484
46010000000,110194102
46020000000,110216021
46030000000,110238003
46040000000,110259619
46050000000,110281597
46060000000,110303543
46070000000,110325382
46080000000,110347115
46090000000,110368904
46100000000,110390687
46110000000,110412654
46120000000,110434694
46130000000,110456412
46140000000,110478374
46150000000,110500173
46160000000,110522032
46170000000,110543881
46180000000,110565878
46190000000,110587820
46200000000,110609796
46210000000,110631716
46220000000,110653596
46230000000,110675618
46240000000,110697407
46250000000,110719145
46260000000,110741034
46270000000,110762768
46280000000,110784641
46290000000,110806650
46300000000,110828470
46310000000,110850168
46320000000,110872014
46330000000,110893763
46340000000,110915690
46350000000,110937407
46360000000,110959218
46370000000,110981044
46380000000,111002748
46390000000,111024793
46400000000,111046785
46410000000,111068661
46420000000,111090538
46430000000,111112533
46440000000,111134482
46450000000,111156116
46460000000,111177962
46470000000,111199824
46480000000,111221810
46490000000,111243830
46500000000,111265782
46510000000,111287773
46520000000,111309814
46530000000,111331753
46540000000,111353630
46550000000,111375544
46560000000,111397407
46570000000,111419144
46580000000,111441002
46590000000,111463140
46600000000,111485075
46610000000,111506848
46620000000,111528659
46630000000,111550578
46640000000,111572507
46650000000,111594219
46660000000,111616227
46670000000,111637946
46680000000,111659582
46690000000,111681433
46700000000,111703136
46710000000,111725035
46720000000,111746948
46730000000,111768850
46740000000,111790697
46750000000,111812638
46760000000,111834611
46770000000,111856707
46780000000,111878511
46790000000,111900407
46800000000,111922095
46810000000,111944018
46820000000,111965849
46830000000,111987420
46840000000,112009305
46850000000,112031035
46860000000,112052690
46870000000,112074678
46880000000,112096612
46890000000,112118551
46900000000,112140539
46910000000,112162500
46920000000,112184172
46930000000,112206046
46940000000,112227840
46950000000,112249610
46960000000,112271379
46970000000,112293146
46980000000,112315026
46990000000,112336818
47000000000,112358410
47010000000,112380426
47020000000,112402404
47030000000,112424376
47040000000,112446224
47050000000,112467777
47060000000,112489713
47070000000,112511360
47080000000,112533046
47090000000,112555029
47100000000,112576863
47110000000,112598743
47120000000,112620560
47130000000,112642368
47140000000,112664161
47150000000,112686140
47160000000,112708035
47170000000,112730018
47180000000,112751788
47190000000,112773708
47200000000,112795606
47210000000,112817508
47220000000,112839381
47230000000,112861382
47240000000,112883136
47250000000,112904880
47260000000,112926631
47270000000,112948369
47280000000,112970258
47290000000,112992173
47300000000,113014184
47310000000,113036233
47320000000,113058070
47330000000,113079929
47340000000,113102056
47350000000,113123893
47360000000,113145941
47370000000,113167682
47380000000,113189477
47390000000,113211325
47400000000,113232989
47410000000,113254842
47420000000,113276682
47430000000,113298677
47440000000,113320483
47450000000,113342208
47460000000,113363932
47470000000,113385710
47480000000,113407740
47490000000,113429841
47500000000,113451956
47510000000,113473752
47520000000,113495902
47530000000,113517655
47540000000,113539455
47550000000,113561186
47560000000,113583167
47570000000,113604905
47580000000,113626819
47590000000,113648510
47600000000,113670290
47610000000,113691959
47620000000,113713978
47630000000,113736009
47640000000,113757827
47650000000,113779619
47660000000,113801285
47670000000,113823066
47680000000,113844873
47690000000,113866810
47700000000,113888505
47710000000,113910239
47720000000,113932086
47730000000,113953749
47740000000,113975593
47750000000,113997273
47760000000,114019318
47770000000,114041280
47780000000,114063101
47790000000,114085066
47800000000,114106934
47810000000,114128715
47820000000,114150698
47830000000,114172670
47840000000,114194430
47850000000,114216224
47860000000,114237880
47870000000,114259730
47880000000,114281556
47890000000,114303346
47900000000,114325121
47910000000,114346847
47920000000,114368842
47930000000,114390629
47940000000,114412629
47950000000,114434343
47960000000,114456344
47970000000,114478360
47980000000,114500227
47990000000,114522096
48000000000,114544059
48010000000,114565841
48020000000,114587655
48030000000,114609619
48040000000,114631490
48050000000,114653059
48060000000,114674889
48070000000,114696613
48080000000,114718569
48090000000,114740389
48100000000,114762374
48110000000,114784110
48120000000,114805735
48130000000,114827570
48140000000,114849436
48150000000,114871292
48160000000,114893342
48170000000,114915127
48180000000,114936847
48190000000,114958698
48200000000,114980456
48210000000,115002405
48220000000,115024262
48230000000,115046105
48240000000,115067938
48250000000,115089758
48260000000,115111720
48270000000,115133667
48280000000,115155565
48290000000,115177640
48300000000,115199354
48310000000,115221074
48320000000,115242649
48330000000,115264580
48340000000,115286136
48350000000,115307941
48360000000,115329735
48370000000,115351525
48380000000,115373295
48390000000,115395242
48400000000,115416925
48410000000,115438851
48420000000,115460836
48430000000,115482535
48440000000,115504267
48450000000,115526048
48460000000,115547837
48470000000,115569672
48480000000,115591630
48490000000,115613578
48500000000,115635329
48510000000,115657198
48520000000,115678899
48530000000,115700589
48540000000,115722396
48550000000,115744219
48560000000,115766141
48570000000,115787940
48580000000,115809704
48590000000,115831570
48600000000,115853591
48610000000,115875653
48620000000,115897305
48630000000,115919015
48640000000,115940575
48650000000,115962346
48660000000,115984002
48670000000,116005792
48680000000,116027584
48690000000,116049329
48700000000,116071291
48710000000,116093069
48720000000,116114731
48730000000,116136509
48740000000,116158375
48750000000,116180243
48760000000,116202087
48770000000,116223836
48780000000,116245499
48790000000,116267418
48800000000,116289297
48810000000,116311099
48820000000,116333102
48830000000,116354727
48840000000,116376754
48850000000,116398544
48860000000,116420254
48870000000,116442154
48880000000,116464057
48890000000,116485690
48900000000,116507411
48910000000,116529146
48920000000,116550965
48930000000,116572581
48940000000,116594274
48950000000,116616215
48960000000,116637969
48970000000,116659701
48980000000,116681350
48990000000,116703323
49000000000,116725272
49010000000,116747047
49020000000,116768883
49030000000,116790514
49040000000,116812202
49050000000,116834008
49060000000,116855879
49070000000,116877890
49080000000,116899814
49090000000,116921735
49100000000,116943419
49110000000,116965002
49120000000,116986633
49130000000,117008403
49140000000,117030322
49150000000,117052223
49160000000,117073913
49170000000,117095540
49180000000,117117571
49190000000,117139179
49200000000,117161249
49210000000,117183214
49220000000,117205097
49230000000,117226827
49240000000,117248637
49250000000,117270316
49260000000,117291982
49270000000,117313802
49280000000,117335836
49290000000,117357705
49300000000,117379575
49310000000,117401427
49320000000,117423069
49330000000,117444841
49340000000,117466735
49350000000,117488604
49360000000,117510316
49370000000,117532288
49380000000,117554039
49390000000,117575734
49400000000,117597540
49410000000,117619234
49420000000,117640981
49430000000,117662828
49440000000,117684541
49450000000,117706476
49460000000,117728142
49470000000,117749925
49480000000,117771972
49490000000,117793970
49500000000,117815583
49510000000,117837237
49520000000,117859111
49530000000,117880757
49540000000,117902445
49550000000,117924510
49560000000,117946268
49570000000,117968069
49580000000,117989985
49590000000,118011724
49600000000,118033248
49610000000,118055040
49620000000,118076869
49630000000,118098848
49640000000,118120533
49650000000,118142282
49660000000,118164187
49670000000,118185800
49680000000,118207160
49690000000,118229017
49700000000,118250749
49710000000,118272760
49720000000,118294570
49730000000,118316282
49740000000,118338190
49750000000,118359645
49760000000,118381260
49770000000,118402955
49780000000,118424888
49790000000,118446414
49800000000,118468210
49810000000,118489905
49820000000,118511667
49830000000,118533353
49840000000,118555046
49850000000,118576814
49860000000,118598496
49870000000,118620293
49880000000,118642026
49890000000,118663889
49900000000,118685699
49910000000,118707589
49920000000,118729338
49930000000,118751315
49940000000,118773129
49950000000,118794820
49960000000,118816853
49970000000,118838567
49980000000,118860146
49990000000,118881848
50000000000,118903682
50010000000,118925456
50020000000,118947250
50030000000,118968935
50040000000,118990567
50050000000,119012613
50060000000,119034342
50070000000,119056111
50080000000,119077938
50090000000,119099762
50100000000,119121346
50110000000,119143082
50120000000,119164914
50130000000,119186676
50140000000,119208450
50150000000,119230081
50160000000,119251951
50170000000,119273647
50180000000,119295349
50190000000,119317112
50200000000,119339198
50210000000,119360930
50220000000,119382628
50230000000,119404222
50240000000,119426266
50250000000,119448225
50260000000,119470157
50270000000,119491988
50280000000,119513742
50290000000,119535512
50300000000,119557323
50310000000,119579138
50320000000,119600912
50330000000,119622821
50340000000,119644659
50350000000,119666486
50360000000,119688101
50370000000,119709825
50380000000,119731560
50390000000,119753334
50400000000,119774905
50410000000,119796580
50420000000,119818271
50430000000,119840068
50440000000,119861901
50450000000,119883599
50460000000,119905297
50470000000,119926953
50480000000,119948837
50490000000,119970445
50500000000,119992319
50510000000,120014085
50520000000,120035829
50530000000,120057668
50540000000,120079350
50550000000,120101276
50560000000,120122982
50570000000,120144742
50580000000,120166396
50590000000,120187975
50600000000,120209620
50610000000,120231319
50620000000,120252752
50630000000,120274580
50640000000,120296349
50650000000,120318104
50660000000,120339902
50670000000,120361775
50680000000,120383400
50690000000,120405212
50700000000,120427032
50710000000,120448644
50720000000,120470439
50730000000,120492201
50740000000,120514093
50750000000,120535770
50760000000,120557398
50770000000,120579192
50780000000,120600772
50790000000,120622691
50800000000,120644604
50810000000,120666369
50820000000,120688081
50830000000,120709910
50840000000,120731556
50850000000,120753456
50860000000,120775348
50870000000,120797047
50880000000,120818696
50890000000,120840337
50900000000,120861936
50910000000,120883514
50920000000,120905350
50930000000,120927194
50940000000,120948841
50950000000,120970482
50960000000,120992332
50970000000,121014095
50980000000,121036013
50990000000,121057705
51000000000,121079350
51010000000,121101224
51020000000,121123037
51030000000,121144948
51040000000,121166765
51050000000,121188404
51060000000,121210177
51070000000,121231846
51080000000,121253586
51090000000,121275233
51100000000,121296908
51110000000,121318561
51120000000,121340376
51130000000,121362082
51140000000,121383870
51150000000,121405610
51160000000,121427303
51170000000,121449116
51180000000,121470873
51190000000,121492737
51200000000,121514416
51210000000,121536174
51220000000,121557973
51230000000,121579834
51240000000,121601679
51250000000,121623442
51260000000,121645078
51270000000,121666937
51280000000,121688522
51290000000,121710365
51300000000,121732217
51310000000,121754054
51320000000,121775880
51330000000,121797404
51340000000,121818912
51350000000,121840618
51360000000,121862257
51370000000,121884026
51380000000,121905775
51390000000,121927350
51400000000,121948850
51410000000,121970608
51420000000,121992128
51430000000,122013984
51440000000,122035833
51450000000,122057560
51460000000,122079387
51470000000,122101044
51480000000,122122740
51490000000,122144459
51500000000,122166024
51510000000,122187713
51520000000,122209416
51530000000,122231261
51540000000,122252884
51550000000,122274729
51560000000,122296569
51570000000,122318304
51580000000,122339884
51590000000,122361464
51600000000,122383220
51610000000,122404851
51620000000,122426452
51630000000,122448061
51640000000,122469867
51650000000,122491654
51660000000,122513457
51670000000,122534834
51680000000,122556263
51690000000,122577928
51700000000,122599483
51710000000,122621088
51720000000,122642786
51730000000,122664162
51740000000,122685968
51750000000,122707739
51760000000,122729256
51770000000,122750827
51780000000,122772610
51790000000,122794501
51800000000,122816026
51810000000,122837739
51820000000,122859455
51830000000,122881092
51840000000,122902950
51850000000,122924845
51860000000,122946406
51870000000,122968323
51880000000,122989909
51890000000,123011540
51900000000,123033316
51910000000,123055025
51920000000,123076620
51930000000,123098407
51940000000,123120031
51950000000,123141779
51960000000,123163486
51970000000,123185276
51980000000,123206995
51990000000,123228833
52000000000,123250602
52010000000,123272395
52020000000,123294105
52030000000,123315636
52040000000,123337308
52050000000,123359000
52060000000,123380510
52070000000,123401916
52080000000,123423605
52090000000,123445335
52100000000,123467185
52110000000,123488884
52120000000,123510432
52130000000,123531964
52140000000,123553711
52150000000,123575370
52160000000,123596861
52170000000,123618502
52180000000,123640299
52190000000,123661758
52200000000,123683480
52210000000,123705226
52220000000,123726917
52230000000,123748737
52240000000,123770486
52250000000,123792356
52260000000,123814033
52270000000,123835677
52280000000,123857187
52290000000,123878709
52300000000,123900245
52310000000,123921796
52320000000,123943615
52330000000,123965080
52340000000,123986779
52350000000,124008437
52360000000,124030059
52370000000,124051775
52380000000,124073628
52390000000,124095049
52400000000,124116637
52410000000,124138469
52420000000,124160133
52430000000,124181750
52440000000,124203477
52450000000,124225081
52460000000,124246676
52470000000,124268371
52480000000,124290002
52490000000,124311643
52500000000,124333339
52510000000,124355039
52520000000,124376864
52530000000,124398467
52540000000,124420216
52550000000,124441917
52560000000,124463660
52570000000,124485210
52580000000,124506878
52590000000,124528481
52600000000,124550281
52610000000,124572030
52620000000,124593796
52630000000,124615559
52640000000,124637075
52650000000,124658962
52660000000,124680705
52670000000,124702665
52680000000,124724228
52690000000,124746034
52700000000,124767744
52710000000,124789630
52720000000,124811204
52730000000,124833048
52740000000,124854702
52750000000,124876358
52760000000,124898069
52770000000,124919508
52780000000,124941241
52790000000,124962722
52800000000,124984411
52810000000,125006111
52820000000,125027727
52830000000,125049478
52840000000,125071079
52850000000,125092476
52860000000,125114019
52870000000,125135760
52880000000,125157199
52890000000,125178710
52900000000,125200145
52910000000,125221717
52920000000,125243513
52930000000,125265176
52940000000,125286793
52950000000,125308405
52960000000,125329880
52970000000,125351608
52980000000,125373400
52990000000,125395031
53000000000,125416850
53010000000,125438628
53020000000,125460114
53030000000,125481841
53040000000,125503548
53050000000,125525113
53060000000,125546601
53070000000,125568201
53080000000,125589677
53090000000,125611465
53100000000,125633159
53110000000,125654773
53120000000,125676452
53130000000,125697989
53140000000,125719615
53150000000,125741310
53160000000,125762916
53170000000,125784496
53180000000,125806203
53190000000,125827746
53200000000,125849405
53210000000,125871083
53220000000,125892576
53230000000,125914042
53240000000,125935617
53250000000,125957290
53260000000,125978732
53270000000,126000367
53280000000,126022008
53290000000,126043607
53300000000,126065298
53310000000,126087056
53320000000,126108595
53330000000,126130043
53340000000,126151805
53350000000,126173394
53360000000,126195107
53370000000,126216678
53380000000,126238400
53390000000,126260192
53400000000,126281746
53410000000,126303399
53420000000,126325250
53430000000,126346976
53440000000,126368872
53450000000,126390337
53460000000,126412001
53470000000,126433616
53480000000,126455426
53490000000,126477100
53500000000,126498618
53510000000,126520296
53520000000,126541936
53530000000,126563662
53540000000,126585268
53550000000,126606960
53560000000,126628639
53570000000,126650173
53580000000,126671889
53590000000,126693514
53600000000,126714881
53610000000,126736610
53620000000,126758195
53630000000,126780009
53640000000,126801566
53650000000,126823308
53660000000,126844965
53670000000,126866594
53680000000,126888158
53690000000,126909756
53700000000,126931369
53710000000,126952833
53720000000,126974565
53730000000,126996068
53740000000,127017586
53750000000,127039242
53760000000,127061059
53770000000,127082615
53780000000,127104129
53790000000,127125530
53800000000,127147353
53810000000,127168862
53820000000,127190546
53830000000,127212192
53840000000,127233589
53850000000,127255509
53860000000,127277001
53870000000,127299007
53880000000,127320559
53890000000,127342264
53900000000,127363933
53910000000,127385465
53920000000,127407078
53930000000,127428632
53940000000,127450154
53950000000,127471777
53960000000,127493385
53970000000,127515092
53980000000,127536576
53990000000,127558147
54000000000,127579578
54010000000,127601073
54020000000,127622848
54030000000,127644297
54040000000,127666099
54050000000,127687603
54060000000,127709388
54070000000,127730800
54080000000,127752474
54090000000,127774265
54100000000,127795759
54110000000,127817427
54120000000,127838936
54130000000,127860648
54140000000,127882263
54150000000,127903886
54160000000,127925474
54170000000,127947306
54180000000,127969218
54190000000,127990838
54200000000,128012287
54210000000,128033691
54220000000,128055527
54230000000,128077064
54240000000,128098607
54250000000,128120257
54260000000,128141851
54270000000,128163384
54280000000,128184801
54290000000,128206398
54300000000,128228115
54310000000,128249825
54320000000,128271368
54330000000,128293080
54340000000,128314476
54350000000,128336326
54360000000,128358251
54370000000,128379816
54380000000,128401299
54390000000,128422897
54400000000,128444543
54410000000,128466302
54420000000,128488031
54430000000,128509484
54440000000,128531141
54450000000,128552828
54460000000,128574404
54470000000,128596163
54480000000,128617814
54490000000,128639431
54500000000,128661140
54510000000,128682558
54520000000,128704004
54530000000,128725654
54540000000,128747378
54550000000,128768975
54560000000,128790686
54570000000,128812309
54580000000,128833896
54590000000,128855594
54600000000,128877304
54610000000,128898658
54620000000,128920338
54630000000,128941750
54640000000,128963272
54650000000,128985133
54660000000,129006497
54670000000,129027995
54680000000,129049893
54690000000,129071630
54700000000,129093071
54710000000,129114706
54720000000,129136050
54730000000,129157750
54740000000,129179521
54750000000,129201188
54760000000,129222793
54770000000,129244414
54780000000,129266053
54790000000,129287795
54800000000,129309340
54810000000,129331186
54820000000,129352747
54830000000,129374346
54840000000,129395871
54850000000,129417290
54860000000,129439118
54870000000,129460674
54880000000,129482171
54890000000,129503879
54900000000,129525527
54910000000,129547085
54920000000,129568603
54930000000,129590242
54940000000,129611902
54950000000,129633462
54960000000,129655241
54970000000,129676919
54980000000,129698457
54990000000,129719945
55000000000,129741604
55010000000,129763432
55020000000,129784994
55030000000,129806662
55040000000,129828259
55050000000,129849785
55060000000,129871411
55070000000,129892746
55080000000,129914320
55090000000,129935717
55100000000,129957498
55110000000,129979183
55120000000,130000860
55130000000,130022400
55140000000,130043833
55150000000,130065402
55160000000,130086999
55170000000,130108744
55180000000,130130111
55190000000,130151548
55200000000,130173202
55210000000,130194668
55220000000,130216129
55230000000,130237869
55240000000,130259228
55250000000,130280913
55260000000,130302202
55270000000,130323654
55280000000,130345462
55290000000,130367066
55300000000,130388717
55310000000,130410162
55320000000,130431673
55330000000,130453212
55340000000,130474799
55350000000,130496529
55360000000,130518129
55370000000,130539644
55380000000,130561113
55390000000,130582768
55400000000,130604351
55410000000,130626021
55420000000,130647597
55430000000,130669197
55440000000,130690714
55450000000,130712351
55460000000,130734021
55470000000,130755637
55480000000,130777358
55490000000,130799067
55500000000,130820749
55510000000,130842186
55520000000,130863965
55530000000,130885489
55540000000,130906770
55550000000,130928186
55560000000,130949854
55570000000,130971656
55580000000,130993337
55590000000,131015034
55600000000,131036534
55610000000,131057895
55620000000,131079261
55630000000,131100796
55640000000,131122306
55650000000,131143769
55660000000,131165505
55670000000,131187138
55680000000,131208640
55690000000,131230241
55700000000,131252022
55710000000,131273571
55720000000,131295309
55730000000,131316941
55740000000,131338326
55750000000,131359936
55760000000,131381551
55770000000,131403347
55780000000,131425020
55790000000,131446605
55800000000,131467921
55810000000,131489432
55820000000,131510839
55830000000,131532310
55840000000,131553712
55850000000,131575459
55860000000,131596935
55870000000,131618622
55880000000,131640229
55890000000,131661630
55900000000,131683288
55910000000,131704848
55920000000,131726499
55930000000,131748114
55940000000,131769684
55950000000,131791235
55960000000,131812856
55970000000,131834451
55980000000,131855962
55990000000,131877257
56000000000,131898675
56010000000,131920318
56020000000,131941740
56030000000,131963068
56040000000,131984535
56050000000,132006050
56060000000,132027581
56070000000,132049120
56080000000,132070640
56090000000,132092002
56100000000,132113559
56110000000,132134968
56120000000,132156626
56130000000,132178335
56140000000,132199725
56150000000,132221272
56160000000,132242847
56170000000,132264379
56180000000,132285886
56190000000,132307529
56200000000,132329127
56210000000,132350637
56220000000,132372228
56230000000,132393719
56240000000,132415132
56250000000,132436754
56260000000,132458296
56270000000,132479730
56280000000,132501162
56290000000,132522763
56300000000,132544522
56310000000,132566091
56320000000,132587479
56330000000,132608968
56340000000,132630390
56350000000,132651834
56360000000,132673304
56370000000,132695037
56380000000,132716599
56390000000,132738076
56400000000,132759694
56410000000,132781230
56420000000,132802755
56430000000,132824291
56440000000,132845758
56450000000,132867457
56460000000,132888870
56470000000,132910407
56480000000,132931998
56490000000,132953455
56500000000,132975213
56510000000,132996493
56520000000,133018036
56530000000,133039547
56540000000,133061088
56550000000,133082519
56560000000,133103962
56570000000,133125676
56580000000,133147181
56590000000,133168558
56600000000,133189869
56610000000,133211254
56620000000,133232868
56630000000,133254335
56640000000,133275928
56650000000,133297529
56660000000,133319077
56670000000,133340328
56680000000,133361948
56690000000,133383431
56700000000,133404926
56710000000,133426308
56720000000,133448008
56730000000,133469485
56740000000,133490912
56750000000,133512610
56760000000,133534048
56770000000,133555682
56780000000,133577199
56790000000,133598734
56800000000,133620186
56810000000,133641578
56820000000,133663136
56830000000,133684689
56840000000,133706313
56850000000,133727943
56860000000,133749547
56870000000,133770793
56880000000,133792273
56890000000,133813578
56900000000,133835236
56910000000,133856923
56920000000,133878430
56930000000,133899990
56940000000,133921301
56950000000,133942939
56960000000,133964332
56970000000,133985649
56980000000,134007187
56990000000,134028724
57000000000,134050300
57010000000,134071917
57020000000,134093429
57030000000,134114769
57040000000,134136376
57050000000,134157979
57060000000,134179485
57070000000,134201182
57080000000,134222802
57090000000,134244088
57100000000,134265580
57110000000,134287163
57120000000,134308626
57130000000,134330145
57140000000,134351691
57150000000,134373422
57160000000,134394958
57170000000,134416418
57180000000,134437975
57190000000,134459440
57200000000,134480882
57210000000,134502332
57220000000,134523973
57230000000,134545437
57240000000,134567138
57250000000,134588597
57260000000,134610030
57270000000,134631670
57280000000,134653319
57290000000,134674859
57300000000,134696487
57310000000,134718084
57320000000,134739357
57330000000,134760695
57340000000,134782298
57350000000,134803835
57360000000,134825420
57370000000,134846671
57380000000,134868096
57390000000,134889460
57400000000,134910838
57410000000,134932207
57420000000,134953876
57430000000,134975312
57440000000,134996937
57450000000,135018607
57460000000,135040282
57470000000,135061640
57480000000,135083041
57490000000,135104570
57500000000,135126150
57510000000,135147756
57520000000,135169301
57530000000,135190839
57540000000,135212273
57550000000,135233765
57560000000,135255360
57570000000,135276973
57580000000,135298585
57590000000,135320163
57600000000,135341692
57610000000,135363382
57620000000,135384824
57630000000,135406461
57640000000,135428135
57650000000,135449536
57660000000,135471018
57670000000,135492513
57680000000,135514041
57690000000,135535535
57700000000,135557021
57710000000,135578500
57720000000,135600292
57730000000,135621772
57740000000,135643255
57750000000,135664874
57760000000,135686454
57770000000,135707998
57780000000,135729402
57790000000,135750825
57800000000,135772221
57810000000,135793778
57820000000,135815294
57830000000,135836769
57840000000,135858253
57850000000,135879773
57860000000,135901281
57870000000,135922886
57880000000,135944308
57890000000,135965631
57900000000,135987222
57910000000,136008831
57920000000,136030397
57930000000,136051758
57940000000,136073137
57950000000,136094393
57960000000,136115802
57970000000,136137185
57980000000,136158726
57990000000,136179960
58000000000,136201562
58010000000,136222976
58020000000,136244490
58030000000,136265831
58040000000,136287266
58050000000,136308708
58060000000,136330323
58070000000,136351848
58080000000,136373400
58090000000,136395058
58100000000,136416574
58110000000,136438230
58120000000,136459700
58130000000,136481277
58140000000,136502616
58150000000,136524032
58160000000,136545474
58170000000,136566983
58180000000,136588508
58190000000,136609933
58200000000,136631566
58210000000,136653125
58220000000,136674433
58230000000,136695945
58240000000,136717501
58250000000,136739166
58260000000,136760501
58270000000,136781926
58280000000,136803483
58290000000,136824955
58300000000,136846512
58310000000,136867991
58320000000,136889572
58330000000,136911085
58340000000,136932549
58350000000,136953998
58360000000,136975392
58370000000,136996963
58380000000,137018403
58390000000,137039866
58400000000,137061295
58410000000,137082657
58420000000,137104070
58430000000,137125684
58440000000,137147389
58450000000,137168990
58460000000,137190259
58470000000,137211736
58480000000,137233249
58490000000,137254743
58500000000,137276393
58510000000,137297921
58520000000,137319393
58530000000,137340907
58540000000,137362253
58550000000,137383955
58560000000,137405495
58570000000,137426869
58580000000,137448482
58590000000,137469700
58600000000,137490963
58610000000,137512697
58620000000,137534255
58630000000,137555773
58640000000,137577335
58650000000,137598865
58660000000,137620300
58670000000,137641674
58680000000,137663131
58690000000,137684346
58700000000,137705850
58710000000,137727231
58720000000,137748845
58730000000,137770028
58740000000,137791424
58750000000,137812862
58760000000,137834340
58770000000,137855749
58780000000,137877161
58790000000,137898623
58800000000,137920059
58810000000,137941771
58820000000,137963072
58830000000,137984463
58840000000,138005967
58850000000,138027316
58860000000,138048665
58870000000,138070256
58880000000,138091705
58890000000,138113088
58900000000,138134513
58910000000,138156068
58920000000,138177597
58930000000,138199023
58940000000,138220560
58950000000,138242150
58960000000,138263565
58970000000,138284972
58980000000,138306399
58990000000,138327777
59000000000,138349114
59010000000,138370495
59020000000,138391939
59030000000,138413547
59040000000,138434859
59050000000,138456310
59060000000,138477632
59070000000,138498991
59080000000,138520566
59090000000,138541898
59100000000,138563275
59110000000,138584935
59120000000,138606425
59130000000,138627831
59140000000,138649378
59150000000,138671112
59160000000,138692678
59170000000,138714329
59180000000,138735620
59190000000,138757134
59200000000,138778629
59210000000,138799950
59220000000,138821440
59230000000,138842914
59240000000,138864595
59250000000,138886150
59260000000,138907658
59270000000,138929215
59280000000,138950567
59290000000,138972018
59300000000,138993517
59310000000,139014857
59320000000,139036255
59330000000,139057689
59340000000,139079092
59350000000,139100742
59360000000,139122116
59370000000,139143775
59380000000,139165149
59390000000,139186501
59400000000,139207915
59410000000,139229334
59420000000,139250716
59430000000,139272120
59440000000,139293276
59450000000,139314835
59460000000,139336512
59470000000,139357905
59480000000,139379351
59490000000,139400996
59500000000,139422385
59510000000,139443833
59520000000,139465216
59530000000,139486507
59540000000,139508312
59550000000,139529893
59560000000,139551288
59570000000,139572635
59580000000,139594063
59590000000,139615519
59600000000,139636857
59610000000,139658389
59620000000,139679775
59630000000,139701020
59640000000,139722368
59650000000,139743685
59660000000,139764988
59670000000,139786234
59680000000,139807777
59690000000,139829273
59700000000,139850687
59710000000,139872370
59720000000,139893894
59730000000,139915190
59740000000,139936608
59750000000,139957923
59760000000,139979408
59770000000,140000694
59780000000,140022321
59790000000,140043746
59800000000,140065119
59810000000,140086648
59820000000,140108126
59830000000,140129619
59840000000,140151186
59850000000,140172599
59860000000,140194017
59870000000,140215614
59880000000,140236956
59890000000,140258564
59900000000,140280248
59910000000,140301624
59920000000,140322831
59930000000,140344385
59940000000,140365876
59950000000,140387323
59960000000,140408829
59970000000,140430301
59980000000,140451677
59990000000,140473004
60000000000,140494397
60010000000,140515744
60020000000,140537196
60030000000,140558516
60040000000,140579797
60050000000,140601041
60060000000,140622400
60070000000,140643857
60080000000,140665205
60090000000,140686618
60100000000,140708220
60110000000,140729714
60120000000,140751163
60130000000,140772488
60140000000,140793943
60150000000,140815014
60160000000,140836448
60170000000,140857559
60180000000,140879136
60190000000,140900628
60200000000,140922293
60210000000,140943448
60220000000,140964903
60230000000,140986448
60240000000,141007835
60250000000,141029192
60260000000,141050606
60270000000,141071989
60280000000,141093542
60290000000,141115017
60300000000,141136762
60310000000,141158038
60320000000,141179593
60330000000,141201049
60340000000,141222670
60350000000,141244037
60360000000,141265514
60370000000,141286787
60380000000,141308283
60390000000,141329722
60400000000,141351171
60410000000,141372639
60420000000,141394071
60430000000,141415492
60440000000,141436938
60450000000,141458694
60460000000,141479986
60470000000,141501531
60480000000,141523083
60490000000,141544598
60500000000,141566175
60510000000,141587628
60520000000,141609189
60530000000,141630641
60540000000,141652152
60550000000,141673375
60560000000,141694906
60570000000,141716351
60580000000,141737827
60590000000,141759131
60600000000,141780541
60610000000,141801869
60620000000,141823265
60630000000,141844496
60640000000,141865991
60650000000,141887409
60660000000,141908921
60670000000,141930331
60680000000,141951750
60690000000,141973302
60700000000,141994731
60710000000,142015960
60720000000,142037323
60730000000,142058843
60740000000,142080256
60750000000,142101706
60760000000,142123215
60770000000,142144780
60780000000,142166089
60790000000,142187485
60800000000,142209075
60810000000,142230434
60820000000,142252039
60830000000,142273420
60840000000,142294710
60850000000,142315970
60860000000,142337431
60870000000,142358862
60880000000,142380295
60890000000,142401898
60900000000,142423204
60910000000,142444644
60920000000,142466150
60930000000,142487595
60940000000,142508919
60950000000,142530335
60960000000,142551924
60970000000,142573281
60980000000,142594651
60990000000,142616220
61000000000,142637500
61010000000,142658850
61020000000,142680327
61030000000,142701643
61040000000,142723006
61050000000,142744287
61060000000,142765596
61070000000,142786965
61080000000,142808160
61090000000,142829805
61100000000,142851258
61110000000,142872618
61120000000,142894106
61130000000,142915470
61140000000,142936915
61150000000,142958155
61160000000,142979621
61170000000,143001102
61180000000,143022574
61190000000,143044047
61200000000,143065734
61210000000,143087080
61220000000,143108430
61230000000,143129861
61240000000,143151320
61250000000,143172856
61260000000,143194190
61270000000,143215615
61280000000,143237044
61290000000,143258316
61300000000,143279786
61310000000,143301128
61320000000,143322617
61330000000,143343967
61340000000,143365297
61350000000,143386681
61360000000,143407951
61370000000,143429609
61380000000,143450976
61390000000,143472204
61400000000,143493715
61410000000,143514955
61420000000,143536240
61430000000,143557522
61440000000,143578906
61450000000,143600306
61460000000,143621882
61470000000,143643341
61480000000,143664746
61490000000,143686206
61500000000,143707530
61510000000,143728969
61520000000,143750279
61530000000,143771620
61540000000,143792978
61550000000,143814265
61560000000,143835667
61570000000,143857087
61580000000,143878499
61590000000,143899986
61600000000,143921348
61610000000,143942662
61620000000,143964288
61630000000,143985353
61640000000,144006702
61650000000,144027984
61660000000,144049565
61670000000,144070902
61680000000,144092211
61690000000,144113651
61700000000,144134816
61710000000,144156114
61720000000,144177553
61730000000,144198927
61740000000,144220266
61750000000,144241847
61760000000,144263059
61770000000,144284737
61780000000,144306081
61790000000,144327594
61800000000,144349099
61810000000,144370609
61820000000,144392089
61830000000,144413538
61840000000,144434837
61850000000,144456365
61860000000,144477655
61870000000,144499105
61880000000,144520541
61890000000,144542021
61900000000,144563486
61910000000,144584951
61920000000,144606273
61930000000,144627718
61940000000,144648963
61950000000,144670519
61960000000,144692070
61970000000,144713646
61980000000,144734961
61990000000,144756187
62000000000,144777644
62010000000,144799110
62020000000,144820524
62030000000,144841965
62040000000,144863366
62050000000,144884849
62060000000,144906318
62070000000,144927676
62080000000,144949210
62090000000,144970603
62100000000,144991860
62110000000,145013022
62120000000,145034270
62130000000,145055712
62140000000,145077281
62150000000,145098890
62160000000,145120505
62170000000,145141881
62180000000,145163397
62190000000,145184936
62200000000,145206360
62210000000,145227920
62220000000,145249290
62230000000,145270687
62240000000,145291911
62250000000,145313371
62260000000,145334819
62270000000,145356161
62280000000,145377502
62290000000,145398978
62300000000,145420268
62310000000,145441464
62320000000,145462889
62330000000,145484280
62340000000,145505516
62350000000,145526745
62360000000,145548136
62370000000,145569654
62380000000,145591251
62390000000,145612387
62400000000,145633701
62410000000,145654873
62420000000,145676213
62430000000,145697545
62440000000,145719024
62450000000,145740446
62460000000,145761798
62470000000,145783139
62480000000,145804545
62490000000,145826126
62500000000,145847616
62510000000,145869192
62520000000,145890519
62530000000,145911812
62540000000,145933055
62550000000,145954641
62560000000,145975748
62570000000,145997110
62580000000,146018498
62590000000,146039858
62600000000,146061142
62610000000,146082533
62620000000,146103672
62630000000,146125218
62640000000,146146731
62650000000,146168052
62660000000,146189568
62670000000,146210944
62680000000,146232439
62690000000,146253963
62700000000,146275380
62710000000,146296778
62720000000,146318083
62730000000,146339420
62740000000,146360905
62750000000,146382292
62760000000,146403599
62770000000,146424907
62780000000,146446086
62790000000,146467410
62800000000,146488943
62810000000,146510204
62820000000,146531519
62830000000,146552829
62840000000,146574198
62850000000,146595586
62860000000,146616936
62870000000,146638324
62880000000,146659689
62890000000,146680981
62900000000,146702312
62910000000,146723783
62920000000,146745253
62930000000,146766674
62940000000,146788117
62950000000,146809679
62960000000,146831078
62970000000,146852443
62980000000,146873855
62990000000,146895299
63000000000,146916790
63010000000,146938109
63020000000,146959528
63030000000,146980794
63040000000,147002271
63050000000,147023572
63060000000,147044911
63070000000,147066093
63080000000,147087301
63090000000,147108428
63100000000,147129661
63110000000,147151024
63120000000,147172288
63130000000,147193533
63140000000,147214638
63150000000,147235962
63160000000,147257419
63170000000,147278629
63180000000,147300084
63190000000,147321460
63200000000,147342760
63210000000,147363942
63220000000,147385240
63230000000,147406593
63240000000,147428149
63250000000,147449437
63260000000,147470641
63270000000,147491803
63280000000,147513250
63290000000,147534432
63300000000,147555662
63310000000,147576891
63320000000,147598167
63330000000,147619518
63340000000,147640776
63350000000,147662313
63360000000,147683687
63370000000,147705183
63380000000,147726572
63390000000,147747808
63400000000,147769062
63410000000,147790404
63420000000,147811809
63430000000,147832996
63440000000,147854604
63450000000,147876111
63460000000,147897231
63470000000,147918684
63480000000,147939993
63490000000,147961328
63500000000,147982647
63510000000,148004111
63520000000,148025502
63530000000,148046822
63540000000,148068162
63550000000,148089247
63560000000,148110594
63570000000,148131833
63580000000,148153246
63590000000,148174670
63600000000,148196115
63610000000,148217483
63620000000,148239080
63630000000,148260363
63640000000,148281856
63650000000,148303081
63660000000,148324353
63670000000,148345579
63680000000,148367091
63690000000,148388373
63700000000,148409837
63710000000,148431137
63720000000,148452462
63730000000,148473858
63740000000,148495186
63750000000,148516627
63760000000,148537828
63770000000,148559247
63780000000,148580743
63790000000,148601969
63800000000,148623211
63810000000,148644521
63820000000,148665678
63830000000,148687015
63840000000,148708377
63850000000,148729624
63860000000,148750803
63870000000,148772101
63880000000,148793357
63890000000,148814634
63900000000,148835925
63910000000,148857259
63920000000,148878597
63930000000,148900169
63940000000,148921491
63950000000,148942750
63960000000,148964165
63970000000,148985642
63980000000,149007117
63990000000,149028299
64000000000,149049740
64010000000,149071165
64020000000,149092358
64030000000,149113712
64040000000,149134885
64050000000,149156185
64060000000,149177356
64070000000,149198599
64080000000,149219978
64090000000,149241328
64100000000,149262866
64110000000,149283928
64120000000,149305356
64130000000,149326646
64140000000,149348050
64150000000,149369157
64160000000,149390444
64170000000,149411646
64180000000,149432779
64190000000,149454000
64200000000,149475293
64210000000,149496785
64220000000,149518050
64230000000,149539432
64240000000,149560447
64250000000,149581824
64260000000,149603139
64270000000,149624558
64280000000,149645833
64290000000,149666985
64300000000,149688063
64310000000,149709271
64320000000,149730663
64330000000,149751738
64340000000,149772930
64350000000,149794292
64360000000,149815648
64370000000,149836959
64380000000,149858263
64390000000,149879515
64400000000,149901028
64410000000,149922196
64420000000,149943329
64430000000,149964721
64440000000,149986219
64450000000,150007559
64460000000,150028905
64470000000,150050111
64480000000,150071319
64490000000,150092804
64500000000,150114087
64510000000,150135238
64520000000,150156467
64530000000,150177783
64540000000,150199150
64550000000,150220252
64560000000,150241689
64570000000,150262684
64580000000,150283945
64590000000,150305240
64600000000,150326513
64610000000,150347890
64620000000,150369163
64630000000,150390575
64640000000,150411998
64650000000,150433525
64660000000,150454804
64670000000,150476102
64680000000,150497396
64690000000,150518625
64700000000,150539617
64710000000,150560781
64720000000,150581858
64730000000,150603164
64740000000,150624521
64750000000,150645812
64760000000,150667246
64770000000,150688559
64780000000,150709929
64790000000,150731298
64800000000,150752374
64810000000,150773628
64820000000,150794821
64830000000,150816260
64840000000,150837582
64850000000,150858830
64860000000,150880091
64870000000,150901411
64880000000,150922578
64890000000,150944020
64900000000,150965468
64910000000,150986802
64920000000,151008268
64930000000,151029489
64940000000,151050873
64950000000,151072337
64960000000,151093497
64970000000,151114816
64980000000,151136046
64990000000,151157594
65000000000,151178827
65010000000,151200194
65020000000,151221330
65030000000,151242826
65040000000,151264049
65050000000,151285380
65060000000,151306627
65070000000,151327697
65080000000,151348878
65090000000,151370449
65100000000,151392020
65110000000,151413420
65120000000,151434783
65130000000,151456048
65140000000,151477389
65150000000,151498781
65160000000,151520097
65170000000,151541495
65180000000,151562783
65190000000,151584041
65200000000,151605425
65210000000,151626797
65220000000,151647974
65230000000,151669474
65240000000,151690691
65250000000,151712215
65260000000,151733453
65270000000,151754610
65280000000,151775891
65290000000,151796990
65300000000,151818164
65310000000,151839515
65320000000,151860920
65330000000,151882161
65340000000,151903411
65350000000,151924606
65360000000,151945741
65370000000,151966969
65380000000,151988442
65390000000,152009993
65400000000,152031163
65410000000,152052475
65420000000,152073752
65430000000,152095122
65440000000,152116336
65450000000,152137471
65460000000,152158797
65470000000,152180152
65480000000,152201217
65490000000,152222484
65500000000,152243701
65510000000,152265112
65520000000,152286337
65530000000,152307520
65540000000,152328919
65550000000,152350228
65560000000,152371610
65570000000,152392903
65580000000,152414233
65590000000,152435475
65600000000,152456735
65610000000,152478048
65620000000,152499256
65630000000,152520422
65640000000,152541856
65650000000,152563124
65660000000,152584414
65670000000,152605692
65680000000,152626940
65690000000,152648193
65700000000,152669513
65710000000,152690625
65720000000,152711889
65730000000,152733155
65740000000,152754379
65750000000,152775426
65760000000,152796815
65770000000,152818015
65780000000,152839265
65790000000,152860597
65800000000,152881920
65810000000,152903136
65820000000,152924530
65830000000,152945755
65840000000,152966943
65850000000,152988416
65860000000,153009570
65870000000,153030899
65880000000,153052236
65890000000,153073646
65900000000,153094960
65910000000,153116237
65920000000,153137306
65930000000,153158543
65940000000,153179798
65950000000,153200990
65960000000,153222073
65970000000,153243446
65980000000,153264428
65990000000,153285457
66000000000,153306781
66010000000,153328126
66020000000,153349368
66030000000,153370617
66040000000,153391785
66050000000,153413045
66060000000,153434440
66070000000,153455674
66080000000,153476661
66090000000,153497924
66100000000,153518878
66110000000,153540037
66120000000,153561395
66130000000,153582768
66140000000,153603905
66150000000,153625288
66160000000,153646591
66170000000,153667968
66180000000,153689202
66190000000,153710593
66200000000,153731791
66210000000,153753220
66220000000,153774584
66230000000,153795847
66240000000,153817180
66250000000,153838620
66260000000,153859757
66270000000,153881202
66280000000,153902474
66290000000,153923946
66300000000,153945176
66310000000,153966492
66320000000,153987810
66330000000,154009031
66340000000,154030298
66350000000,154051606
66360000000,154072939
66370000000,154094208
66380000000,154115444
66390000000,154136884
66400000000,154157845
66410000000,154178972
66420000000,154200276
66430000000,154221583
66440000000,154242770
66450000000,154264024
66460000000,154285381
66470000000,154306599
66480000000,154327757
66490000000,154349026
66500000000,154370168
66510000000,154391398
66520000000,154412677
66530000000,154433878
66540000000,154454863
66550000000,154476193
66560000000,154497819
66570000000,154518859
66580000000,154540291
66590000000,154561562
66600000000,154582714
66610000000,154603954
66620000000,154625259
66630000000,154646570
66640000000,154668056
66650000000,154689202
66660000000,154710377
66670000000,154731435
66680000000,154752659
66690000000,154774008
66700000000,154795258
66710000000,154816211
66720000000,154837595
66730000000,154859028
66740000000,154880296
66750000000,154901438
66760000000,154922854
66770000000,154944027
66780000000,154965058
66790000000,154986292
66800000000,155007671
66810000000,155029012
66820000000,155050075
66830000000,155071371
66840000000,155092570
66850000000,155113749
66860000000,155135174
66870000000,155156486
66880000000,155178004
66890000000,155199281
66900000000,155220708
66910000000,155241788
66920000000,155262860
66930000000,155284067
66940000000,155305528
66950000000,155326748
66960000000,155348233
66970000000,155369685
66980000000,155391079
66990000000,155412357
67000000000,155433539
67010000000,155454972
67020000000,155476362
67030000000,155497791
67040000000,155518962
67050000000,155540296
67060000000,155561512
67070000000,155582918
67080000000,155604056
67090000000,155625244
67100000000,155646545
67110000000,155667810
67120000000,155688972
67130000000,155710402
67140000000,155731466
67150000000,155752677
67160000000,155773839
67170000000,155795075
67180000000,155816450
67190000000,155837836
67200000000,155859168
67210000000,155880320
67220000000,155901368
67230000000,155922609
67240000000,155943840
67250000000,155965089
67260000000,155986278
67270000000,156007547
67280000000,156028907
67290000000,156050079
67300000000,156071364
67310000000,156092534
67320000000,156114159
67330000000,156135312
67340000000,156156656
67350000000,156177823
67360000000,156199074
67370000000,156220460
67380000000,156241590
67390000000,156262731
67400000000,156284101
67410000000,156305398
67420000000,156326390
67430000000,156347189
67440000000,156368266
67450000000,156389535
67460000000,156410792
67470000000,156432110
67480000000,156453393
67490000000,156474678
67500000000,156495982
67510000000,156517139
67520000000,156538289
67530000000,156559584
67540000000,156580975
67550000000,156602177
67560000000,156623356
67570000000,156644685
67580000000,156665923
67590000000,156686997
67600000000,156708145
67610000000,156729490
67620000000,156750667
67630000000,156771748
67640000000,156793161
67650000000,156814434
67660000000,156835714
67670000000,156856992
67680000000,156878368
67690000000,156899558
67700000000,156920820
67710000000,156941735
67720000000,156962846
67730000000,156984048
67740000000,157005286
67750000000,157026441
67760000000,157047474
67770000000,157068818
67780000000,157089799
67790000000,157110835
67800000000,157131908
67810000000,157153109
67820000000,157174219
67830000000,157195414
67840000000,157216446
67850000000,157237662
67860000000,157258917
67870000000,157280266
67880000000,157301372
67890000000,157322708
67900000000,157343881
67910000000,157364978
67920000000,157386408
67930000000,157407697
67940000000,157428970
67950000000,157450258
67960000000,157471390
67970000000,157492468
67980000000,157513545
67990000000,157534677
68000000000,157556105
68010000000,157577342
68020000000,157598483
68030000000,157619695
68040000000,157641100
68050000000,157662308
68060000000,157683563
68070000000,157704727
68080000000,157725925
68090000000,157747044
68100000000,157768254
68110000000,157789355
68120000000,157810532
68130000000,157831655
68140000000,157852973
68150000000,157874069
68160000000,157895403
68170000000,157916795
68180000000,157937870
68190000000,157958952
68200000000,157979962
68210000000,158001145
68220000000,158022721
68230000000,158043781
68240000000,158065099
68250000000,158086454
68260000000,158107560
68270000000,158128883
68280000000,158149993
68290000000,158171056
68300000000,158192211
68310000000,158213513
68320000000,158234648
68330000000,158255906
68340000000,158277217
68350000000,158298322
68360000000,158319641
68370000000,158341065
68380000000,158362311
68390000000,158383413
68400000000,158404551
68410000000,158425784
68420000000,158446915
68430000000,158468107
68440000000,158489451
68450000000,158510492
68460000000,158531814
68470000000,158553185
68480000000,158574289
68490000000,158595371
68500000000,158616563
68510000000,158637660
68520000000,158658741
68530000000,158679850
68540000000,158701137
68550000000,158722354
68560000000,158743541
68570000000,158764754
68580000000,158786143
68590000000,158807380
68600000000,158828666
68610000000,158849881
68620000000,158871143
68630000000,158892250
68640000000,158913559
68650000000,158934786
68660000000,158956043
68670000000,158977401
68680000000,158998632
68690000000,159019929
68700000000,159041112
68710000000,159062332
68720000000,159083385
68730000000,159104610
68740000000,159125785
68750000000,159146900
68760000000,159168037
68770000000,159189400
68780000000,159210449
68790000000,159231543
68800000000,159252580
68810000000,159273739
68820000000,159294879
68830000000,159316044
68840000000,159337192
68850000000,159358436
68860000000,159379559
68870000000,159401066
68880000000,159422087
68890000000,159443631
68900000000,159464864
68910000000,159486286
68920000000,159507480
68930000000,159528747
68940000000,159550014
68950000000,159571093
68960000000,159592433
68970000000,159613494
68980000000,159634632
68990000000,159655966
69000000000,159677092
69010000000,159698375
69020000000,159719438
69030000000,159740547
69040000000,159761729
69050000000,159783070
69060000000,159804314
69070000000,159825503
69080000000,159846496
69090000000,159867712
69100000000,159888921
69110000000,159910129
69120000000,159931144
69130000000,159952534
69140000000,159973558
69150000000,159994533
69160000000,160015946
69170000000,160037090
69180000000,160058153
69190000000,160079204
69200000000,160100282
69210000000,160121530
69220000000,160142786
69230000000,160164107
69240000000,160185456
69250000000,160206795
69260000000,160227944
69270000000,160249182
69280000000,160270455
69290000000,160291476
69300000000,160312577
69310000000,160333686
69320000000,160354808
69330000000,160376272
69340000000,160397257
69350000000,160418430
69360000000,160439860
69370000000,160460930
69380000000,160482096
69390000000,160503463
69400000000,160524564
69410000000,160545713
69420000000,160566961
69430000000,160588168
69440000000,160609441
69450000000,160630614
69460000000,160651660
69470000000,160672896
69480000000,160694104
69490000000,160715527
69500000000,160736632
69510000000,160757587
69520000000,160778636
69530000000,160799872
69540000000,160820913
69550000000,160842079
69560000000,160863049
69570000000,160884203
69580000000,160905512
69590000000,160926729
69600000000,160947769
69610000000,160968965
69620000000,160990328
69630000000,161011595
69640000000,161032735
69650000000,161053904
69660000000,161075072
69670000000,161096319
69680000000,161117705
69690000000,161138916
69700000000,161160153
69710000000,161181235
69720000000,161202488
69730000000,161223791
69740000000,161244837
69750000000,161266006
69760000000,161287111
69770000000,161308211
69780000000,161329323
69790000000,161350467
69800000000,161371767
69810000000,161393137
69820000000,161414231
69830000000,161435369
69840000000,161456577
69850000000,161477658
69860000000,161498675
69870000000,161519910
69880000000,161540964
69890000000,161562309
69900000000,161583615
69910000000,161604934
69920000000,161625943
69930000000,161647052
69940000000,161668302
69950000000,161689368
69960000000,161710397
69970000000,161731447
69980000000,161752591
69990000000,161773791
70000000000,161795029
70010000000,161816049
70020000000,161837134
70030000000,161858422
70040000000,161879415
70050000000,161900604
70060000000,161921714
70070000000,161942971
70080000000,161964077
70090000000,161985196
70100000000,162006380
70110000000,162027522
70120000000,162048846
70130000000,162070318
70140000000,162091463
70150000000,162112672
70160000000,162133948
70170000000,162155023
70180000000,162176263
70190000000,162197548
70200000000,162218730
70210000000,162240053
70220000000,162261282
70230000000,162282469
70240000000,162303809
70250000000,162324936
70260000000,162345813
70270000000,162366982
70280000000,162387934
70290000000,162409097
70300000000,162430370
70310000000,162451678
70320000000,162472850
70330000000,162494160
70340000000,162515322
70350000000,162536693
70360000000,162557748
70370000000,162578822
70380000000,162600217
70390000000,162621245
70400000000,162642383
70410000000,162663698
70420000000,162684955
70430000000,162706310
70440000000,162727462
70450000000,162748468
70460000000,162769618
70470000000,162790928
70480000000,162812004
70490000000,162833147
70500000000,162854171
70510000000,162875278
70520000000,162896401
70530000000,162917646
70540000000,162938857
70550000000,162960247
70560000000,162981382
70570000000,163002616
70580000000,163023738
70590000000,163044750
70600000000,163065960
70610000000,163087257
70620000000,163108397
70630000000,163129475
70640000000,163150690
70650000000,163171904
70660000000,163193022
70670000000,163214266
70680000000,163235295
70690000000,163256546
70700000000,163277630
70710000000,163298885
70720000000,163319970
70730000000,163341136
70740000000,163362299
70750000000,163383355
70760000000,163404306
70770000000,163425361
70780000000,163446362
70790000000,163467616
70800000000,163488749
70810000000,163509830
70820000000,163530866
70830000000,163551793
70840000000,163572909
70850000000,163594050
70860000000,163615080
70870000000,163636300
70880000000,163657341
70890000000,163678367
70900000000,163699517
70910000000,163720490
70920000000,163741981
70930000000,163763111
70940000000,163784524
70950000000,163805748
70960000000,163826803
70970000000,163847880
70980000000,163869025
70990000000,163890153
71000000000,163911342
71010000000,163932499
71020000000,163953739
71030000000,163974869
71040000000,163996079
71050000000,164017201
71060000000,164038306
71070000000,164059598
71080000000,164080618
71090000000,164101997
71100000000,164123274
71110000000,164144512
71120000000,164165545
71130000000,164186698
71140000000,164207844
71150000000,164229303
71160000000,164250425
71170000000,164271729
71180000000,164292814
71190000000,164313975
71200000000,164335255
71210000000,164356438
71220000000,164377703
71230000000,164398602
71240000000,164419514
71250000000,164440805
71260000000,164461807
71270000000,164482969
71280000000,164504089
71290000000,164525177
71300000000,164546299
71310000000,164567542
71320000000,164588805
71330000000,164609993
71340000000,164631019
71350000000,164652105
71360000000,164673382
71370000000,164694716
71380000000,164715969
71390000000,164737222
71400000000,164758277
71410000000,164779422
71420000000,164800511
71430000000,164821498
71440000000,164842736
71450000000,164863759
71460000000,164884922
71470000000,164906295
71480000000,164927387
71490000000,164948629
71500000000,164969547
71510000000,164990963
71520000000,165012244
71530000000,165033174
71540000000,165054023
71550000000,165075058
71560000000,165096088
71570000000,165117342
71580000000,165138607
71590000000,165159683
71600000000,165180637
71610000000,165201778
71620000000,165222983
71630000000,165244102
71640000000,165265287
71650000000,165286190
71660000000,165307268
71670000000,165328311
71680000000,165349526
71690000000,165370701
71700000000,165391828
71710000000,165413248
71720000000,165434231
71730000000,165455449
71740000000,165476473
71750000000,165497473
71760000000,165518605
71770000000,165539646
71780000000,165560477
71790000000,165581593
71800000000,165602939
71810000000,165623980
71820000000,165645135
71830000000,165666281
71840000000,165687521
71850000000,165708692
71860000000,165729740
71870000000,165750957
71880000000,165772055
71890000000,165793100
71900000000,165814280
71910000000,165835253
71920000000,165856548
71930000000,165877720
71940000000,165898947
71950000000,165919977
71960000000,165941234
71970000000,165962168
71980000000,165983102
71990000000,166004061
72000000000,166025177
72010000000,166046275
72020000000,166067307
72030000000,166088604
72040000000,166110116
72050000000,166131451
72060000000,166152582
72070000000,166173700
72080000000,166194709
72090000000,166215851
72100000000,166237225
72110000000,166258259
72120000000,166279414
72130000000,166300538
72140000000,166321570
72150000000,166342662
72160000000,166364047
72170000000,166385173
72180000000,166406250
72190000000,166427361
72200000000,166448549
72210000000,166469525
72220000000,166490564
72230000000,166511664
72240000000,166532850
72250000000,166553896
72260000000,166574870
72270000000,166596126
72280000000,166617293
72290000000,166638355
72300000000,166659455
72310000000,166680650
72320000000,166701574
72330000000,166722607
72340000000,166743791
72350000000,166764806
72360000000,166785953
72370000000,166807031
72380000000,166828224
72390000000,166849307
72400000000,166870461
72410000000,166891623
72420000000,166912931
72430000000,166934214
72440000000,166955149
72450000000,166976548
72460000000,166997553
72470000000,167018629
72480000000,167039561
72490000000,167060660
72500000000,167081813
72510000000,167102869
72520000000,167124107
72530000000,167145219
72540000000,167166491
72550000000,167187576
72560000000,167208839
72570000000,167229910
72580000000,167251064
72590000000,167272266
72600000000,167293454
72610000000,167314813
72620000000,167336082
72630000000,167357186
72640000000,167378339
72650000000,167399590
72660000000,167420546
72670000000,167441842
72680000000,167462810
72690000000,167483942
72700000000,167505090
72710000000,167526246
72720000000,167547456
72730000000,167568487
72740000000,167589711
72750000000,167610861
72760000000,167631980
72770000000,167653090
72780000000,167674341
72790000000,167695531
72800000000,167716524
72810000000,167737712
72820000000,167758883
72830000000,167779999
72840000000,167801067
72850000000,167822209
72860000000,167843433
72870000000,167864654
72880000000,167885702
72890000000,167906952
72900000000,167928089
72910000000,167949180
72920000000,167970279
72930000000,167991524
72940000000,168012753
72950000000,168033718
72960000000,168054933
72970000000,168075985
72980000000,168097342
72990000000,168118331
73000000000,168139267
73010000000,168160452
73020000000,168181422
73030000000,168202578
73040000000,168223612
73050000000,168244727
73060000000,168265769
73070000000,168286903
73080000000,168307977
73090000000,168329065
73100000000,168350334
73110000000,168371596
73120000000,168392599
73130000000,168413818
73140000000,168434740
73150000000,168455787
73160000000,168476845
73170000000,168498180
73180000000,168519442
73190000000,168540368
73200000000,168561598
73210000000,168582409
73220000000,168603799
73230000000,168625079
73240000000,168646011
73250000000,168667075
73260000000,168688099
73270000000,168709328
73280000000,168730303
73290000000,168751336
73300000000,168772237
73310000000,168793352
73320000000,168814219
73330000000,168835306
73340000000,168856456
73350000000,168877464
73360000000,168898591
73370000000,168919724
73380000000,168940728
73390000000,168961878
73400000000,168983027
73410000000,169004097
73420000000,169024971
73430000000,169045965
73440000000,169067121
73450000000,169088037
73460000000,169108853
73470000000,169129939
73480000000,169150829
73490000000,169171972
73500000000,169192945
73510000000,169214203
73520000000,169234919
73530000000,169255948
73540000000,169277316
73550000000,169298509
73560000000,169319440
73570000000,169340545
73580000000,169361441
73590000000,169382646
73600000000,169403796
73610000000,169424878
73620000000,169446111
73630000000,169467104
73640000000,169488432
73650000000,169509343
73660000000,169530414
73670000000,169551409
73680000000,169572334
73690000000,169593727
73700000000,169614806
73710000000,169635925
73720000000,169657134
73730000000,169678257
73740000000,169699368
73750000000,169720459
73760000000,169741581
73770000000,169762561
73780000000,169783577
73790000000,169804633
73800000000,169825719
73810000000,169846534
73820000000,169867634
73830000000,169888837
73840000000,169909808
73850000000,169930934
73860000000,169952093
73870000000,169972994
73880000000,169993938
73890000000,170014977
73900000000,170036145
73910000000,170057260
73920000000,170078412
73930000000,170099575
73940000000,170120643
73950000000,170141891
73960000000,170162822
73970000000,170183778
73980000000,170204871
73990000000,170225803
74000000000,170246977
74010000000,170268081
74020000000,170289192
74030000000,170310267
74040000000,170331479
74050000000,170352506
74060000000,170373426
74070000000,170394431
74080000000,170415582
74090000000,170436487
74100000000,170457576
74110000000,170478511
74120000000,170499769
74130000000,170520668
74140000000,170541774
74150000000,170562870
74160000000,170583993
74170000000,170605224
74180000000,170626345
74190000000,170647287
74200000000,170668322
74210000000,170689419
74220000000,170710579
74230000000,170731726
74240000000,170752914
74250000000,170774169
74260000000,170795091
74270000000,170816017
74280000000,170837282
74290000000,170858329
74300000000,170879455
74310000000,170900423
74320000000,170921368
74330000000,170942572
74340000000,170963754
74350000000,170984844
74360000000,171006078
74370000000,171027239
74380000000,171048425
74390000000,171069539
74400000000,171090546
74410000000,171111571
74420000000,171132776
74430000000,171153848
74440000000,171174954
74450000000,171195714
74460000000,171216746
74470000000,171237921
74480000000,171259000
74490000000,171280193
74500000000,171301193
74510000000,171322330
74520000000,171343409
74530000000,171364616
74540000000,171385708
74550000000,171406790
74560000000,171427906
74570000000,171449075
74580000000,171469882
74590000000,171491034
74600000000,171511975
74610000000,171533024
74620000000,171554327
74630000000,171575431
74640000000,171596551
74650000000,171617456
74660000000,171638671
74670000000,171659710
74680000000,171680752
74690000000,171702138
74700000000,171723211
74710000000,171744243
74720000000,171765340
74730000000,171786339
74740000000,171807573
74750000000,171828673
74760000000,171849719
74770000000,171870680
74780000000,171891627
74790000000,171912865
74800000000,171933714
74810000000,171954865
74820000000,171975772
74830000000,171996804
74840000000,172017937
74850000000,172039090
74860000000,172060114
74870000000,172081090
74880000000,172102108
74890000000,172123035
74900000000,172144187
74910000000,172164973
74920000000,172185924
74930000000,172206973
74940000000,172228032
74950000000,172248927
74960000000,172270095
74970000000,172291188
74980000000,172312243
74990000000,172333202
75000000000,172354315
75010000000,172375341
75020000000,172396349
75030000000,172417332
75040000000,172438416
75050000000,172459442
75060000000,172480339
75070000000,172501413
75080000000,172522417
75090000000,172543774
75100000000,172564732
75110000000,172585893
75120000000,172606845
75130000000,172627934
75140000000,172649030
75150000000,172670200
75160000000,172691207
75170000000,172712211
75180000000,172733271
75190000000,172754320
75200000000,172775439
75210000000,172796544
75220000000,172817670
75230000000,172838765
75240000000,172859696
75250000000,172880932
75260000000,172901838
75270000000,172922697
75280000000,172943822
75290000000,172964838
75300000000,172985767
75310000000,173007055
75320000000,173028304
75330000000,173049441
75340000000,173070659
75350000000,173091886
75360000000,173112554
75370000000,173133547
75380000000,173154564
75390000000,173175500
75400000000,173196501
75410000000,173217501
75420000000,173238588
75430000000,173259676
75440000000,173280747
75450000000,173301784
75460000000,173322695
75470000000,173343815
75480000000,173364880
75490000000,173385838
75500000000,173406891
75510000000,173427871
75520000000,173449198
75530000000,173470234
75540000000,173491018
75550000000,173511951
75560000000,173533032
75570000000,173553939
75580000000,173574954
75590000000,173596047
75600000000,173617279
75610000000,173638315
75620000000,173659590
75630000000,173680768
75640000000,173701735
75650000000,173722716
75660000000,173743605
75670000000,173764824
75680000000,173785945
75690000000,173806917
75700000000,173828104
75710000000,173849271
75720000000,173870489
75730000000,173891458
75740000000,173912524
75750000000,173933604
75760000000,173954565
75770000000,173975637
75780000000,173996515
75790000000,174017392
75800000000,174038459
75810000000,174059569
75820000000,174080625
75830000000,174101806
75840000000,174122965
75850000000,174143933
75860000000,174164914
75870000000,174186080
75880000000,174206920
75890000000,174227853
75900000000,174248959
75910000000,174270044
75920000000,174291291
75930000000,174312330
75940000000,174333485
75950000000,174354599
75960000000,174375558
75970000000,174396594
75980000000,174417586
75990000000,174438691
76000000000,174459854
76010000000,174480830
76020000000,174501671
76030000000,174522668
76040000000,174543762
76050000000,174564806
76060000000,174585925
76070000000,174606764
76080000000,174627801
76090000000,174648886
76100000000,174669908
76110000000,174691120
76120000000,174712269
76130000000,174733258
76140000000,174754360
76150000000,174775042
76160000000,174796382
76170000000,174817505
76180000000,174838459
76190000000,174859650
76200000000,174880653
76210000000,174901526
76220000000,174922531
76230000000,174943668
76240000000,174964670
76250000000,174985597
76260000000,175006649
76270000000,175027763
76280000000,175049024
76290000000,175070058
76300000000,175091010
76310000000,175112160
76320000000,175133133
76330000000,175154176
76340000000,175175251
76350000000,175196268
76360000000,175217253
76370000000,175238070
76380000000,175259117
76390000000,175279702
76400000000,175300741
76410000000,175321849
76420000000,175343069
76430000000,175363950
76440000000,175384954
76450000000,175406053
76460000000,175426790
76470000000,175447653
76480000000,175468651
76490000000,175489679
76500000000,175510953
76510000000,175532142
76520000000,175553269
76530000000,175574019
76540000000,175595084
76550000000,175615986
76560000000,175636945
76570000000,175658110
76580000000,175679173
76590000000,175700027
76600000000,175720830
76610000000,175741722
76620000000,175762525
76630000000,175783646
76640000000,175804519
76650000000,175825538
76660000000,175846708
76670000000,175867764
76680000000,175888570
76690000000,175909521
76700000000,175930730
76710000000,175951566
76720000000,175972438
76730000000,175993636
76740000000,176014749
76750000000,176035641
76760000000,176056730
76770000000,176077831
76780000000,176098948
76790000000,176119971
76800000000,176141004
76810000000,176162091
76820000000,176183033
76830000000,176203899
76840000000,176224956
76850000000,176245948
76860000000,176266990
76870000000,176287931
76880000000,176309141
76890000000,176330125
76900000000,176350969
76910000000,176372071
76920000000,176393048
76930000000,176414141
76940000000,176434985
76950000000,176455863
76960000000,176476875
76970000000,176497948
76980000000,176519030
76990000000,176540064
77000000000,176561213
77010000000,176582225
77020000000,176603277
77030000000,176623950
77040000000,176644849
77050000000,176665862
77060000000,176686928
77070000000,176707689
77080000000,176728813
77090000000,176749781
77100000000,176770889
77110000000,176791893
77120000000,176812848
77130000000,176833947
77140000000,176854869
77150000000,176875919
77160000000,176896979
77170000000,176918260
77180000000,176939392
77190000000,176960536
77200000000,176981735
77210000000,177002817
77220000000,177023606
77230000000,177044427
77240000000,177065333
77250000000,177086315
77260000000,177107410
77270000000,177128458
77280000000,177149543
77290000000,177170608
77300000000,177191650
77310000000,177212578
77320000000,177233738
77330000000,177254456
77340000000,177275613
77350000000,177296551
77360000000,177317542
77370000000,177338533
77380000000,177359508
77390000000,177380256
77400000000,177401316
77410000000,177422248
77420000000,177443403
77430000000,177464419
77440000000,177485428
77450000000,177506525
77460000000,177527481
77470000000,177548372
77480000000,177569270
77490000000,177590257
77500000000,177611136
77510000000,177632320
77520000000,177653287
77530000000,177674190
77540000000,177695136
77550000000,177716121
77560000000,177737125
77570000000,177758030
77580000000,177778999
77590000000,177800086
77600000000,177821056
77610000000,177841999
77620000000,177863121
77630000000,177883927
77640000000,177904838
77650000000,177926060
77660000000,177946861
77670000000,177968103
77680000000,177989095
77690000000,178010138
77700000000,178030956
77710000000,178051935
77720000000,178072816
77730000000,178093960
77740000000,178115027
77750000000,178136005
77760000000,178157058
77770000000,178177943
77780000000,178198895
77790000000,178220019
77800000000,178241120
77810000000,178262029
77820000000,178283144
77830000000,178304206
77840000000,178325222
77850000000,178346181
77860000000,178367101
77870000000,178387937
77880000000,178408831
77890000000,178429778
77900000000,178450798
77910000000,178471877
77920000000,178492783
77930000000,178513645
77940000000,178534531
77950000000,178555520
77960000000,178576407
77970000000,178597280
77980000000,178618276
77990000000,178639112
78000000000,178660168
78010000000,178681198
78020000000,178702274
78030000000,178723231
78040000000,178744060
78050000000,178765147
78060000000,178786088
78070000000,178807039
78080000000,178828233
78090000000,178848990
78100000000,178869854
78110000000,178890998
78120000000,178912009
78130000000,178932906
78140000000,178954034
78150000000,178974970
78160000000,178996015
78170000000,179017070
78180000000,179038019
78190000000,179059149
78200000000,179080004
78210000000,179101002
78220000000,179122057
78230000000,179143088
78240000000,179164117
78250000000,179185032
78260000000,179206149
78270000000,179227290
78280000000,179248255
78290000000,179269510
78300000000,179290609
78310000000,179311624
78320000000,179332637
78330000000,179353493
78340000000,179374491
78350000000,179395707
78360000000,179416750
78370000000,179437795
78380000000,179458652
78390000000,179479593
78400000000,179500545
78410000000,179521644
78420000000,179542570
78430000000,179563525
78440000000,179584613
78450000000,179605654
78460000000,179626671
78470000000,179647419
78480000000,179668332
78490000000,179689186
78500000000,179710271
78510000000,179731205
78520000000,179752110
78530000000,179772916
78540000000,179793884
78550000000,179814818
78560000000,179835674
78570000000,179856456
78580000000,179877564
78590000000,179898438
78600000000,179919217
78610000000,179940241
78620000000,179961115
78630000000,179982148
78640000000,180003149
78650000000,180024358
78660000000,180045202
78670000000,180066113
78680000000,180087277
78690000000,180108129
78700000000,180129230
78710000000,180150093
78720000000,180171177
78730000000,180192044
78740000000,180212925
78750000000,180233894
78760000000,180254953
78770000000,180276014
78780000000,180297015
78790000000,180317940
78800000000,180338947
78810000000,180360030
78820000000,180381168
78830000000,180402250
78840000000,180423361
78850000000,180444162
78860000000,180465128
78870000000,180486015
78880000000,180506852
78890000000,180528033
78900000000,180548998
78910000000,180569793
78920000000,180590941
78930000000,180612006
78940000000,180633000
78950000000,180654239
78960000000,180675292
78970000000,180696438
78980000000,180717329
78990000000,180738429
79000000000,180759323
79010000000,180780121
79020000000,180801116
79030000000,180822050
79040000000,180843192
79050000000,180864270
79060000000,180885466
79070000000,180906441
79080000000,180927349
79090000000,180948207
79100000000,180969330
79110000000,180990323
79120000000,181011263
79130000000,181032414
79140000000,181053253
79150000000,181074055
79160000000,181094794
79170000000,181115607
79180000000,181136476
79190000000,181157489
79200000000,181178631
79210000000,181199843
79220000000,181220980
79230000000,181241997
79240000000,181262862
79250000000,181283705
79260000000,181304488
79270000000,181325670
79280000000,181346465
79290000000,181367416
79300000000,181388344
79310000000,181409232
79320000000,181430036
79330000000,181451102
79340000000,181472119
79350000000,181493294
79360000000,181514244
79370000000,181535206
79380000000,181556152
79390000000,181577376
79400000000,181598490
79410000000,181619478
79420000000,181640520
79430000000,181661345
79440000000,181682326
79450000000,181703482
79460000000,181724630
79470000000,181745577
79480000000,181766492
79490000000,181787340
79500000000,181808467
79510000000,181829438
79520000000,181850289
79530000000,181871262
79540000000,181892169
79550000000,181913192
79560000000,181934341
79570000000,181955306
79580000000,181976259
79590000000,181997109
79600000000,182018138
79610000000,182038934
79620000000,182060109
79630000000,182081242
79640000000,182102117
79650000000,182123252
79660000000,182144124
79670000000,182165294
79680000000,182186220
79690000000,182207351
79700000000,182228030
79710000000,182248992
79720000000,182269824
79730000000,182290541
79740000000,182311394
79750000000,182332145
79760000000,182353113
79770000000,182374211
79780000000,182395191
79790000000,182416278
79800000000,182436928
79810000000,182457816
79820000000,182478822
79830000000,182499948
79840000000,182520875
79850000000,182541858
79860000000,182562958
79870000000,182583792
79880000000,182604708
79890000000,182625728
79900000000,182646637
79910000000,182667462
79920000000,182688472
79930000000,182709435
79940000000,182730447
79950000000,182751412
79960000000,182772223
79970000000,182793002
79980000000,182813976
79990000000,182834769
80000000000,182855913
80010000000,182877062
80020000000,182897906
80030000000,182918853
80040000000,182939533
80050000000,182960447
80060000000,182981529
80070000000,183002435
80080000000,183023415
80090000000,183044379
80100000000,183065326
80110000000,183086162
80120000000,183107040
80130000000,183127971
80140000000,183149173
80150000000,183170115
80160000000,183190973
80170000000,183211960
80180000000,183232635
80190000000,183253729
80200000000,183274628
80210000000,183295570
80220000000,183316615
80230000000,183337445
80240000000,183358321
80250000000,183379278
80260000000,183400298
80270000000,183421292
80280000000,183442259
80290000000,183463347
80300000000,183484221
80310000000,183505032
80320000000,183526074
80330000000,183546956
80340000000,183567910
80350000000,183588640
80360000000,183609401
80370000000,183630383
80380000000,183651364
80390000000,183672430
80400000000,183693315
80410000000,183713998
80420000000,183734692
80430000000,183755747
80440000000,183776561
80450000000,183797428
80460000000,183818586
80470000000,183839347
80480000000,183860497
80490000000,183881521
80500000000,183902498
80510000000,183923430
80520000000,183944268
80530000000,183965279
80540000000,183986328
80550000000,184007107
80560000000,184027926
80570000000,184048807
80580000000,184069648
80590000000,184090379
80600000000,184111203
80610000000,184132262
80620000000,184153119
80630000000,184173993
80640000000,184194950
80650000000,184215814
80660000000,184236791
80670000000,184257727
80680000000,184278660
80690000000,184299533
80700000000,184320592
80710000000,184341707
80720000000,184362531
80730000000,184383585
80740000000,184404443
80750000000,184425177
80760000000,184446275
80770000000,184467215
80780000000,184488231
80790000000,184509096
80800000000,184529955
80810000000,184550824
80820000000,184571588
80830000000,184592518
80840000000,184613454
80850000000,184634327
80860000000,184655099
80870000000,184676058
80880000000,184697092
80890000000,184718113
80900000000,184739072
80910000000,184759697
80920000000,184780796
80930000000,184801780
80940000000,184822650
80950000000,184843544
80960000000,184864329
80970000000,184885119
80980000000,184906027
80990000000,184927041
81000000000,184947876
81010000000,184969002
81020000000,184990099
81030000000,185010851
81040000000,185031709
81050000000,185052639
81060000000,185073550
81070000000,185094633
81080000000,185115545
81090000000,185136424
81100000000,185157400
81110000000,185178448
81120000000,185199313
81130000000,185220053
81140000000,185240982
81150000000,185261797
81160000000,185282446
81170000000,185303268
81180000000,185324254
81190000000,185345341
81200000000,185366435
81210000000,185387267
81220000000,185408074
81230000000,185428806
81240000000,185449859
81250000000,185470858
81260000000,185491641
81270000000,185512678
81280000000,185533685
81290000000,185554685
81300000000,185575577
81310000000,185596550
81320000000,185617335
81330000000,185638115
81340000000,185659281
81350000000,185680252
81360000000,185701112
81370000000,185722053
81380000000,185742890
81390000000,185763891
81400000000,185784855
81410000000,185805907
81420000000,185826964
81430000000,185847857
81440000000,185868659
81450000000,185889949
81460000000,185910636
81470000000,185931621
81480000000,185952558
81490000000,185973503
81500000000,185994442
81510000000,186015339
81520000000,186036283
81530000000,186057015
81540000000,186077815
81550000000,186098668
81560000000,186119619
81570000000,186140453
81580000000,186161369
81590000000,186182389
81600000000,186203162
81610000000,186224133
81620000000,186244788
81630000000,186265810
81640000000,186286599
81650000000,186307767
81660000000,186328499
81670000000,186349213
81680000000,186370237
81690000000,186391136
81700000000,186412012
81710000000,186432870
81720000000,186453776
81730000000,186474598
81740000000,186495572
81750000000,186516414
81760000000,186537504
81770000000,186558342
81780000000,186579272
81790000000,186600139
81800000000,186621155
81810000000,186642033
81820000000,186662867
81830000000,186683816
81840000000,186704588
81850000000,186725425
81860000000,186746503
81870000000,186767330
81880000000,186788285
81890000000,186809346
81900000000,186830069
81910000000,186850912
81920000000,186871812
81930000000,186892784
81940000000,186913671
81950000000,186934648
81960000000,186955690
81970000000,186976516
81980000000,186997536
81990000000,187018464
82000000000,187039358
82010000000,187060394
82020000000,187081297
82030000000,187102230
82040000000,187122984
82050000000,187143706
82060000000,187164623
82070000000,187185508
82080000000,187206466
82090000000,187227580
82100000000,187248616
82110000000,187269681
82120000000,187290666
82130000000,187311636
82140000000,187332421
82150000000,187353285
82160000000,187373862
82170000000,187394607
82180000000,187415691
82190000000,187436615
82200000000,187457548
82210000000,187478535
82220000000,187499472
82230000000,187520095
82240000000,187541182
82250000000,187562313
82260000000,187583185
82270000000,187604213
82280000000,187624977
82290000000,187645927
82300000000,187666896
82310000000,187687908
82320000000,187708824
82330000000,187729762
82340000000,187750660
82350000000,187771484
82360000000,187792529
82370000000,187813534
82380000000,187834611
82390000000,187855419
82400000000,187876445
82410000000,187897314
82420000000,187918266
82430000000,187939155
82440000000,187959988
82450000000,187980963
82460000000,188001814
82470000000,188022546
82480000000,188043396
82490000000,188064400
82500000000,188085253
82510000000,188106227
82520000000,188127078
82530000000,188147820
82540000000,188168669
82550000000,188189487
82560000000,188210115
82570000000,188230941
82580000000,188251827
82590000000,188272642
82600000000,188293398
82610000000,188314345
82620000000,188335379
82630000000,188356354
82640000000,188377144
82650000000,188397993
82660000000,188418759
82670000000,188439539
82680000000,188460245
82690000000,188481247
82700000000,188502134
82710000000,188523149
82720000000,188543895
82730000000,188564617
82740000000,188585481
82750000000,188606342
82760000000,188627221
82770000000,188648240
82780000000,188669257
82790000000,188690210
82800000000,188711181
82810000000,188731983
82820000000,188752873
82830000000,188773583
82840000000,188794666
82850000000,188815546
82860000000,188836385
82870000000,188857295
82880000000,188878310
82890000000,188899299
82900000000,188920137
82910000000,188941023
82920000000,188961863
82930000000,188982740
82940000000,189003561
82950000000,189024463
82960000000,189045552
82970000000,189066487
82980000000,189087394
82990000000,189108146
83000000000,189129203
83010000000,189150082
83020000000,189171021
83030000000,189191867
83040000000,189212586
83050000000,189233698
83060000000,189254623
83070000000,189275520
83080000000,189296359
83090000000,189317234
83100000000,189338134
83110000000,189359030
83120000000,189379980
83130000000,189400838
83140000000,189421783
83150000000,189442747
83160000000,189463833
83170000000,189484750
83180000000,189505841
83190000000,189526615
83200000000,189547362
83210000000,189568104
83220000000,189589097
83230000000,189609978
83240000000,189630885
83250000000,189651802
83260000000,189672552
83270000000,189693586
83280000000,189714342
83290000000,189735273
83300000000,189756122
83310000000,189777134
83320000000,189797838
83330000000,189818929
83340000000,189839730
83350000000,189860465
83360000000,189881289
83370000000,189902120
83380000000,189923101
83390000000,189944074
83400000000,189964847
83410000000,189985791
83420000000,190006599
83430000000,190027429
83440000000,190048313
83450000000,190069106
83460000000,190089904
83470000000,190110685
83480000000,190131540
83490000000,190152140
83500000000,190173079
83510000000,190194035
83520000000,190215113
83530000000,190235908
83540000000,190256787
83550000000,190277323
83560000000,190298248
83570000000,190319290
83580000000,190340253
83590000000,190361124
83600000000,190382170
83610000000,190403067
83620000000,190423785
83630000000,190444800
83640000000,190465651
83650000000,190486673
83660000000,190507620
83670000000,190528512
83680000000,190549278
83690000000,190570137
83700000000,190591035
83710000000,190612155
83720000000,190633060
83730000000,190653898
83740000000,190674649
83750000000,190695451
83760000000,190716393
83770000000,190737110
83780000000,190757845
83790000000,190778986
83800000000,190799824
83810000000,190820773
83820000000,190841562
83830000000,190862533
83840000000,190883437
83850000000,190904529
83860000000,190925465
83870000000,190946203
83880000000,190966901
83890000000,190987814
83900000000,191008755
83910000000,191029888
83920000000,191050803
83930000000,191071805
83940000000,191092792
83950000000,191113670
83960000000,191134521
83970000000,191155353
83980000000,191176363
83990000000,191197203
84000000000,191217924
84010000000,191238734
84020000000,191259831
84030000000,191280552
84040000000,191301427
84050000000,191322595
84060000000,191343507
84070000000,191364647
84080000000,191385500
84090000000,191406217
84100000000,191427098
84110000000,191448032
84120000000,191469038
84130000000,191489805
84140000000,191510549
84150000000,191531664
84160000000,191552365
84170000000,191573056
84180000000,191593960
84190000000,191614688
84200000000,191635553
84210000000,191656313
84220000000,191677197
84230000000,191698083
84240000000,191718946
84250000000,191739824
84260000000,191760765
84270000000,191781669
84280000000,191802631
84290000000,191823402
84300000000,191844252
84310000000,191865032
84320000000,191885955
84330000000,191906504
84340000000,191927409
84350000000,191948267
84360000000,191969136
84370000000,191989962
84380000000,192011019
84390000000,192031695
84400000000,192052625
84410000000,192073656
84420000000,192094327
84430000000,192115233
84440000000,192136008
84450000000,192157009
84460000000,192177960
84470000000,192199037
84480000000,192219801
84490000000,192240546
84500000000,192261329
84510000000,192282237
84520000000,192303103
84530000000,192323987
84540000000,192344870
84550000000,192365592
84560000000,192386403
84570000000,192407411
84580000000,192428266
84590000000,192449235
84600000000,192470346
84610000000,192490973
84620000000,192511818
84630000000,192532805
84640000000,192553546
84650000000,192574468
84660000000,192595275
84670000000,192615983
84680000000,192637021
84690000000,192657837
84700000000,192678721
84710000000,192699585
84720000000,192720287
84730000000,192741140
84740000000,192761858
84750000000,192782826
84760000000,192803544
84770000000,192824114
84780000000,192845078
84790000000,192866098
84800000000,192886851
84810000000,192907734
84820000000,192928594
84830000000,192949587
84840000000,192970277
84850000000,192991075
84860000000,193012062
84870000000,193032890
84880000000,193053496
84890000000,193074263
84900000000,193095230
84910000000,193116012
84920000000,193136865
84930000000,193157886
84940000000,193178767
84950000000,193199706
84960000000,193220403
84970000000,193241259
84980000000,193262129
84990000000,193282938
85000000000,193303701
85010000000,193324471
85020000000,193345285
85030000000,193366109
85040000000,193386914
85050000000,193407876
85060000000,193428792
85070000000,193449661
85080000000,193470452
85090000000,193491344
85100000000,193512302
85110000000,193533290
85120000000,193554168
85130000000,193575132
85140000000,193595942
85150000000,193616712
85160000000,193637595
85170000000,193658404
85180000000,193679265
85190000000,193700166
85200000000,193720905
85210000000,193741908
85220000000,193762711
85230000000,193783549
85240000000,193804547
85250000000,193825524
85260000000,193846333
85270000000,193867494
85280000000,193888264
85290000000,193909019
85300000000,193929892
85310000000,193950634
85320000000,193971672
85330000000,193992661
85340000000,194013582
85350000000,194034434
85360000000,194055241
85370000000,194076269
85380000000,194097095
85390000000,194118085
85400000000,194139076
85410000000,194159933
85420000000,194180856
85430000000,194201733
85440000000,194222548
85450000000,194243342
85460000000,194264116
85470000000,194284838
85480000000,194305882
85490000000,194326842
85500000000,194347728
85510000000,194368493
85520000000,194389594
85530000000,194410389
85540000000,194431208
85550000000,194452129
85560000000,194472980
85570000000,194493770
85580000000,194514541
85590000000,194535612
85600000000,194556585
85610000000,194577222
85620000000,194598030
85630000000,194618746
85640000000,194639669
85650000000,194660621
85660000000,194681601
85670000000,194702529
85680000000,194723329
85690000000,194744122
85700000000,194765013
85710000000,194785907
85720000000,194806774
85730000000,194827515
85740000000,194848439
85750000000,194869238
85760000000,194889779
85770000000,194910885
85780000000,194931666
85790000000,194952259
85800000000,194972804
85810000000,194993492
85820000000,195014164
85830000000,195035007
85840000000,195056271
85850000000,195077169
85860000000,195097897
85870000000,195118738
85880000000,195139928
85890000000,195160851
85900000000,195181663
85910000000,195202497
85920000000,195223339
85930000000,195244062
85940000000,195265006
85950000000,195285689
85960000000,195306373
85970000000,195327243
85980000000,195348056
85990000000,195369088
86000000000,195389817
86010000000,195410719
86020000000,195431540
86030000000,195452372
86040000000,195473121
86050000000,195494038
86060000000,195514867
86070000000,195535485
86080000000,195556176
86090000000,195577193
86100000000,195598045
86110000000,195618707
86120000000,195639384
86130000000,195660427
86140000000,195681343
86150000000,195702135
86160000000,195723041
86170000000,195743930
86180000000,195764771
86190000000,195785625
86200000000,195806531
86210000000,195827225
86220000000,195848220
86230000000,195869014
86240000000,195889732
86250000000,195910627
86260000000,195931349
86270000000,195952187
86280000000,195973179
86290000000,195993929
86300000000,196014874
86310000000,196035488
86320000000,196056416
86330000000,196077266
86340000000,196098135
86350000000,196118972
86360000000,196139823
86370000000,196160633
86380000000,196181455
86390000000,196202226
86400000000,196223078
86410000000,196243961
86420000000,196264861
86430000000,196285593
86440000000,196306388
86450000000,196327396
86460000000,196348317
86470000000,196369206
86480000000,196390057
86490000000,196410871
86500000000,196431571
86510000000,196452470
86520000000,196473304
86530000000,196494389
86540000000,196515219
86550000000,196536245
86560000000,196556976
86570000000,196577492
86580000000,196598237
86590000000,196618948
86600000000,196639792
86610000000,196660406
86620000000,196681271
86630000000,196702033
86640000000,196722742
86650000000,196743540
86660000000,196764298
86670000000,196785251
86680000000,196806454
86690000000,196827085
86700000000,196847864
86710000000,196868637
86720000000,196889314
86730000000,196909847
86740000000,196930689
86750000000,196951422
86760000000,196972289
86770000000,196993242
86780000000,197014101
86790000000,197034880
86800000000,197055781
86810000000,197076626
86820000000,197097516
86830000000,197118247
86840000000,197139011
86850000000,197159904
86860000000,197180676
86870000000,197201208
86880000000,197221959
86890000000,197242952
86900000000,197263962
86910000000,197284828
86920000000,197305529
86930000000,197326233
86940000000,197347221
86950000000,197368013
86960000000,197388895
86970000000,197409758
86980000000,197430824
86990000000,197451613
87000000000,197472538
87010000000,197493316
87020000000,197514115
87030000000,197535009
87040000000,197555839
87050000000,197576545
87060000000,197597143
87070000000,197617875
87080000000,197638564
87090000000,197659565
87100000000,197680146
87110000000,197701118
87120000000,197721908
87130000000,197742757
87140000000,197763505
87150000000,197784218
87160000000,197805052
87170000000,197825738
87180000000,197846651
87190000000,197867505
87200000000,197888414
87210000000,197909029
87220000000,197929886
87230000000,197950840
87240000000,197971673
87250000000,197992595
87260000000,198013287
87270000000,198034157
87280000000,198054966
87290000000,198075465
87300000000,198096291
87310000000,198116948
87320000000,198137835
87330000000,198158795
87340000000,198179436
87350000000,198200285
87360000000,198221173
87370000000,198241873
87380000000,198262892
87390000000,198283768
87400000000,198304732
87410000000,198325737
87420000000,198346534
87430000000,198367357
87440000000,198388201
87450000000,198408987
87460000000,198429781
87470000000,198450645
87480000000,198471517
87490000000,198492233
87500000000,198512925
87510000000,198533501
87520000000,198554485
87530000000,198575521
87540000000,198596363
87550000000,198616952
87560000000,198637718
87570000000,198658281
87580000000,198679159
87590000000,198700085
87600000000,198720852
87610000000,198741721
87620000000,198762797
87630000000,198783578
87640000000,198804503
87650000000,198825180
87660000000,198846049
87670000000,198866809
87680000000,198887761
87690000000,198908745
87700000000,198929330
87710000000,198950206
87720000000,198970864
87730000000,198991797
87740000000,199012590
87750000000,199033382
87760000000,199054295
87770000000,199075147
87780000000,199095920
87790000000,199116741
87800000000,199137471
87810000000,199158355
87820000000,199179092
87830000000,199199771
87840000000,199220821
87850000000,199241607
87860000000,199262511
87870000000,199283074
87880000000,199303996
87890000000,199324720
87900000000,199345469
87910000000,199366306
87920000000,199387185
87930000000,199408031
87940000000,199429026
87950000000,199449574
87960000000,199470231
87970000000,199490993
87980000000,199511950
87990000000,199532682
88000000000,199553449
88010000000,199574304
88020000000,199595334
88030000000,199616137
88040000000,199637141
88050000000,199657940
88060000000,199678988
88070000000,199699774
88080000000,199720658
88090000000,199741355
88100000000,199761984
88110000000,199782696
88120000000,199803565
88130000000,199824459
88140000000,199845326
88150000000,199866061
88160000000,199886796
88170000000,199907568
88180000000,199928265
88190000000,199949151
88200000000,199970089
88210000000,199991002
88220000000,200011767
88230000000,200032452
88240000000,200053189
88250000000,200074024
88260000000,200094718
88270000000,200115373
88280000000,200136010
88290000000,200156865
88300000000,200177760
88310000000,200198339
88320000000,200219168
88330000000,200240157
88340000000,200260838
88350000000,200281410
88360000000,200301980
88370000000,200322914
88380000000,200343663
88390000000,200364634
88400000000,200385501
88410000000,200406408
88420000000,200427146
88430000000,200448023
88440000000,200468950
88450000000,200489821
88460000000,200510470
88470000000,200531555
88480000000,200552256
88490000000,200573012
88500000000,200593895
88510000000,200614580
88520000000,200635398
88530000000,200656119
88540000000,200676948
88550000000,200697897
88560000000,200718500
88570000000,200739380
88580000000,200760271
88590000000,200781089
88600000000,200801896
88610000000,200822780
88620000000,200843683
88630000000,200864538
88640000000,200885184
88650000000,200906057
88660000000,200926874
88670000000,200947723
88680000000,200968619
88690000000,200989464
88700000000,201010261
88710000000,201030853
88720000000,201051668
88730000000,201072542
88740000000,201093520
88750000000,201114102
88760000000,201135025
88770000000,201155887
88780000000,201176478
88790000000,201197342
88800000000,201217991
88810000000,201238601
88820000000,201259604
88830000000,201280404
88840000000,201301276
88850000000,201322046
88860000000,201342724
88870000000,201363441
88880000000,201384263
88890000000,201404993
88900000000,201425985
88910000000,201446854
88920000000,201467697
88930000000,201488377
88940000000,201509074
88950000000,201529900
88960000000,201550488
88970000000,201571344
88980000000,201592127
88990000000,201612853
89000000000,201633551
89010000000,201654294
89020000000,201675212
89030000000,201696001
89040000000,201716702
89050000000,201737567
89060000000,201758491
89070000000,201779206
89080000000,201800069
89090000000,201820826
89100000000,201841594
89110000000,201862336
89120000000,201883040
89130000000,201903847
89140000000,201924685
89150000000,201945272
89160000000,201965976
89170000000,201986907
89180000000,202007483
89190000000,202028153
89200000000,202049254
89210000000,202070186
89220000000,202090793
89230000000,202111753
89240000000,202132405
89250000000,202153186
89260000000,202173851
89270000000,202194384
89280000000,202215134
89290000000,202235799
89300000000,202256608
89310000000,202277296
89320000000,202297946
89330000000,202318635
89340000000,202339647
89350000000,202360301
89360000000,202381190
89370000000,202401962
89380000000,202422767
89390000000,202443776
89400000000,202464522
89410000000,202485338
89420000000,202505894
89430000000,202526562
89440000000,202547345
89450000000,202568111
89460000000,202589137
89470000000,202609897
89480000000,202630669
89490000000,202651502
89500000000,202672233
89510000000,202693078
89520000000,202713822
89530000000,202734553
89540000000,202755439
89550000000,202776158
89560000000,202796918
89570000000,202817574
89580000000,202838202
89590000000,202858895
89600000000,202879894
89610000000,202900775
89620000000,202921585
89630000000,202942166
89640000000,202963195
89650000000,202984023
89660000000,203004591
89670000000,203025264
89680000000,203046041
89690000000,203067066
89700000000,203087799
89710000000,203108521
89720000000,203129114
89730000000,203149877
89740000000,203170627
89750000000,203191345
89760000000,203212138
89770000000,203232799
89780000000,203253619
89790000000,203274311
89800000000,203295088
89810000000,203316043
89820000000,203336664
89830000000,203357583
89840000000,203378386
89850000000,203399000
89860000000,203419699
89870000000,203440547
89880000000,203461219
89890000000,203481926
89900000000,203502491
89910000000,203523349
89920000000,203543880
89930000000,203564568
89940000000,203585473
89950000000,203606389
89960000000,203627223
89970000000,203648119
89980000000,203668805
89990000000,203689474
90000000000,203710414
90010000000,203731033
90020000000,203751658
90030000000,203772548
90040000000,203793273
90050000000,203814009
90060000000,203834860
90070000000,203855656
90080000000,203876312
90090000000,203897178
90100000000,203918139
90110000000,203939030
90120000000,203959743
90130000000,203980489
90140000000,204001345
90150000000,204022079
90160000000,204042694
90170000000,204063598
90180000000,204084444
90190000000,204105144
90200000000,204126187
90210000000,204146904
90220000000,204167574
90230000000,204188344
90240000000,204209082
90250000000,204229920
90260000000,204250615
90270000000,204271563
90280000000,204292155
90290000000,204313152
90300000000,204334034
90310000000,204354777
90320000000,204375641
90330000000,204396411
90340000000,204417065
90350000000,204437876
90360000000,204458755
90370000000,204479642
90380000000,204500322
90390000000,204521064
90400000000,204541849
90410000000,204562482
90420000000,204583307
90430000000,204604011
90440000000,204624779
90450000000,204645372
90460000000,204665994
90470000000,204686906
90480000000,204707675
90490000000,204728387
90500000000,204749308
90510000000,204770240
90520000000,204790866
90530000000,204811545
90540000000,204832406
90550000000,204853019
90560000000,204873644
90570000000,204894316
90580000000,204914761
90590000000,204935348
90600000000,204956354
90610000000,204976774
90620000000,204997564
90630000000,205018287
90640000000,205039125
90650000000,205059699
90660000000,205080398
90670000000,205101136
90680000000,205121823
90690000000,205142608
90700000000,205163280
90710000000,205184066
90720000000,205204741
90730000000,205225530
90740000000,205246437
90750000000,205267104
90760000000,205287748
90770000000,205308518
90780000000,205329106
90790000000,205349975
90800000000,205370787
90810000000,205391524
90820000000,205412491
90830000000,205433051
90840000000,205453805
90850000000,205474365
90860000000,205495146
90870000000,205515683
90880000000,205536472
90890000000,205557402
90900000000,205578303
90910000000,205599025
90920000000,205619682
90930000000,205640553
90940000000,205661431
90950000000,205682095
90960000000,205702692
90970000000,205723528
90980000000,205744278
90990000000,205764997
91000000000,205785652
91010000000,205806302
91020000000,205826906
91030000000,205847663
91040000000,205868383
91050000000,205889097
91060000000,205909707
91070000000,205930529
91080000000,205951205
91090000000,205971957
91100000000,205992752
91110000000,206013470
91120000000,206034275
91130000000,206055229
91140000000,206075860
91150000000,206096623
91160000000,206117485
91170000000,206138286
91180000000,206159124
91190000000,206179814
91200000000,206200661
91210000000,206221501
91220000000,206241919
91230000000,206262859
91240000000,206283597
91250000000,206304773
91260000000,206325450
91270000000,206346353
91280000000,206366964
91290000000,206387611
91300000000,206408236
91310000000,206429026
91320000000,206449690
91330000000,206470529
91340000000,206491269
91350000000,206511726
91360000000,206532658
91370000000,206553322
91380000000,206573914
91390000000,206594377
91400000000,206615177
91410000000,206636022
91420000000,206656831
91430000000,206677387
91440000000,206697862
91450000000,206718625
91460000000,206739561
91470000000,206760367
91480000000,206780961
91490000000,206801639
91500000000,206822366
91510000000,206843065
91520000000,206863673
91530000000,206884246
91540000000,206905038
91550000000,206925796
91560000000,206946319
91570000000,206967029
91580000000,206987588
91590000000,207008472
91600000000,207029290
91610000000,207050189
91620000000,207070971
91630000000,207091560
91640000000,207112300
91650000000,207133065
91660000000,207153700
91670000000,207174275
91680000000,207194936
91690000000,207215814
91700000000,207236746
91710000000,207257633
91720000000,207278425
91730000000,207299157
91740000000,207319858
91750000000,207340800
91760000000,207361561
91770000000,207382356
91780000000,207402867
91790000000,207423713
91800000000,207444404
91810000000,207465163
91820000000,207486058
91830000000,207506813
91840000000,207527407
91850000000,207548000
91860000000,207568750
91870000000,207589687
91880000000,207610301
91890000000,207631058
91900000000,207651631
91910000000,207672387
91920000000,207693109
91930000000,207713899
91940000000,207734768
91950000000,207755368
91960000000,207776038
91970000000,207796854
91980000000,207817386
91990000000,207838389
92000000000,207859075
92010000000,207879778
92020000000,207900436
92030000000,207920958
92040000000,207941899
92050000000,207962421
92060000000,207983077
92070000000,208003844
92080000000,208024490
92090000000,208045159
92100000000,208066008
92110000000,208086433
92120000000,208107133
92130000000,208127932
92140000000,208148715
92150000000,208169470
92160000000,208189972
92170000000,208210692
92180000000,208231358
92190000000,208252117
92200000000,208272781
92210000000,208293593
92220000000,208314228
92230000000,208335013
92240000000,208355633
92250000000,208376347
92260000000,208396932
92270000000,208417754
92280000000,208438328
92290000000,208458771
92300000000,208479433
92310000000,208500243
92320000000,208521191
92330000000,208541818
92340000000,208562666
92350000000,208583401
92360000000,208604087
92370000000,208624771
92380000000,208645575
92390000000,208666376
92400000000,208687369
92410000000,208708136
92420000000,208729053
92430000000,208749952
92440000000,208770861
92450000000,208791440
92460000000,208812107
92470000000,208832942
92480000000,208853638
92490000000,208874284
92500000000,208894939
92510000000,208915722
92520000000,208936357
92530000000,208956972
92540000000,208977811
92550000000,208998502
92560000000,209019279
92570000000,209039863
92580000000,209060515
92590000000,209081081
92600000000,209101679
92610000000,209122118
92620000000,209142812
92630000000,209163340
92640000000,209183886
92650000000,209204761
92660000000,209225484
92670000000,209246223
92680000000,209266669
92690000000,209287574
92700000000,209308341
92710000000,209329002
92720000000,209349709
92730000000,209370494
92740000000,209391209
92750000000,209411796
92760000000,209432671
92770000000,209453334
92780000000,209474210
92790000000,209494782
92800000000,209515296
92810000000,209536123
92820000000,209557119
92830000000,209577827
92840000000,209598634
92850000000,209619305
92860000000,209640049
92870000000,209660592
92880000000,209681223
92890000000,209701956
92900000000,209722706
92910000000,209743319
92920000000,209763767
92930000000,209784578
92940000000,209805258
92950000000,209825857
92960000000,209846624
92970000000,209867327
92980000000,209888195
92990000000,209909034
93000000000,209929781
93010000000,209950355
93020000000,209970883
93030000000,209991567
93040000000,210012279
93050000000,210032954
93060000000,210053720
93070000000,210074299
93080000000,210095081
93090000000,210115630
93100000000,210136256
93110000000,210157014
93120000000,210177702
93130000000,210198637
93140000000,210219151
93150000000,210240004
93160000000,210260676
93170000000,210281269
93180000000,210301873
93190000000,210322533
93200000000,210343303
93210000000,210363804
93220000000,210384636
93230000000,210405192
93240000000,210425870
93250000000,210446685
93260000000,210467408
93270000000,210487962
93280000000,210508652
93290000000,210529456
93300000000,210550181
93310000000,210570873
93320000000,210591734
93330000000,210612372
93340000000,210633103
93350000000,210653854
93360000000,210674833
93370000000,210695672
93380000000,210716564
93390000000,210737186
93400000000,210757664
93410000000,210778341
93420000000,210798946
93430000000,210819602
93440000000,210840406
93450000000,210860933
93460000000,210881661
93470000000,210902216
93480000000,210922778
93490000000,210943466
93500000000,210963945
93510000000,210984702
93520000000,211005249
93530000000,211025791
93540000000,211046644
93550000000,211067406
93560000000,211088123
93570000000,211108752
93580000000,211129445
93590000000,211150102
93600000000,211170840
93610000000,211191571
93620000000,211212216
93630000000,211232755
93640000000,211253465
93650000000,211274083
93660000000,211294705
93670000000,211315325
93680000000,211336338
93690000000,211356947
93700000000,211377653
93710000000,211398398
93720000000,211419081
93730000000,211439784
93740000000,211460779
93750000000,211481505
93760000000,211502229
93770000000,211523009
93780000000,211543672
93790000000,211564410
93800000000,211585327
93810000000,211606120
93820000000,211626703
93830000000,211647258
93840000000,211667868
93850000000,211688584
93860000000,211709239
93870000000,211729850
93880000000,211750173
93890000000,211770852
93900000000,211791443
93910000000,211812346
93920000000,211832980
93930000000,211853529
93940000000,211874094
93950000000,211894817
93960000000,211915835
93970000000,211936270
93980000000,211956847
93990000000,211977559
94000000000,211998293
94010000000,212019045
94020000000,212039656
94030000000,212060205
94040000000,212080954
94050000000,212101847
94060000000,212122645
94070000000,212143192
94080000000,212163805
94090000000,212184518
94100000000,212205196
94110000000,212226044
94120000000,212246722
94130000000,212267390
94140000000,212287926
94150000000,212308450
94160000000,212329082
94170000000,212349969
94180000000,212370763
94190000000,212391523
94200000000,212412311
94210000000,212432979
94220000000,212453639
94230000000,212474149
94240000000,212495013
94250000000,212515635
94260000000,212536235
94270000000,212557034
94280000000,212577775
94290000000,212598253
94300000000,212619141
94310000000,212639624
94320000000,212660142
94330000000,212680741
94340000000,212701385
94350000000,212721902
94360000000,212742661
94370000000,212763393
94380000000,212784305
94390000000,212804921
94400000000,212825587
94410000000,212846223
94420000000,212866781
94430000000,212887422
94440000000,212908004
94450000000,212928665
94460000000,212949338
94470000000,212970010
94480000000,212990679
94490000000,213011274
94500000000,213031904
94510000000,213052509
94520000000,213073089
94530000000,213093686
94540000000,213114238
94550000000,213134929
94560000000,213155708
94570000000,213176419
94580000000,213196953
94590000000,213217707
94600000000,213238194
94610000000,213258742
94620000000,213279465
94630000000,213299938
94640000000,213320654
94650000000,213341296
94660000000,213362018
94670000000,213382622
94680000000,213403556
94690000000,213424187
94700000000,213444978
94710000000,213465787
94720000000,213486387
94730000000,213506910
94740000000,213527478
94750000000,213548193
94760000000,213568983
94770000000,213589669
94780000000,213610221
94790000000,213631030
94800000000,213651684
94810000000,213672637
94820000000,213693300
94830000000,213713934
94840000000,213734701
94850000000,213755281
94860000000,213775907
94870000000,213796405
94880000000,213816960
94890000000,213837827
94900000000,213858482
94910000000,213879028
94920000000,213899650
94930000000,213920321
94940000000,213941081
94950000000,213961777
94960000000,213982522
94970000000,214003230
94980000000,214023891
94990000000,214044741
95000000000,214065298
95010000000,214085990
95020000000,214106592
95030000000,214127385
95040000000,214148149
95050000000,214168836
95060000000,214189609
95070000000,214210170
95080000000,214230609
95090000000,214251341
95100000000,214272079
95110000000,214292826
95120000000,214313746
95130000000,214334482
95140000000,214354922
95150000000,214375627
95160000000,214396250
95170000000,214416923
95180000000,214437690
95190000000,214458409
95200000000,214478971
95210000000,214499484
95220000000,214520196
95230000000,214540653
95240000000,214561356
95250000000,214581792
95260000000,214602458
95270000000,214622983
95280000000,214643641
95290000000,214664291
95300000000,214684874
95310000000,214705775
95320000000,214726291
95330000000,214746936
95340000000,214767380
95350000000,214788137
95360000000,214808910
95370000000,214829535
95380000000,214850168
95390000000,214870710
95400000000,214891517
95410000000,214912369
95420000000,214932964
95430000000,214953871
95440000000,214974672
95450000000,214995518
95460000000,215016019
95470000000,215036826
95480000000,215057442
95490000000,215078363
95500000000,215099250
95510000000,215119982
95520000000,215140672
95530000000,215161358
95540000000,215182225
95550000000,215202851
95560000000,215223509
95570000000,215244075
95580000000,215264566
95590000000,215285260
95600000000,215305758
95610000000,215326440
95620000000,215347165
95630000000,215367610
95640000000,215388309
95650000000,215408896
95660000000,215429595
95670000000,215449907
95680000000,215470453
95690000000,215491275
95700000000,215511864
95710000000,215532521
95720000000,215553258
95730000000,215573643
95740000000,215594271
95750000000,215614987
95760000000,215635563
95770000000,215656173
95780000000,215676706
95790000000,215697511
95800000000,215718061
95810000000,215738664
95820000000,215759467
95830000000,215780147
95840000000,215800783
95850000000,215821384
95860000000,215841989
95870000000,215862653
95880000000,215883383
95890000000,215904122
95900000000,215924678
95910000000,215945358
95920000000,215965924
95930000000,215986640
95940000000,216007146
95950000000,216027851
95960000000,216048389
95970000000,216069050
95980000000,216089791
95990000000,216110506
96000000000,216131142
96010000000,216151830
96020000000,216172603
96030000000,216193035
96040000000,216213566
96050000000,216234177
96060000000,216254927
96070000000,216275638
96080000000,216296085
96090000000,216316691
96100000000,216337290
96110000000,216358115
96120000000,216378804
96130000000,216399440
96140000000,216420059
96150000000,216440621
96160000000,216461257
96170000000,216481890
96180000000,216502527
96190000000,216523256
96200000000,216544125
96210000000,216564859
96220000000,216585401
96230000000,216606025
96240000000,216626413
96250000000,216647079
96260000000,216667809
96270000000,216688471
96280000000,216709191
96290000000,216729974
96300000000,216750699
96310000000,216771254
96320000000,216791921
96330000000,216812737
96340000000,216833173
96350000000,216853924
96360000000,216874579
96370000000,216895240
96380000000,216915752
96390000000,216936297
96400000000,216956927
96410000000,216977693
96420000000,216998339
96430000000,217019002
96440000000,217039551
96450000000,217060278
96460000000,217080646
96470000000,217101525
96480000000,217122150
96490000000,217142925
96500000000,217163633
96510000000,217184157
96520000000,217204796
96530000000,217225072
96540000000,217245860
96550000000,217266482
96560000000,217287252
96570000000,217308004
96580000000,217328650
96590000000,217349395
96600000000,217369951
96610000000,217390562
96620000000,217411029
96630000000,217431833
96640000000,217452496
96650000000,217473230
96660000000,217493724
96670000000,217514554
96680000000,217535258
96690000000,217555955
96700000000,217576734
96710000000,217597389
96720000000,217617923
96730000000,217638604
96740000000,217659046
96750000000,217679509
96760000000,217700005
96770000000,217720447
96780000000,217740891
96790000000,217761455
96800000000,217782168
96810000000,217802863
96820000000,217823511
96830000000,217844258
96840000000,217864952
96850000000,217885756
96860000000,217906383
96870000000,217927098
96880000000,217947624
96890000000,217968244
96900000000,217988807
96910000000,218009417
96920000000,218030253
96930000000,218050979
96940000000,218071768
96950000000,218092513
96960000000,218113064
96970000000,218133624
96980000000,218154346
96990000000,218174829
97000000000,218195490
97010000000,218216118
97020000000,218236827
97030000000,218257395
97040000000,218277994
97050000000,218298685
97060000000,218319108
97070000000,218339831
97080000000,218360673
97090000000,218381343
97100000000,218402104
97110000000,218422721
97120000000,218443436
97130000000,218464080
97140000000,218484809
97150000000,218505411
97160000000,218525966
97170000000,218546517
97180000000,218567104
97190000000,218587629
97200000000,218608343
97210000000,218628946
97220000000,218649645
97230000000,218670443
97240000000,218691025
97250000000,218711831
97260000000,218732602
97270000000,218753027
97280000000,218773686
97290000000,218794165
97300000000,218814913
97310000000,218835690
97320000000,218856238
97330000000,218876945
97340000000,218897562
97350000000,218918130
97360000000,218938700
97370000000,218959426
97380000000,218979963
97390000000,219000702
97400000000,219021300
97410000000,219041822
97420000000,219062317
97430000000,219083105
97440000000,219103619
97450000000,219124421
97460000000,219144843
97470000000,219165460
97480000000,219186097
97490000000,219206517
97500000000,219227225
97510000000,219247699
97520000000,219268182
97530000000,219288999
97540000000,219309526
97550000000,219330122
97560000000,219350882
97570000000,219371559
97580000000,219392069
97590000000,219412853
97600000000,219433625
97610000000,219454081
97620000000,219474752
97630000000,219495524
97640000000,219516176
97650000000,219536886
97660000000,219557571
97670000000,219578152
97680000000,219598800
97690000000,219619448
97700000000,219640244
97710000000,219660678
97720000000,219681288
97730000000,219701874
97740000000,219722631
97750000000,219743414
97760000000,219764016
97770000000,219784698
97780000000,219805453
97790000000,219825833
97800000000,219846401
97810000000,219866966
97820000000,219887736
97830000000,219908403
97840000000,219929078
97850000000,219949618
97860000000,219970413
97870000000,219990824
97880000000,220011535
97890000000,220032218
97900000000,220052909
97910000000,220073594
97920000000,220094085
97930000000,220114716
97940000000,220135331
97950000000,220155781
97960000000,220176392
97970000000,220197050
97980000000,220217755
97990000000,220238356
98000000000,220258964
98010000000,220279430
98020000000,220300035
98030000000,220320812
98040000000,220341380
98050000000,220361907
98060000000,220382611
98070000000,220403098
98080000000,220423732
98090000000,220444511
98100000000,220465097
98110000000,220485665
98120000000,220506392
98130000000,220526867
98140000000,220547593
98150000000,220568214
98160000000,220588811
98170000000,220609444
98180000000,220630093
98190000000,220650760
98200000000,220671443
98210000000,220691969
98220000000,220712437
98230000000,220733002
98240000000,220753722
98250000000,220774197
98260000000,220794614
98270000000,220815024
98280000000,220835670
98290000000,220856394
98300000000,220877073
98310000000,220897573
98320000000,220918029
98330000000,220938776
98340000000,220959320
98350000000,220979874
98360000000,221000349
98370000000,221021035
98380000000,221041590
98390000000,221061990
98400000000,221082464
98410000000,221103223
98420000000,221123759
98430000000,221144495
98440000000,221164882
98450000000,221185486
98460000000,221206017
98470000000,221226565
98480000000,221247237
98490000000,221267748
98500000000,221288311
98510000000,221309056
98520000000,221329766
98530000000,221350245
98540000000,221370836
98550000000,221391338
98560000000,221411871
98570000000,221432399
98580000000,221452894
98590000000,221473320
98600000000,221493754
98610000000,221514540
98620000000,221535007
98630000000,221555534
98640000000,221576167
98650000000,221596749
98660000000,221617281
98670000000,221637970
98680000000,221658420
98690000000,221678709
98700000000,221699370
98710000000,221719912
98720000000,221740526
98730000000,221761155
98740000000,221781851
98750000000,221802445
98760000000,221822948
98770000000,221843388
98780000000,221864123
98790000000,221884682
98800000000,221905384
98810000000,221925860
98820000000,221946596
98830000000,221967188
98840000000,221987795
98850000000,222008426
98860000000,222028948
98870000000,222049505
98880000000,222070067
98890000000,222090468
98900000000,222111047
98910000000,222131754
98920000000,222152616
98930000000,222173193
98940000000,222193630
98950000000,222214122
98960000000,222234714
98970000000,222255335
98980000000,222275960
98990000000,222296358
99000000000,222316948
99010000000,222337476
99020000000,222358145
99030000000,222378864
99040000000,222399160
99050000000,222419770
99060000000,222440151
99070000000,222460677
99080000000,222481323
99090000000,222501719
99100000000,222522346
99110000000,222542913
99120000000,222563342
99130000000,222583826
99140000000,222604535
99150000000,222625209
99160000000,222646044
99170000000,222666678
99180000000,222687369
99190000000,222707954
99200000000,222728200
99210000000,222748911
99220000000,222769526
99230000000,222789951
99240000000,222810597
99250000000,222831126
99260000000,222851703
99270000000,222872198
99280000000,222892571
99290000000,222913224
99300000000,222933825
99310000000,222954384
99320000000,222975066
99330000000,222995522
99340000000,223016322
99350000000,223036951
99360000000,223057553
99370000000,223078184
99380000000,223098764
99390000000,223119585
99400000000,223140153
99410000000,223160761
99420000000,223181143
99430000000,223201703
99440000000,223222561
99450000000,223243119
99460000000,223263506
99470000000,223284110
99480000000,223304777
99490000000,223325450
99500000000,223346004
99510000000,223366673
99520000000,223387313
99530000000,223407913
99540000000,223428711
99550000000,223449447
99560000000,223469971
99570000000,223490937
99580000000,223511450
99590000000,223532006
99600000000,223552599
99610000000,223573053
99620000000,223593587
99630000000,223614199
99640000000,223634798
99650000000,223655383
99660000000,223676072
99670000000,223696694
99680000000,223717314
99690000000,223737981
99700000000,223758349
99710000000,223778856
99720000000,223799483
99730000000,223820098
99740000000,223840627
99750000000,223861264
99760000000,223881882
99770000000,223902529
99780000000,223923194
99790000000,223943838
99800000000,223964378
99810000000,223984899
99820000000,224005709
99830000000,224026197
99840000000,224046885
99850000000,224067482
99860000000,224087944
99870000000,224108529
99880000000,224129094
99890000000,224149711
99900000000,224170502
99910000000,224191232
99920000000,224211983
99930000000,224232469
99940000000,224252988
99950000000,224273663
99960000000,224294095
99970000000,224314509
99980000000,224335084
99990000000,224355558
100000000000,224376048
