==============================================================================
O15 — fine-ladder residual  (fit-free; two-point exponent; projection, not fit)
==============================================================================
  Delta_N = sum over primes[N:2N] of p^(-sigma) exp(-i t log p)
  g(N)    = |Delta_N| / N^(1-sigma)          (UNCHANGED from O14)
  ladder  : N_j = round(125 * 1.1^j), kept while 2N_j <= n_primes
  log-N step = log(r) = 0.0953102   (dyadic ladder: log 2 = 0.6931472)
  Nyquist = pi/log(r) = 32.961774   (dyadic ladder: 4.532360)
  gamma_1 = 14.134725, gamma_2 = 21.02204, gamma_3 = 25.010858
    gamma_1 BELOW Nyquist (14.134725 vs 32.961774)
    gamma_2 BELOW Nyquist (21.02204 vs 32.961774)
    gamma_3 BELOW Nyquist (25.010858 vs 32.961774)
  a difference along j is a difference over a log-N step of log(r),
  NOT log(2) — depth-d values are not comparable to O14's unless r = 2.
  consecutive rungs OVERLAP (block is still N -> 2N); that is intended
  oversampling of a function, not a redefinition of it.

  sieving primes to 150000000...
  8444396 primes, largest = 149999957
  raw ladder steps generated : 110
  collapsed by rounding      : 0
  rungs kept (strictly increasing) : 110
  first N = 125   last N = 4061745
  log-N span = 10.3888095
  frequency resolution 2*pi/(log N_last - log N_first) = 0.604803
  largest prime index used : 8123489 (value 143963389)
  sigmas : [0.0, 0.5, 1.0]
  t vals : [0.0, 14.5]
  depths : 0..8
  gamma grid : 0 to 30 step 0.02  (1501 points)
  bands (PRE-REGISTERED, fixed before the run): |gamma - gamma_i| <= 0.5 and P > 5 x median(P)

------------------------------------------------------------------------------
LADDER SERIES — one block per (sigma, t)
------------------------------------------------------------------------------

  ==== sigma = 0   t = 0   (non-oscillatory row)
     j        N_j            |Delta_N|            G[j,0]            G[j,1]            G[j,2]            G[j,3]            G[j,4]            G[j,5]            G[j,6]            G[j,7]            G[j,8]
     0        125                  125                 1                 —                 —                 —                 —                 —                 —                 —                 —
     1        138                  138                 1                 0                 —                 —                 —                 —                 —                 —                 —
     2        151                  151                 1                 0                 0                 —                 —                 —                 —                 —                 —
     3        166                  166                 1                 0                 0                 0                 —                 —                 —                 —                 —
     4        183                  183                 1                 0                 0                 0                 0                 —                 —                 —                 —
     5        201                  201                 1                 0                 0                 0                 0                 0                 —                 —                 —
     6        221                  221                 1                 0                 0                 0                 0                 0                 0                 —                 —
     7        244                  244                 1                 0                 0                 0                 0                 0                 0                 0                 —
     8        268                  268                 1                 0                 0                 0                 0                 0                 0                 0                 0
     9        295                  295                 1                 0                 0                 0                 0                 0                 0                 0                 0
    10        324                  324                 1                 0                 0                 0                 0                 0                 0                 0                 0
    11        357                  357                 1                 0                 0                 0                 0                 0                 0                 0                 0
    12        392                  392                 1                 0                 0                 0                 0                 0                 0                 0                 0
    13        432                  432                 1                 0                 0                 0                 0                 0                 0                 0                 0
    14        475                  475                 1                 0                 0                 0                 0                 0                 0                 0                 0
    15        522                  522                 1                 0                 0                 0                 0                 0                 0                 0                 0
    16        574                  574                 1                 0                 0                 0                 0                 0                 0                 0                 0
    17        632                  632                 1                 0                 0                 0                 0                 0                 0                 0                 0
    18        695                  695                 1                 0                 0                 0                 0                 0                 0                 0                 0
    19        764                  764                 1                 0                 0                 0                 0                 0                 0                 0                 0
    20        841                  841                 1                 0                 0                 0                 0                 0                 0                 0                 0
    21        925                  925                 1                 0                 0                 0                 0                 0                 0                 0                 0
    22       1018                 1018                 1                 0                 0                 0                 0                 0                 0                 0                 0
    23       1119                 1119                 1                 0                 0                 0                 0                 0                 0                 0                 0
    24       1231                 1231                 1                 0                 0                 0                 0                 0                 0                 0                 0
    25       1354                 1354                 1                 0                 0                 0                 0                 0                 0                 0                 0
    26       1490                 1490                 1                 0                 0                 0                 0                 0                 0                 0                 0
    27       1639                 1639                 1                 0                 0                 0                 0                 0                 0                 0                 0
    28       1803                 1803                 1                 0                 0                 0                 0                 0                 0                 0                 0
    29       1983                 1983                 1                 0                 0                 0                 0                 0                 0                 0                 0
    30       2181                 2181                 1                 0                 0                 0                 0                 0                 0                 0                 0
    31       2399                 2399                 1                 0                 0                 0                 0                 0                 0                 0                 0
    32       2639                 2639                 1                 0                 0                 0                 0                 0                 0                 0                 0
    33       2903                 2903                 1                 0                 0                 0                 0                 0                 0                 0                 0
    34       3193                 3193                 1                 0                 0                 0                 0                 0                 0                 0                 0
    35       3513                 3513                 1                 0                 0                 0                 0                 0                 0                 0                 0
    36       3864                 3864                 1                 0                 0                 0                 0                 0                 0                 0                 0
    37       4250                 4250                 1                 0                 0                 0                 0                 0                 0                 0                 0
    38       4676                 4676                 1                 0                 0                 0                 0                 0                 0                 0                 0
    39       5143                 5143                 1                 0                 0                 0                 0                 0                 0                 0                 0
    40       5657                 5657                 1                 0                 0                 0                 0                 0                 0                 0                 0
    41       6223                 6223                 1                 0                 0                 0                 0                 0                 0                 0                 0
    42       6845                 6845                 1                 0                 0                 0                 0                 0                 0                 0                 0
    43       7530                 7530                 1                 0                 0                 0                 0                 0                 0                 0                 0
    44       8283                 8283                 1                 0                 0                 0                 0                 0                 0                 0                 0
    45       9111                 9111                 1                 0                 0                 0                 0                 0                 0                 0                 0
    46      10022                10022                 1                 0                 0                 0                 0                 0                 0                 0                 0
    47      11025                11025                 1                 0                 0                 0                 0                 0                 0                 0                 0
    48      12127                12127                 1                 0                 0                 0                 0                 0                 0                 0                 0
    49      13340                13340                 1                 0                 0                 0                 0                 0                 0                 0                 0
    50      14674                14674                 1                 0                 0                 0                 0                 0                 0                 0                 0
    51      16141                16141                 1                 0                 0                 0                 0                 0                 0                 0                 0
    52      17755                17755                 1                 0                 0                 0                 0                 0                 0                 0                 0
    53      19531                19531                 1                 0                 0                 0                 0                 0                 0                 0                 0
    54      21484                21484                 1                 0                 0                 0                 0                 0                 0                 0                 0
    55      23632                23632                 1                 0                 0                 0                 0                 0                 0                 0                 0
    56      25996                25996                 1                 0                 0                 0                 0                 0                 0                 0                 0
    57      28595                28595                 1                 0                 0                 0                 0                 0                 0                 0                 0
    58      31455                31455                 1                 0                 0                 0                 0                 0                 0                 0                 0
    59      34600                34600                 1                 0                 0                 0                 0                 0                 0                 0                 0
    60      38060                38060                 1                 0                 0                 0                 0                 0                 0                 0                 0
    61      41866                41866                 1                 0                 0                 0                 0                 0                 0                 0                 0
    62      46053                46053                 1                 0                 0                 0                 0                 0                 0                 0                 0
    63      50658                50658                 1                 0                 0                 0                 0                 0                 0                 0                 0
    64      55724                55724                 1                 0                 0                 0                 0                 0                 0                 0                 0
    65      61296                61296                 1                 0                 0                 0                 0                 0                 0                 0                 0
    66      67426                67426                 1                 0                 0                 0                 0                 0                 0                 0                 0
    67      74169                74169                 1                 0                 0                 0                 0                 0                 0                 0                 0
    68      81585                81585                 1                 0                 0                 0                 0                 0                 0                 0                 0
    69      89744                89744                 1                 0                 0                 0                 0                 0                 0                 0                 0
    70      98718                98718                 1                 0                 0                 0                 0                 0                 0                 0                 0
    71     108590               108590                 1                 0                 0                 0                 0                 0                 0                 0                 0
    72     119449               119449                 1                 0                 0                 0                 0                 0                 0                 0                 0
    73     131394               131394                 1                 0                 0                 0                 0                 0                 0                 0                 0
    74     144534               144534                 1                 0                 0                 0                 0                 0                 0                 0                 0
    75     158987               158987                 1                 0                 0                 0                 0                 0                 0                 0                 0
    76     174886               174886                 1                 0                 0                 0                 0                 0                 0                 0                 0
    77     192374               192374                 1                 0                 0                 0                 0                 0                 0                 0                 0
    78     211612               211612                 1                 0                 0                 0                 0                 0                 0                 0                 0
    79     232773               232773                 1                 0                 0                 0                 0                 0                 0                 0                 0
    80     256050               256050                 1                 0                 0                 0                 0                 0                 0                 0                 0
    81     281655               281655                 1                 0                 0                 0                 0                 0                 0                 0                 0
    82     309821               309821                 1                 0                 0                 0                 0                 0                 0                 0                 0
    83     340803               340803                 1                 0                 0                 0                 0                 0                 0                 0                 0
    84     374883               374883                 1                 0                 0                 0                 0                 0                 0                 0                 0
    85     412371               412371                 1                 0                 0                 0                 0                 0                 0                 0                 0
    86     453608               453608                 1                 0                 0                 0                 0                 0                 0                 0                 0
    87     498969               498969                 1                 0                 0                 0                 0                 0                 0                 0                 0
    88     548866               548866                 1                 0                 0                 0                 0                 0                 0                 0                 0
    89     603753               603753                 1                 0                 0                 0                 0                 0                 0                 0                 0
    90     664128               664128                 1                 0                 0                 0                 0                 0                 0                 0                 0
    91     730541               730541                 1                 0                 0                 0                 0                 0                 0                 0                 0
    92     803595               803595                 1                 0                 0                 0                 0                 0                 0                 0                 0
    93     883954               883954                 1                 0                 0                 0                 0                 0                 0                 0                 0
    94     972350               972350                 1                 0                 0                 0                 0                 0                 0                 0                 0
    95    1069585              1069585                 1                 0                 0                 0                 0                 0                 0                 0                 0
    96    1176543              1176543                 1                 0                 0                 0                 0                 0                 0                 0                 0
    97    1294197              1294197                 1                 0                 0                 0                 0                 0                 0                 0                 0
    98    1423617              1423617                 1                 0                 0                 0                 0                 0                 0                 0                 0
    99    1565979              1565979                 1                 0                 0                 0                 0                 0                 0                 0                 0
   100    1722577              1722577                 1                 0                 0                 0                 0                 0                 0                 0                 0
   101    1894834              1894834                 1                 0                 0                 0                 0                 0                 0                 0                 0
   102    2084318              2084318                 1                 0                 0                 0                 0                 0                 0                 0                 0
   103    2292749              2292749                 1                 0                 0                 0                 0                 0                 0                 0                 0
   104    2522024              2522024                 1                 0                 0                 0                 0                 0                 0                 0                 0
   105    2774227              2774227                 1                 0                 0                 0                 0                 0                 0                 0                 0
   106    3051649              3051649                 1                 0                 0                 0                 0                 0                 0                 0                 0
   107    3356814              3356814                 1                 0                 0                 0                 0                 0                 0                 0                 0
   108    3692496              3692496                 1                 0                 0                 0                 0                 0                 0                 0                 0
   109    4061745              4061745                 1                 0                 0                 0                 0                 0                 0                 0                 0

  ENVELOPE EXPONENT theta_rms  (TWO-POINT RATIO OF HALF-LADDER RMS, NOT A FIT)
    d  n_rungs  n_half           RMS_lo           RMS_hi          NM_lo          NM_hi     theta_rms  theta_no_max  theta_no_min
    0      110      55                1                1       1638.705       309820.4     -0.000000     -0.000000     -0.000000
    1      109      54                0                0       1718.688       324942.5             —             —             —
    2      108      54                0                0       1890.429       324942.5             —             —             —
    3      107      53                0                0       1982.757       340802.5             —             —             —
    4      106      53                0                0       2181.126       340802.5             —             —             —
    5      105      52                0                0       2287.586       357436.7             —             —             —
    6      104      52                0                0        2516.42       357436.7             —             —             —
    7      103      51                0                0       2639.348       374882.7             —             —             —
    8      102      51                0                0       2903.188       374882.7             —             —             —

  PROJECTION P(gamma) = |sum_j w_j Ghat[j,d] exp(-i gamma log N_j)|   (hann window; inner product, NOT a fit)
    d  argmax gamma    P_max/med    P(g1)/med    P(g2)/med    P(g3)/med       median P  verdict
    0        0.0000    6055.0753       0.8037       1.1959       1.2299     0.00900071     NULL
    1        0.0000            —            —            —            —              0     NULL
    2        0.0000            —            —            —            —              0     NULL
    3        0.0000            —            —            —            —              0     NULL
    4        0.0000            —            —            —            —              0     NULL
    5        0.0000            —            —            —            —              0     NULL
    6        0.0000            —            —            —            —              0     NULL
    7        0.0000            —            —            —            —              0     NULL
    8        0.0000            —            —            —            —              0     NULL

  ==== sigma = 0   t = 14.5
     j        N_j            |Delta_N|            G[j,0]            G[j,1]            G[j,2]            G[j,3]            G[j,4]            G[j,5]            G[j,6]            G[j,7]            G[j,8]
     0        125        9.53564243284     0.07628513946                 —                 —                 —                 —                 —                 —                 —                 —
     1        138        15.9003488256       0.115219919     0.03893477956                 —                 —                 —                 —                 —                 —                 —
     2        151        12.8987029932     0.08542187413     -0.0297980449    -0.06873282446                 —                 —                 —                 —                 —                 —
     3        166        9.18446140017     0.05532808072     -0.0300937934  -0.0002957485046     0.06843707596                 —                 —                 —                 —                 —
     4        183        18.5422314169      0.1013236689     0.04599558822     0.07608938162     0.07638513013    0.007948054171                 —                 —                 —                 —
     5        201        20.9201287572      0.1040802426    0.002756573628    -0.04323901459     -0.1193283962     -0.1957135263     -0.2036615805                 —                 —                 —
     6        221         20.474365257     0.09264418668    -0.01143605589    -0.01419262952     0.02904638507      0.1483747813      0.3440883076      0.5477498882                 —                 —
     7        244        16.9333109207     0.06939881525    -0.02324537143    -0.01180931554    0.002383313974     -0.0266630711     -0.1750378524       -0.51912616      -1.066876048                 —
     8        268        25.5562726511     0.09535922631     0.02596041106      0.0492057825     0.06101509804     0.05863178407     0.08529485517      0.2603327076      0.7794588676       1.846334916
     9        295        33.7180460941      0.1142984613     0.01893923503   -0.007021176036    -0.05622695853     -0.1172420566     -0.1758738406     -0.2611686958     -0.5215014034      -1.300960271
    10        324        32.0269072065     0.09884847903     -0.0154499823    -0.03438921733    -0.02736804129     0.02885891724      0.1461009738      0.3219748144      0.5831435103       1.104644914
    11        357        28.6517752177     0.08025707344    -0.01859140559    -0.00314142329     0.03124779404     0.05861583533      0.0297569181     -0.1163440557     -0.4383188702       -1.02146238
    12        392        40.6887377023      0.1037978003     0.02354072682     0.04213213242     0.04527355571     0.01402576167    -0.04459007367    -0.07434699176     0.04199706395      0.4803159341
    13        432        50.7824228865      0.1175519048     0.01375410457   -0.009786622253    -0.05191875467    -0.09719231037      -0.111218072    -0.06662799837    0.007718993391    -0.03427807056
    14        475        47.9106811193      0.1008645918      -0.016687313    -0.03044141757    -0.02065479532     0.03126395935      0.1284562697      0.2396743418      0.3063023401      0.2985833467
    15        522        48.1188846466     0.09218177135   -0.008682820476    0.008004492523     0.03844591009     0.05910070541     0.02783674605     -0.1006195237     -0.3402938654     -0.6465962056
    16        574        59.2631897491      0.1032459752     0.01106420382      0.0197470243     0.01174253177    -0.02670337832    -0.08580408373     -0.1136408298    -0.01302130611      0.3272725593
    17        632        76.5158427741      0.1210693715     0.01782339631    0.006759192486    -0.01298783181    -0.02473036358    0.001973014739     0.08777709847      0.2014179282      0.2144392344
    18        695        77.6939173769      0.1117898092   -0.009279562303    -0.02710295861    -0.03386215109    -0.02087431929    0.003856044296    0.001883029557    -0.08589406891     -0.2873119972
    19        764        71.8661738112     0.09406567253    -0.01772413665   -0.008444574345     0.01865838426     0.05252053536     0.07339485464     0.06953881035     0.06765578079      0.1535498497
    20        841        94.6161762593      0.1125043713     0.01843869877     0.03616283542     0.04460740976      0.0259490255    -0.02657150986     -0.0999663645     -0.1695051749     -0.2371609556
    21        925        113.647013654      0.1228616364     0.01035726509    -0.00808143368     -0.0442442691    -0.08885167886     -0.1148007044    -0.08822919449     0.01173717001      0.1812423449
    22       1018        117.912905251      0.1158280012   -0.007033635154    -0.01739090024   -0.009309466561     0.03493480253      0.1237864814      0.2385871857      0.3268163802      0.3150792102
    23       1119        117.303296386      0.1048286831    -0.01099931813   -0.003965682977     0.01342521726     0.02273468382    -0.01220011871     -0.1359866001     -0.3745737858     -0.7013901661
    24       1231        137.000242375      0.1112918297    0.006463146614     0.01746246474     0.02142814772    0.008002930459    -0.01473175337   -0.002531634655      0.1334549654      0.5080287513
    25       1354        170.100141301      0.1256278739     0.01433604422    0.007872897605    -0.00958956714    -0.03101771486    -0.03902064532    -0.02428889196     -0.0217572573     -0.1552122227
    26       1490        182.573197071       0.122532347   -0.003095526903    -0.01743157112    -0.02530446873    -0.01571490159     0.01530281328      0.0543234586     0.07861235055      0.1003696079
    27       1639        185.367316417      0.1130978136   -0.009434533472    -0.00633900657     0.01109256455     0.03639703328     0.05211193486     0.03680912159    -0.01751433701    -0.09612668756
    28       1803        206.351602379      0.1144490307     0.00135121716     0.01078575063      0.0171247572    0.006032192651    -0.03036484063    -0.08247677549     -0.1192858971     -0.1017715601
    29       1983        253.150802272      0.1276605155      0.0132114848     0.01186026764     0.00107451701    -0.01605024019    -0.02208243284    0.008282407784     0.09075918327      0.2100450804
    30       2181        271.585621133      0.1245234393   -0.003137076209    -0.01634856101    -0.02820882865    -0.02928334566    -0.01323310547    0.008849327369   0.0005669195846    -0.09019226369
    31       2399        287.805027633      0.1199687485   -0.004554690817   -0.001417614608      0.0149309464     0.04313977506     0.07242312072      0.0856562262     0.07680689883     0.07623997924
    32       2639        317.894751063      0.1204603073   0.0004915588448    0.005046249661    0.006463864269   -0.008467082134    -0.05160685719     -0.1240299779     -0.2096862041     -0.2864931029
    33       2903        366.173670182       0.126136297     0.00567598966    0.005184430815   0.0001381811534   -0.006325683116    0.002141399018     0.05374825621      0.1777782341      0.3874644382
    34       3193        419.548269323      0.1313962635    0.005259966493  -0.0004160231665   -0.005600453981   -0.005738635135   0.0005870479812   -0.001554351037    -0.05530260725     -0.2330808414
    35       3513        436.613029359        0.12428495   -0.007111313487    -0.01237127998    -0.01195525681   -0.006354802833   -0.000616167698   -0.001203215679   0.0003511353574      0.0556537426
    36       3864        477.903190777        0.12368095  -0.0006040000085    0.006507313479     0.01887859346     0.03083385027     0.03718865311      0.0378048208     0.03900803648     0.03865690113
    37       4250        553.787968216      0.1303030513    0.006622101351    0.007226101359   0.0007187878806    -0.01815980558    -0.04899365585    -0.08618230896     -0.1239871298     -0.1629951662
    38       4676        624.142800686        0.13347793    0.003174878656   -0.003447222695    -0.01067332405    -0.01139211193    0.006767693644      0.0557613495      0.1419436585      0.2659307882
    39       5143        668.911109886      0.1300624363   -0.003415493702   -0.006590372358   -0.003143149664    0.007530174391     0.01892228633     0.01215459268    -0.04360675682     -0.1855504153
    40       5657        720.336794852      0.1273354773    -0.00272695904   0.0006885346616     0.00727890702     0.01042205668    0.002891882293    -0.01603040403    -0.02818499671      0.0154217601
    41       6223        821.470666309      0.1320055707    0.004670093416    0.007397052457    0.006708517795  -0.0005703892249    -0.01099244591     -0.0138843282    0.002146075832     0.03033107255
    42       6845        927.223469442      0.1354599663    0.003454395643   -0.001215697773    -0.00861275023    -0.01532126802     -0.0147508788   -0.003758432892     0.01012589531    0.007979819477
    43       7530        1018.54573447      0.1352650378  -0.0001949285391   -0.003649324182   -0.002433626408    0.006179123822     0.02150039185     0.03625127065     0.04000970354     0.02988380823
    44       8283        1084.61418373      0.1309446075   -0.004320430301   -0.004125501762  -0.0004761775801    0.001957448828   -0.004221674993    -0.02572206684    -0.06197333749      -0.101983041
    45       9111        1223.35203533      0.1342719828    0.003327375327    0.007647805628     0.01177330739     0.01224948497     0.01029203614     0.01451371114     0.04023577797      0.1022091155
    46      10022        1388.50492837      0.1385456923     0.00427370951   0.0009463341824   -0.006701471446    -0.01847477884    -0.03072426381    -0.04101629995    -0.05553001108    -0.09576578906
    47      11025         1512.5829166      0.1371957294   -0.001349962917   -0.005623672427   -0.006570006609   0.0001314648365     0.01860624367     0.04933050748     0.09034680743      0.1458768185
    48      12127        1644.27244014      0.1355877332   -0.001607996228  -0.0002580333109    0.005365639116     0.01193564573     0.01180418089   -0.006802062784    -0.05613257026     -0.1464793777
    49      13340        1821.46742334      0.1365417859   0.0009540526891    0.002562048917    0.002820082228   -0.002545556888    -0.01448120261     -0.0262853835    -0.01948332072     0.03664924954
    50      14674        2053.16713334      0.1399187088     0.00337692297    0.002422870281  -0.0001391786362   -0.002959260864  -0.0004137039765     0.01406749864     0.04035288214     0.05983620286
    51      16141        2277.05030466      0.1410724431    0.001153734308   -0.002223188662   -0.004646058943   -0.004506880307   -0.001547619443   -0.001133915466     -0.0152014141    -0.05555429624
    52      17755         2461.5974621      0.1386424929   -0.002429950199   -0.003583684508   -0.001360495846    0.003285563098    0.007792443405    0.009340062847     0.01047397831     0.02567539242
    53      19531        2710.37920306      0.1387731915   0.0001306985567    0.002560648756    0.006144333264    0.007504829109    0.004219266012   -0.003573177393    -0.01291324024    -0.02338721855
    54      21484         3047.4441826      0.1418471506    0.003073959065    0.002943260508   0.0003826117521   -0.005761721512    -0.01326655062    -0.01748581663    -0.01391263924  -0.0009993989987
    55      23632        3387.76741791      0.1433550871    0.001507936523   -0.001566022542    -0.00450928305   -0.004891894802   0.0008698267092     0.01413637733     0.03162219396      0.0455348332
    56      25996        3693.62202196      0.1420842446   -0.001270842507    -0.00277877903   -0.001212756488    0.003296526562    0.008188421364    0.007318594655   -0.006817782675    -0.03843997664
    57      28595         4044.1277453      0.1414277932  -0.0006564514183   0.0006143910888    0.003393170119    0.004605926607    0.001309400045   -0.006879021319    -0.01419761597     -0.0073798333
    58      31455        4514.15073305      0.1435113887    0.002083595591     0.00274004701    0.002125655921   -0.001267514198   -0.005873440805    -0.00718284085  -0.0003038195311     0.01389379644
    59      34600         5022.4504949      0.1451575288    0.001646140007  -0.0004374555845   -0.003177502594   -0.005303158515   -0.004035644316    0.001837796489    0.009020637339     0.00932445687
    60      38060        5534.17631699      0.1454066295   0.0002491006991   -0.001397039308  -0.0009595837232    0.002217918871    0.007521077385      0.0115567217    0.009718925213   0.0006982878736
    61      41866        6026.96296117       0.143958414   -0.001448215438   -0.001697316137  -0.0003002768292    0.000659306894   -0.001558611977   -0.009079689362    -0.02063641106    -0.03035533628
    62      46053        6674.73003352      0.1449358355   0.0009774215115    0.002425636949    0.004122953086    0.004423229915    0.003763923021    0.005322534998     0.01440222436     0.03503863542
    63      50658        7472.92039409      0.1475170831    0.002581247542     0.00160382603  -0.0008218109191   -0.004944764005   -0.009367993921    -0.01313191694    -0.01845445194     -0.0328566763
    64      55724        8197.48846482      0.1471087586  -0.0004083244581      -0.002989572    -0.00459339803   -0.003771587111    0.001173176894     0.01054117082     0.02367308776      0.0421275397
    65      61296        8986.49858105      0.1466082384  -0.0005005202092  -9.219575108e-05    0.002897376249    0.007490774279     0.01126236139      0.0100891845  -0.0004519863197    -0.02412507408
    66      67426        9910.47975352      0.1469830593   0.0003748208564   0.0008753410656   0.0009675368166   -0.001929839432   -0.009420613711     -0.0206829751     -0.0307721596    -0.03032017328
    67      74169        11024.2099229      0.1486363565    0.001653297211    0.001278476354   0.0004031352886   -0.000564401528    0.001365437904     0.01078605161     0.03146902672     0.06224118631
    68      81585        12200.5193446      0.1495436581   0.0009073016134  -0.0007459955972   -0.002024471951    -0.00242760724   -0.001863205712   -0.003228643616    -0.01401469523    -0.04548372195
    69      89744        13366.8390818      0.1489440975   -0.000599560629   -0.001506862242  -0.0007608666453    0.001263605306    0.003691212546    0.005554418258    0.008783061874     0.02279775711
    70      98718        14686.2011825      0.1487692334  -0.0001748640552   0.0004246965738    0.001931558816    0.002692425461    0.001428820155   -0.002262392391   -0.007816810649    -0.01659987252
    71     108590        16304.5966763      0.1501482335    0.001379000107    0.001553864163    0.001129167589  -0.0008023912273   -0.003494816689   -0.004923636844   -0.002661244453    0.005155566196
    72     119449        18081.6582879      0.1513755518    0.001227318303  -0.0001516818042   -0.001705545967   -0.002834713556   -0.002032322328    0.001462494361    0.006386131205    0.009047375658
    73     131394        19827.5362395      0.1509013824  -0.0004741694053   -0.001701487709   -0.001549805904   0.0001557400624    0.002990453618    0.005022775946    0.003560281586   -0.002825849619
    74     144534         21789.683976      0.1507581882  -0.0001431941842   0.0003309752211     0.00203246293    0.003582268834    0.003426528772   0.0004360751536   -0.004586700793   -0.008146982379
    75     158987         24110.006537      0.1516476601   0.0008894718853    0.001032666069   0.0007016908483   -0.001330772081   -0.004913040915   -0.008339569687   -0.008775644841   -0.004188944048
    76     174886        26680.0540521      0.1525568316   0.0009091715011   1.969961588e-05   -0.001012966454   -0.001714657302  -0.0003838852205    0.004529155695     0.01286872538     0.02164437022
    77     192374        29445.0628031       0.153061551   0.0005047193481   -0.000404452153  -0.0004241517689   0.0005888146847    0.002303471987    0.002687357207   -0.001841798488    -0.01471052387
    78     211612        32307.7097754      0.1526742802  -0.0003872707827  -0.0008919901309  -0.0004875379778  -6.338620892e-05  -0.0006522008936    -0.00295567288   -0.005643030087     -0.0038012316
    79     232773        35581.6175968      0.1528597286   0.0001854483924   0.0005727191751    0.001464709306    0.001952247284    0.002015633493    0.002667834386    0.005623507267     0.01126653735
    80     256050         39467.265229      0.1541388995    0.001279170984    0.001093722591   0.0005210034163  -0.0009437058897   -0.002895953173   -0.004911586666   -0.007579421053    -0.01320292832
    81     281655        43524.0768258      0.1545297503   0.0003908507711  -0.0008883202128   -0.001982042804   -0.002503046221   -0.001559340331    0.001336612843    0.006248199509     0.01382762056
    82     309821         47819.995754      0.1543471739  -0.0001825764531  -0.0005734272242   0.0003148929886    0.002296935793    0.004799982013    0.006359322344    0.005022709502   -0.001225490007
    83     340803        52665.1968857      0.1545326681   0.0001854942328   0.0003680706859   0.0009414979101   0.0006266049214   -0.001670330871   -0.006470312885    -0.01282963523    -0.01785234473
    84     374883        58229.5221051      0.1553271877   0.0007945195985   0.0006090253657   0.0002409546798  -0.0007005432303   -0.001327148152   0.0003431827197    0.006813495605     0.01964313083
    85     412371        64304.5256297      0.1559385253   0.0006113376361  -0.0001831819623   -0.000792207328   -0.001033162008  -0.0003326187775   0.0009945293742   0.0006513466545    -0.00616214895
    86     453608        70764.8935422      0.1560045095   6.598416097e-05  -0.0005453534751  -0.0003621715128   0.0004300358152    0.001463197823      0.0017958166   0.0008012872262   0.0001499405717
    87     498969        77868.7343938       0.156059263   5.475349482e-05  -1.123066615e-05    0.000534122809   0.0008962943218   0.0004662585066  -0.0009969393163   -0.002792755917   -0.003594043143
    88     548866        85860.4673688       0.156432476   0.0003732130059    0.000318459511   0.0003296901772  -0.0002044326318   -0.001100726954    -0.00156698546  -0.0005700461439    0.002222709773
    89     603753        94973.6056296      0.1573053975   0.0008729214611   0.0004997084552   0.0001812489442   -0.000148441233   5.599139877e-05    0.001156718352    0.002723703813    0.003293749957
    90     664128        104594.934842      0.1574921323    0.000186734848   -0.000686186613   -0.001185895068   -0.001367144012   -0.001218702779   -0.001274694178    -0.00243141253   -0.005155116343
    91     730541        114985.684786      0.1573979897  -9.414261342e-05  -0.0002808774615   0.0004053091516     0.00159120422    0.002958348232    0.004177051012     0.00545174519     0.00788315772
    92     803595        126801.600389      0.1577929186    0.000394928869   0.0004890714824   0.0007699489439   0.0003646397923   -0.001226564427    -0.00418491266   -0.008361963671    -0.01381370886
    93     883954        139979.974068      0.1583566272   0.0005637086729   0.0001687798039  -0.0003202916785   -0.001090240622   -0.001454880415  -0.0002283159872    0.003956596673     0.01231856034
    94     972350        154383.258474      0.1587733414   0.0004167141317  -0.0001469945412  -0.0003157743451   4.517333365e-06    0.001094757956     0.00254963837    0.002777954358   -0.001178642315
    95    1069585         169951.37982      0.1588946926   0.0001213512697  -0.0002953628621  -0.0001483683209   0.0001674060242   0.0001628886909  -0.0009318692648   -0.003481507635   -0.006259461993
    96    1176543        186950.349723      0.1588980171   3.324459117e-06  -0.0001180268106   0.0001773360515   0.0003257043724   0.0001582983481  -4.590342739e-06   0.0009272789221    0.004408786557
    97    1294197        206406.416278      0.1594860877   0.0005880706351    0.000584746176   0.0007027729866   0.0005254369351   0.0001997325627   4.143421458e-05   4.602455732e-05  -0.0008812543648
    98    1423617        227721.898981      0.1599600869   0.0004739991366  -0.0001140714985  -0.0006988176745   -0.001401590661   -0.001927027596   -0.002126760159   -0.002168194373   -0.002214218931
    99    1565979        250713.423148      0.1601001183   0.0001400314317  -0.0003339677049  -0.0002198962064   0.0004789214682    0.001880512129    0.003807539725    0.005934299884    0.008102494258
   100    1722577        275886.999766      0.1601594586   5.934033324e-05  -8.069109845e-05   0.0002532766064   0.0004731728128  -5.748655374e-06   -0.001886260785    -0.00569380051    -0.01162810039
   101    1894834        304160.714056      0.1605210346   0.0003615759612    0.000302235628   0.0003829267264     0.00012965012  -0.0003435226928  -0.0003377740375    0.001548486747    0.007242287257
   102    2084318        335562.861075      0.1609940811   0.0004730464836   0.0001114705224  -0.0001907651056   -0.000573691832   -0.000703341952  -0.0003598192592  -2.204522173e-05   -0.001570531969
   103    2292749        369668.792054      0.1612338691    0.000239787987  -0.0002332584965  -0.0003447290189  -0.0001539639133   0.0004197279187    0.001123069871     0.00148288913    0.001504934352
   104    2522024        406991.884953      0.1613751039   0.0001412348059  -9.855318113e-05   0.0001347053154   0.0004794343343   0.0006333982476   0.0002136703289  -0.0009093995418   -0.002392288672
   105    2774227        448128.292603      0.1615326693   0.0001575654512   1.633064526e-05   0.0001148838264  -1.982148903e-05  -0.0004992558234   -0.001132654071     -0.0013463244  -0.0004369248581
   106    3051649        494172.591996      0.1619362489   0.0004035795748   0.0002460141237   0.0002296834784    0.000114799652   0.0001346211411   0.0006338769644    0.001766531035    0.003112855435
   107    3356814        544934.227992       0.162336736   0.0004004870697  -3.092505119e-06  -0.0002491066288  -0.0004787901072  -0.0005935897592  -0.0007282109003   -0.001362087865     -0.0031286189
   108    3692496        599698.913822      0.1624101729   7.343694609e-05  -0.0003270501236  -0.0003239576185  -7.485098971e-05   0.0004039391175   0.0009975288767    0.001725739777    0.003087827642
   109    4061745        660292.861346      0.1625638393   0.0001536663643   8.022941826e-05   0.0004072795419   0.0007312371604   0.0008060881501   0.0004021490326  -0.0005953798441   -0.002321119621

  ENVELOPE EXPONENT theta_rms  (TWO-POINT RATIO OF HALF-LADDER RMS, NOT A FIT)
    d  n_rungs  n_half           RMS_lo           RMS_hi          NM_lo          NM_hi     theta_rms  theta_no_max  theta_no_min
    0      110      55       0.11819858       0.15387957       1638.705       309820.4     -0.050324     -0.050900     -0.049139
    1      109      54        0.0143554    0.00080471043       1718.688       324942.5      0.549666      0.538831      0.551267
    2      108      54       0.02108204      0.001022844       1890.429       324942.5      0.587901      0.574959      0.587480
    3      107      53      0.030938195     0.0014358929       1982.757       340802.5      0.596525      0.574768      0.605606
    4      106      53      0.047570223     0.0021509533       2181.126       340802.5      0.612950      0.583617      0.609623
    5      105      52      0.081568946     0.0033623903       2287.586       357436.7      0.631262      0.600928      0.640975
    6      104      52       0.14390717     0.0055969665        2516.42       357436.7      0.655138      0.625443      0.651938
    7      103      51       0.25387486     0.0098542088       2639.348       374882.7      0.655547      0.624672      0.666605
    8      102      51        0.4411299      0.017872343       2903.188       374882.7      0.659579      0.616842      0.653681

  PROJECTION P(gamma) = |sum_j w_j Ghat[j,d] exp(-i gamma log N_j)|   (hann window; inner product, NOT a fit)
    d  argmax gamma    P_max/med    P(g1)/med    P(g2)/med    P(g3)/med       median P  verdict
    0        0.0000    1938.1669       1.4867       0.2196       1.1087     0.00235068     NULL
    1       15.4600      37.6091       3.7277       0.7688       1.2201       0.420948     NULL
    2       15.4600      58.5634       6.2073       1.6526       2.6375       0.546303     NULL
    3       15.4600      53.9728       5.7377       1.9762       3.3364       0.887679     NULL
    4       15.4400      45.3793       4.9468       2.2092       3.8652        1.71605     NULL
    5       15.4400      36.7543       4.1272       2.4105       4.3270        3.51903     NULL
    6       27.3200      30.4043       3.4416       2.6202       4.7884         7.7785     NULL
    7       27.3200      36.3909       2.8331       2.8208       5.4633        12.8901     WEAK
    8       27.3200      43.3699       2.3452       3.0431       6.2070        22.3005     WEAK

  ==== sigma = 0.5   t = 0   (non-oscillatory row)
     j        N_j            |Delta_N|            G[j,0]            G[j,1]            G[j,2]            G[j,3]            G[j,4]            G[j,5]            G[j,6]            G[j,7]            G[j,8]
     0        125         3.7783136669       0.337942648                 —                 —                 —                 —                 —                 —                 —                 —
     1        138          3.935754856      0.3350337025   -0.002908945517                 —                 —                 —                 —                 —                 —                 —
     2        151        4.08377003865      0.3323324926    -0.00270120989    0.000207735627                 —                 —                 —                 —                 —                 —
     3        166        4.24615366821      0.3295654402   -0.002767052392  -6.584250161e-05  -0.0002735781286                 —                 —                 —                 —                 —
     4        183        4.42028645648      0.3267569772   -0.002808462947   -4.14105555e-05   2.443194611e-05   0.0002980100747                 —                 —                 —                 —
     5        201        4.59358355846      0.3240064024    -0.00275057483   5.788811704e-05   9.929867255e-05   7.486672644e-05  -0.0002231433483                 —                 —                 —
     6        221        4.77895155605      0.3214670696   -0.002539332846   0.0002112419847   0.0001533538677   5.405519513e-05  -2.081153132e-05    0.000202331817                 —                 —
     7        244          4.979922463      0.3188068672   -0.002660202323  -0.0001208694777  -0.0003321114624  -0.0004854653301  -0.0005395205252  -0.0005187089939  -0.0007210408108                 —
     8        268        5.17749790732      0.3162660212   -0.002540845988   0.0001193563352   0.0002402258129   0.0005723372753    0.001057802605    0.001597323131    0.002116032124    0.002837072935
     9        295        5.39068438398      0.3138577791   -0.002408242121    0.000132603867   1.324753182e-05   -0.000226978281  -0.0007993155563   -0.001857118162   -0.003454441292   -0.005570473417
    10        324        5.60811023777      0.3115616799   -0.002296099249   0.0001121428717  -2.046099535e-05  -3.370852716e-05   0.0001932697539   0.0009925853102    0.002849703472    0.006304144764
    11        357        5.84198189714      0.3091904696   -0.002371210326  -7.511107638e-05   -0.000187253948  -0.0001667929527  -0.0001330844255  -0.0003263541794    -0.00131893949   -0.004168642961
    12        392        6.07837230631      0.3070041626   -0.002186306953   0.0001849033729   0.0002600144493   0.0004472683973     0.00061406135   0.0007471457755    0.001073499955    0.002392439445
    13        432        6.33248829169       0.304671985   -0.002332177611  -0.0001458706578  -0.0003307740307    -0.00059078848   -0.001038056877   -0.001652118227   -0.002399264003   -0.003472763958
    14        475        6.59447045605      0.3025750558   -0.002096929154   0.0002352484563    0.000381119114   0.0007118931447    0.001302681625    0.002340738502    0.003992856729    0.006392120732
    15        522         6.8650358323      0.3004744555   -0.002100600302  -3.671147249e-06  -0.0002389196035  -0.0006200387175   -0.001331931862   -0.002634613487   -0.004975351989   -0.008968208718
    16        574         7.1475830673      0.2983343531   -0.002140102424  -3.950212229e-05  -3.583097504e-05   0.0002030886285    0.000823127346    0.002155059208    0.004789672695    0.009765024684
    17        632        7.44930453918      0.2963174244   -0.002016928698   0.0001231737262   0.0001626758485   0.0001985068235  -4.581804968e-06   -0.000827709151   -0.002982768359   -0.007772441054
    18        695        7.76018575696       0.294360624   -0.001956800424   6.012827413e-05  -6.304545203e-05  -0.0002257213005   -0.000424228124   -0.000419646319   0.0004080628319    0.003390831191
    19        764        8.08220654372      0.2924039705   -0.001956653497    1.46926192e-07  -5.998134793e-05   3.064104101e-06   0.0002287854046   0.0006530135286    0.001072659848   0.0006645970156
    20        841         8.4233873539      0.2904616329   -0.001942337595   1.431590215e-05   1.416897595e-05   7.415032389e-05   7.108621979e-05  -0.0001576991848  -0.0008107127134   -0.001883372561
    21        925         8.7765752416      0.2885720163   -0.001889616547   5.272104781e-05   3.840514567e-05   2.423616971e-05  -4.991415417e-05   -0.000121000374   3.669881084e-05   0.0008474115242
    22       1018         9.1492555542      0.2867555745   -0.001816441815   7.317473293e-05   2.045368512e-05  -1.795146055e-05  -4.218763026e-05    7.72652391e-06   0.0001287268979   9.202808703e-05
    23       1119        9.53313232821      0.2849840658   -0.001771508709   4.493310522e-05  -2.824162772e-05  -4.869531284e-05  -3.074385229e-05   1.144377798e-05   3.717254066e-06  -0.0001250096438
    24       1231        9.93490657433       0.283161863   -0.001822202835  -5.069412518e-05   -9.56272304e-05  -6.738560268e-05  -1.869028984e-05   1.205356244e-05   6.097844684e-07  -3.107469597e-06
    25       1354        10.3557753864      0.2814318788   -0.001729984192   9.221864288e-05   0.0001429127681   0.0002385399985   0.0003059256011    0.000324615891   0.0003125623285   0.0003119525441
    26       1490        10.7989924447      0.2797628884   -0.001668990433   6.099375868e-05   -3.12248842e-05  -0.0001741376523  -0.0004126776507  -0.0007186032519   -0.001043219143   -0.001355781471
    27       1639        11.2576654285      0.2780730246    -0.00168986375   -2.08733175e-05  -8.186707619e-05  -5.064219199e-05   0.0001234954603    0.000536173111    0.001254776363    0.002297995506
    28       1803        11.7370938801      0.2764157053   -0.001657319333   3.254441741e-05   5.341773492e-05   0.0001352848111   0.0001859270031   6.243154283e-05  -0.0004737415682   -0.001728517931
    29       1983         12.236886391      0.2747954711   -0.001620234145   3.708518796e-05    4.54077055e-06  -4.887696437e-05  -0.0001841617755  -0.0003700887786  -0.0004325203214   4.122124676e-05
    30       2181        12.7589148096      0.2732032774   -0.001592193749    2.80403956e-05  -9.044792359e-06  -1.358556291e-05   3.529140146e-05   0.0002194531769   0.0005895419555    0.001022062277
    31       2399        13.3070365329      0.2716853528   -0.001517924588   7.426916152e-05   4.622876592e-05   5.527355828e-05   6.885912119e-05   3.356771973e-05  -0.0001858854572  -0.0007754274127
    32       2639        13.8767293558       0.270126644   -0.001558708804  -4.078421626e-05  -0.0001150533778  -0.0001612821437   -0.000216555702  -0.0002854148232  -0.0003189825429  -0.0001330970857
    33       2903        14.4723110333      0.2686051714   -0.001521472637   3.723616726e-05   7.802038352e-05   0.0001930737613    0.000354355905    0.000570911607   0.0008563264302    0.001175308973
    34       3193        15.0958368596      0.2671515723   -0.001453599075   6.787356192e-05   3.063739465e-05  -4.738298887e-05  -0.0002404567502  -0.0005948126552   -0.001165724262   -0.002022050692
    35       3513        15.7483524014      0.2657027501   -0.001448822152   4.776922902e-06  -6.309663901e-05  -9.373403366e-05  -4.635104479e-05   0.0001941057054   0.0007889183606    0.001954642623
    36       3864        16.4267640006      0.2642612342   -0.001441515971   7.306181036e-06   2.529258133e-06   6.562589715e-05   0.0001593599308   0.0002057109756   1.160527021e-05  -0.0007773130904
    37       4250        17.1360542034      0.2628550724   -0.001406161738   3.535423355e-05   2.804805251e-05   2.551879438e-05  -4.010710277e-05  -0.0001994670336  -0.0004051780092  -0.0004167832794
    38       4676        17.8792365103      0.2614638899   -0.001391182489   1.497924858e-05  -2.037498497e-05  -4.842303748e-05  -7.394183186e-05   -3.38347291e-05   0.0001656323045   0.0005708103137
    39       5143         18.654474393      0.2601206046   -0.001343285349   4.789714033e-05   3.291789176e-05   5.329287673e-05   0.0001017159142   0.0001756577461   0.0002094924752   4.386017069e-05
    40       5657        19.4633920354      0.2587768613   -0.001343743285  -4.579363048e-07  -4.835507664e-05  -8.127296839e-05  -0.0001345658451  -0.0002362817593  -0.0004119395054  -0.0006214319806
    41       6223        20.3083420184      0.2574391355    -0.00133772579    6.01749486e-06   6.475431165e-06    5.48305078e-05   0.0001361034762   0.0002706693213   0.0005069510806    0.000918890586
    42       6845        21.1923475761      0.2561488096    -0.00129032587    4.73999205e-05   4.138242564e-05   3.490699448e-05  -1.992351333e-05  -0.0001560269895  -0.0004266963108  -0.0009336473915
    43       7530        22.1179564845      0.2548868976   -0.001261912071   2.841379848e-05  -1.898612203e-05  -6.036854767e-05  -9.527554215e-05  -7.535202882e-05   8.067496071e-05   0.0005073712715
    44       8283        23.0818215204       0.253615766   -0.001271131608  -9.219536606e-06  -3.763333508e-05  -1.864721305e-05   4.172133461e-05   0.0001369968768   0.0002123489056   0.0001316739449
    45       9111        24.0902805976       0.252382266   -0.001233499994   3.763161394e-05   4.685115055e-05   8.448448563e-05   0.0001031316987   6.141036407e-05  -7.558651269e-05  -0.0002879354183
    46      10022        25.1432401144       0.251156281   -0.001225984947   7.515046413e-06  -3.011656753e-05  -7.696771808e-05  -0.0001614522037  -0.0002645839024  -0.0003259942665  -0.0002504077538
    47      11025        26.2457600835      0.2499596198   -0.001196661175   2.932377193e-05   2.180872552e-05   5.192529305e-05   0.0001288930111   0.0002903452148   0.0005549291172   0.0008809233837
    48      12127        27.3964779535       0.248781479   -0.001178140801   1.852037444e-05  -1.080339749e-05  -3.261212301e-05  -8.453741606e-05  -0.0002134304272   -0.000503775642   -0.001058704759
    49      13340        28.5979993067      0.2476040457   -0.001177433347   7.074539508e-07  -1.781292049e-05  -7.009523005e-06       2.56026e-05   0.0001101400161   0.0003235704433   0.0008273460853
    50      14674        29.8542556191      0.2464517973   -0.001152248408   2.518493888e-05   2.447748493e-05   4.229040543e-05   4.929992843e-05   2.369732843e-05  -8.644268764e-05  -0.0004100131309
    51      16141        31.1687247896      0.2453317832   -0.001120014084   3.223432388e-05   7.049384993e-06  -1.742809994e-05  -5.971850537e-05  -0.0001090184338  -0.0001327157622  -4.627307459e-05
    52      17755        32.5406269471         0.2442112   -0.001120583155  -5.690704965e-07  -3.280339437e-05  -3.985277937e-05  -2.242467943e-05   3.729382594e-05   0.0001463122597    0.000279028022
    53      19531        33.9750311137       0.243107089   -0.001104111012   1.647214302e-05   1.704121352e-05   4.984460789e-05   8.969738726e-05   0.0001121220667   7.482824074e-05    -7.1484019e-05
    54      21484         35.473875783      0.2420198955   -0.001087193529   1.691748235e-05   4.453393286e-07  -1.659587419e-05  -6.644048208e-05  -0.0001561378693   -0.000268259936  -0.0003430881768
    55      23632        37.0407036442      0.2409511421   -0.001068753405   1.844012466e-05    1.52264231e-06   1.077302982e-06   1.767317717e-05   8.411365925e-05   0.0002402515286   0.0005085114646
    56      25996        38.6797024432      0.2398997859   -0.001051356235   1.739716959e-05  -1.042955066e-06  -2.565597376e-06  -3.642900358e-06  -2.131607753e-05  -0.0001054297368  -0.0003456812654
    57      28595        40.3908515216      0.2388569919   -0.001042793953   8.562281976e-06  -8.834887618e-06  -7.791932552e-06  -5.226335176e-06  -1.583434818e-06   1.973264271e-05   0.0001251623795
    58      31455        42.1788359982      0.2378207507   -0.001036241214   6.552739238e-06  -2.009542737e-06   6.825344881e-06   1.461727743e-05   1.984361261e-05   2.142704743e-05   1.694404717e-06
    59      34600         44.049545084      0.2368118215   -0.001008929227   2.731198716e-05   2.075924792e-05   2.276879066e-05   1.594344578e-05   1.326168345e-06  -1.851744426e-05  -3.994449169e-05
    60      38060        46.0053608608      0.2358164242   -0.000995397288   1.353193872e-05  -1.378004844e-05  -3.453929637e-05  -5.730808703e-05  -7.325153281e-05  -7.457770115e-05  -5.606025689e-05
    61      41866        48.0486000341      0.2348280673  -0.0009883568429   7.040445147e-06  -6.491493571e-06   7.288554873e-06   4.182785124e-05   9.913593827e-05   0.0001723874711   0.0002469651722
    62      46053        50.1841743219        0.23385024  -0.0009778273687   1.052947421e-05   3.489029068e-06   9.980522638e-06   2.691967765e-06  -3.913588348e-05  -0.0001382718217  -0.0003106592928
    63      50658         52.417208521      0.2328894789  -0.0009607611218   1.706624685e-05   6.536772631e-06   3.047743563e-06  -6.932779075e-06   -9.62474684e-06   2.951113664e-05   0.0001677829584
    64      55724        54.7519254113      0.2319413894  -0.0009480894224   1.267169937e-05  -4.394547472e-06   -1.09313201e-05  -1.397906367e-05  -7.046284592e-06   2.578462248e-06  -2.693267439e-05
    65      61296        57.1927857116      0.2310070229  -0.0009343665757   1.372284676e-05    1.05114739e-06   5.445694863e-06   1.637701497e-05   3.035607863e-05   3.740236322e-05   3.482390098e-05
    66      67426        59.7432146319      0.2300778917  -0.0009291311651   5.235410575e-06  -8.487436189e-06  -9.538583579e-06  -1.498427844e-05  -3.136129341e-05  -6.171737204e-05  -9.911973527e-05
    67      74169        62.4097914022      0.2291614277   -0.000916464027   1.266713808e-05   7.431727504e-06   1.591916369e-05   2.545774727e-05   4.044202571e-05   7.180331912e-05   0.0001335206912
    68      81585        65.1988357531       0.228262559  -0.0008988686649   1.759536211e-05   4.928224032e-06  -2.503503472e-06  -1.842266716e-05  -4.388041444e-05  -8.432244015e-05  -0.0001561257593
    69      89744        68.1149641095      0.2273734863  -0.0008890727224   9.795942562e-06  -7.799419549e-06  -1.272764358e-05  -1.022414011e-05   8.198527056e-06   5.207894149e-05   0.0001364013816
    70      98718        71.1616083217      0.2264892434   -0.000884242893   4.829829323e-06  -4.966113239e-06    2.83330631e-06   1.556094989e-05      2.578509e-05   1.758656294e-05  -3.449237855e-05
    71     108590          74.34845622       0.225619711  -0.0008695323535   1.471053958e-05   9.880710259e-06    1.48468235e-05   1.201351719e-05  -3.547432703e-06   -2.93325227e-05  -4.691908564e-05
    72     119449        77.6800442658      0.2247595766  -0.0008601344608   9.397892611e-06  -5.312646971e-06  -1.519335723e-05  -3.004018073e-05  -4.205369792e-05  -3.850626521e-05  -9.173742512e-06
    73     131394        81.1641017479      0.2239114074  -0.0008481692098   1.196525105e-05   2.567358441e-06   7.880005412e-06   2.307336264e-05   5.311354337e-05   9.516724129e-05   0.0001336735065
    74     144534        84.8071114218      0.2230731295  -0.0008382778111   9.891398668e-06  -2.073852385e-06  -4.641210826e-06  -1.252121624e-05  -3.559457888e-05  -8.870812225e-05  -0.0001838753635
    75     158987        88.6146332931      0.2222412327  -0.0008318968113   6.380999836e-06  -3.510398831e-06  -1.436546447e-06    3.20466438e-06   1.572588062e-05    5.13204595e-05   0.0001400285818
    76     174886        92.5966812531      0.2214205367  -0.0008206960268   1.120078443e-05   4.819784597e-06   8.330183428e-06   9.766729875e-06   6.562065495e-06  -9.163815123e-06  -6.048427462e-05
    77     192374        96.7621791188      0.2206136869  -0.0008068498085   1.384621838e-05    2.64543395e-06  -2.174350647e-06  -1.050453407e-05  -2.027126395e-05  -2.683332944e-05  -1.766951432e-05
    78     211612        101.115925924      0.2198109975  -0.0008026893659   4.160442546e-06  -9.685775837e-06  -1.233120979e-05  -1.015685914e-05   3.476749342e-07   2.061893888e-05   4.745226833e-05
    79     232773        105.668578519      0.2190178762  -0.0007931213485   9.568017377e-06   5.407574831e-06   1.509335067e-05   2.742456046e-05    3.75814196e-05   3.723374466e-05   1.661480578e-05
    80     256050        110.429827413      0.2182347992   -0.000783076983   1.004436551e-05   4.763481283e-07  -4.931226703e-06  -2.002457737e-05  -4.744913783e-05  -8.503055742e-05  -0.0001222643021
    81     281655        115.408848231      0.2174604959   -0.000774303252   8.773731037e-06  -1.270634468e-06  -1.746982596e-06   3.184244107e-06   2.320882148e-05   7.065795931e-05   0.0001556885167
    82     309821        120.616081033      0.2166954477  -0.0007650482113   9.255040719e-06   4.813096818e-07    1.75194415e-06   3.498926746e-06   3.146826388e-07  -2.289413884e-05  -9.355209815e-05
    83     340803        126.060950782      0.2159379001  -0.0007575476016   7.500609643e-06  -1.754431076e-06  -2.235740758e-06  -3.987684908e-06  -7.486611653e-06  -7.801294292e-06   1.509284455e-05
    84     374883        131.753875459      0.2151867494  -0.0007511507117   6.396889923e-06   -1.10371972e-06   6.507113562e-07   2.886452114e-06   6.874137022e-06   1.436074867e-05   2.216204297e-05
    85     412371        137.709273632      0.2144465825  -0.0007401669072   1.098380454e-05   4.586914613e-06   5.690634333e-06   5.039922976e-06   2.153470862e-06   -4.72066616e-06  -1.908141483e-05
    86     453608         143.93763666      0.2137145128   -0.000732069719   8.097188141e-06  -2.886616395e-06  -7.473531008e-06  -1.316416534e-05  -1.820408832e-05  -2.035755918e-05  -1.563689302e-05
    87     498969        150.450135797      0.2129883268   -0.000726186012   5.883706991e-06   -2.21348115e-06   6.731352453e-07   8.146666253e-06   2.131083159e-05   3.951491991e-05   5.987247909e-05
    88     548866        157.261127752      0.2122698052  -0.0007185215977   7.664414375e-06   1.780707384e-06   3.994188534e-06   3.321053289e-06  -4.825612964e-06  -2.613644456e-05  -6.565136447e-05
    89     603753        164.385525946      0.2115601784  -0.0007096267592   8.894838489e-06   1.230424114e-06  -5.502832707e-07  -4.544471805e-06  -7.865525094e-06   -3.03991213e-06   2.309653243e-05
    90     664128        171.836368938      0.2108575673  -0.0007026111149   7.015644239e-06   -1.87919425e-06  -3.109618363e-06  -2.559335093e-06   1.985136712e-06   9.850661806e-06   1.289057394e-05
    91     730541        179.629624676      0.2101627125  -0.0006948548279   7.756287044e-06   7.406428045e-07   2.619837054e-06   5.729455418e-06    8.28879051e-06   6.303653798e-06  -3.547008007e-06
    92     803595        187.779660111      0.2094739083  -0.0006888041997   6.050628196e-06  -1.705658848e-06  -2.446301652e-06  -5.066138706e-06  -1.079559412e-05  -1.908438463e-05  -2.538803843e-05
    93     883954        196.303742053      0.2087919478  -0.0006819605097   6.843690021e-06   7.930618247e-07   2.498720672e-06   4.945022325e-06   1.001116103e-05   2.080675516e-05   3.989113979e-05
    94     972350        205.220736936      0.2081181389  -0.0006738088867   8.151622944e-06   1.307932923e-06   5.148710985e-07  -1.983849574e-06  -6.928871899e-06  -1.694003293e-05  -3.774678808e-05
    95    1069585        214.547910315      0.2074515275  -0.0006666113529   7.197533863e-06  -9.540890814e-07  -2.262022005e-06  -2.776893103e-06  -7.930435292e-07   6.135828369e-06    2.30758613e-05
    96    1176543        224.301360375      0.2067892725  -0.0006622549992    4.35635372e-06  -2.841180143e-06  -1.887091061e-06   3.749309433e-07   3.151824046e-06   3.944867576e-06  -2.190960794e-06
    97    1294197        234.505103898      0.2061351744  -0.0006540981657   8.156833454e-06   3.800479734e-06   6.641659877e-06   8.528750938e-06   8.153819995e-06   5.001995948e-06   1.057128373e-06
    98    1423617        245.178193922      0.2054874292  -0.0006477451843   6.352981439e-06  -1.803852015e-06  -5.604331749e-06  -1.224599163e-05  -2.077474256e-05  -2.892856256e-05  -3.393055851e-05
    99    1565979        256.342447901      0.2048460341  -0.0006413950596   6.350124668e-06  -2.856770404e-09   1.800995245e-06   7.405326994e-06   1.965131862e-05   4.042606118e-05   6.935462374e-05
   100    1722577          268.0206281      0.2042108902   -0.000635143923   6.251136548e-06  -9.898812056e-08  -9.613135016e-08  -1.897126595e-06  -9.302453589e-06  -2.895377221e-05  -6.937983339e-05
   101    1894834        280.235832143      0.2035813926  -0.0006294976277   5.646295386e-06  -6.048411619e-07  -5.058530413e-07  -4.097216912e-07   1.487404904e-06   1.078985849e-05    3.97436307e-05
   102    2084318        293.013454256      0.2029577187  -0.0006236738514   5.823776263e-06   1.774808771e-07    7.82322039e-07    1.28817508e-06   1.697896771e-06   2.104918677e-07  -1.057936662e-05
   103    2292749        306.381965426       0.202341489  -0.0006162297761   7.444075292e-06   1.620299029e-06   1.442818151e-06   6.604961125e-07  -6.276789678e-07  -2.325575739e-06  -2.536067607e-06
   104    2522024        320.364992309      0.2017299799  -0.0006115090742   4.720701936e-06  -2.723373356e-06  -4.343672384e-06  -5.786490536e-06  -6.446986648e-06   -5.81930768e-06  -3.493731941e-06
   105    2774227        334.992563625      0.2011241258  -0.0006058541222    5.65495197e-06   9.342500335e-07   3.657623389e-06   8.001295773e-06   1.378778631e-05   2.023477296e-05   2.605408064e-05
   106    3051649        350.294768924      0.2005240013  -0.0006001244506   5.729671588e-06   7.471961869e-08  -8.595304148e-07  -4.517153804e-06  -1.251844958e-05  -2.630623589e-05  -4.654100884e-05
   107    3356814        366.304030615      0.1999300426  -0.0005939586974   6.165753263e-06    4.36081675e-07   3.613620563e-07   1.220892471e-06   5.738046275e-06   1.825649585e-05   4.456273174e-05
   108    3692496        383.051244301      0.1993411047   -0.000588937911   5.020786375e-06  -1.144966888e-06  -1.581048563e-06   -1.94241062e-06  -3.163303091e-06  -8.901349366e-06  -2.715784522e-05
   109    4061745        400.571642596      0.1987576595  -0.0005834451706   5.492740367e-06    4.71953992e-07    1.61692088e-06   3.197969443e-06   5.140380063e-06   8.303683154e-06   1.720503252e-05

  ENVELOPE EXPONENT theta_rms  (TWO-POINT RATIO OF HALF-LADDER RMS, NOT A FIT)
    d  n_rungs  n_half           RMS_lo           RMS_hi          NM_lo          NM_hi     theta_rms  theta_no_max  theta_no_min
    0      110      55       0.28344049       0.21812316       1638.705       309820.4      0.049969      0.049611      0.050147
    1      109      54     0.0018534937    0.00079329643       1718.688       324942.5      0.161888      0.160973      0.162620
    2      108      54    8.0191258e-05    9.9211907e-06       1890.429       324942.5      0.406024      0.393205      0.409289
    3      107      53    0.00012368728    5.2380602e-06       1982.757       340802.5      0.614323      0.604008      0.623619
    4      106      53     0.0002198899    8.6219996e-06       2181.126       340802.5      0.641163      0.618643      0.639076
    5      105      52    0.00041038181    1.4967191e-05       2287.586       357436.7      0.655499      0.642891      0.664674
    6      104      52    0.00077888144    2.6672875e-05        2516.42       357436.7      0.680817      0.654606      0.673956
    7      103      51     0.0015111693    4.9046666e-05       2639.348       374882.7      0.691649      0.678545      0.702934
    8      102      51     0.0029218596    9.1248894e-05       2903.188       374882.7      0.713130      0.685940      0.709790

  PROJECTION P(gamma) = |sum_j w_j Ghat[j,d] exp(-i gamma log N_j)|   (hann window; inner product, NOT a fit)
    d  argmax gamma    P_max/med    P(g1)/med    P(g2)/med    P(g3)/med       median P  verdict
    0        0.0000    5892.1893       0.8045       1.1836       1.2068     0.00371723     NULL
    1        0.0000    2853.3903       0.8501       0.8240       1.3564     0.00010611     NULL
    2        0.0000      67.1595       1.8865       0.2373       3.5719    0.000783293     NULL
    3       23.0000      23.7699       2.7987       0.8510       6.5335     0.00740602     NULL
    4       23.0000      29.6750       2.6459       1.2400       8.6504      0.0142671     WEAK
    5       23.0000      40.0909       2.6745       1.8036      12.3072      0.0223464     WEAK
    6       22.9800      52.2999       2.6544       2.6129      16.9731      0.0407738     WEAK
    7       22.9800      63.8334       2.4318       3.2941      21.7758      0.0683158     WEAK
    8       22.9800      77.1738       2.2563       4.2636      27.7960       0.129627     WEAK

  ==== sigma = 0.5   t = 14.5
     j        N_j            |Delta_N|            G[j,0]            G[j,1]            G[j,2]            G[j,3]            G[j,4]            G[j,5]            G[j,6]            G[j,7]            G[j,8]
     0        125       0.178067955368     0.01592688211                 —                 —                 —                 —                 —                 —                 —                 —
     1        138       0.365762431073     0.03113576582      0.0152088837                 —                 —                 —                 —                 —                 —                 —
     2        151       0.333279102202     0.02712186869   -0.004013897124    -0.01922278083                 —                 —                 —                 —                 —                 —
     3        166       0.152499398619     0.01183624884    -0.01528561985    -0.01127172273    0.007951058099                 —                 —                 —                 —                 —
     4        183       0.321338964233     0.02375405975     0.01191781091     0.02720343077     0.03847515349     0.03052409539                 —                 —                 —                 —
     5        201       0.407129380171     0.02871669234    0.004962632584    -0.00695517833    -0.03415860909    -0.07263376259      -0.103157858                 —                 —                 —
     6        221       0.396007697847     0.02663836046   -0.002078331884   -0.007040964468  -8.578613821e-05     0.03407282296      0.1067065855      0.2098644435                 —                 —
     7        244       0.257133356814     0.01646127637    -0.01017708409   -0.008098752205   -0.001057787738  -0.0009720015993    -0.03504482456     -0.1417514101     -0.3516158536                 —
     8        268       0.377153829244     0.02303833688    0.006577060511      0.0167541446     0.02485289681     0.02591068454     0.02688268614      0.0619275107      0.2036789208      0.5552947744
     9        295       0.522061008171     0.03039556704    0.007357230164   0.0007801696524    -0.01597397495    -0.04082687175     -0.0667375563    -0.09362024244     -0.1555477531     -0.3592266739
    10        324       0.505367448958     0.02807596939   -0.002319597655   -0.009676827819    -0.01045699747    0.005516977477     0.04634384923      0.1130814055       0.206701648      0.3622494011
    11        357       0.387653053044     0.02051677523   -0.007559194154     -0.0052395965    0.004437231319     0.01489422879    0.009377251313    -0.03696659792     -0.1500480034     -0.3567496514
    12        392       0.491634824402     0.02483130844    0.004314533211     0.01187372737     0.01711332387     0.01267609255   -0.002218136244    -0.01159538756     0.02537121036      0.1754192138
    13        432       0.662154724585     0.03185793404    0.007026625597    0.002712092386   -0.009161634979    -0.02627495884    -0.03895105139    -0.03673291515    -0.02513752759    -0.05050873795
    14        475       0.600704305257     0.02756220381   -0.004295730234    -0.01132235583    -0.01403444822   -0.004872813239     0.02140214561       0.060353197     0.09708611214      0.1222236397
    15        522        0.53250896937     0.02330728441   -0.004254919395   4.081083967e-05     0.01136316667     0.02539761489     0.03027042813    0.008868282524    -0.05148491447     -0.1485710266
    16        574       0.614787507518     0.02566073477    0.002353450361    0.006608369756    0.006567558916   -0.004795607755    -0.03019322264    -0.06046365077     -0.0693319333    -0.01784701883
    17        632       0.789532946437     0.03140593433    0.005745199559    0.003391749198   -0.003216620558   -0.009784179474   -0.004988571719     0.02520465093      0.0856683017       0.155000235
    18        695       0.796001739172     0.03019406699   -0.001211867337   -0.006957066896    -0.01034881609   -0.007132195537    0.002651983937    0.007640555655    -0.01756409527      -0.103232397
    19        764       0.660695295877      0.0239031169   -0.006290950098   -0.005079082761    0.001877984136     0.01222680023     0.01935899577     0.01670701183    0.009066456175     0.02663055145
    20        841       0.801525269644      0.0276388024    0.003735685505      0.0100266356     0.01510571836     0.01322773423    0.001000933998    -0.01835806177     -0.0350650736    -0.04413152977
    21        925       0.964997609159     0.03172892594    0.004090123538   0.0003544380332    -0.00967219757    -0.02477791593    -0.03800565016    -0.03900658416    -0.02064852239     0.01441655121
    22       1018        0.97434309981     0.03053781958   -0.001191106363   -0.005281229901   -0.005635667934    0.004036529636     0.02881444557     0.06682009573      0.1058266799      0.1264752023
    23       1119       0.883201449369     0.02640248046   -0.004135339121   -0.002944232758    0.002336997143    0.007972665077    0.003936135441    -0.02487831013    -0.09169840586     -0.1975250857
    24       1231       0.963892473967     0.02747258735    0.001070106891    0.005205446012     0.00814967877    0.005812681627    -0.00215998345   -0.006096118891     0.01878219124      0.1104805971
    25       1354        1.16116872461      0.0315562943     0.00408370695    0.003013600059   -0.002191845953    -0.01034152472    -0.01615420635     -0.0139942229   -0.007898104008    -0.02668029524
    26       1490        1.20598124349     0.03124261802  -0.0003136762733   -0.004397383223   -0.007410983282   -0.005219137329    0.005122387393     0.02127659374     0.03527081664     0.04316892065
    27       1639        1.15885384855     0.02862458445   -0.002618033575   -0.002304357302    0.002093025921    0.009504009203     0.01472314653    0.009600759139     -0.0116758346    -0.04694665125
    28       1803        1.17890024148     0.02776381829  -0.0008607661615    0.001757267414    0.004061624716    0.001968598795   -0.007535410408    -0.02225855694    -0.03185931608    -0.02018348148
    29       1983        1.40351564391     0.03151780039    0.003753982099    0.004614748261    0.002857480847   -0.001204143869   -0.003172742664    0.004362667744     0.02662122468     0.05848054076
    30       2181        1.46883852547     0.03145185191  -6.594847678e-05   -0.003819930576   -0.008434678836    -0.01129215968    -0.01008801581    -0.00691527315    -0.01127794089    -0.03789916558
    31       2399        1.44606414255     0.02952381214   -0.001928039769   -0.001862091292    0.001957839283     0.01039251812      0.0216846778     0.03177269362     0.03868796677     0.04996590766
    32       2639        1.50437598539     0.02928442472  -0.0002393874158    0.001688652353    0.003550743645    0.001592904362   -0.008799613758    -0.03048429156    -0.06225698518     -0.1009449519
    33       2903        1.65311951422     0.03068179293    0.001397368209    0.001636755625  -5.189672823e-05   -0.003602640374   -0.005195544736    0.003604069022     0.03408836058     0.09634534576
    34       3193        1.81983243637     0.03220564061    0.001523847681   0.0001264794713   -0.001510276154   -0.001458379425    0.002144260948    0.007339805684    0.003735736662    -0.03035262392
    35       3513        1.80183322055     0.03040013519   -0.001805505427   -0.003329353107   -0.003455832579   -0.001945556425  -0.0004871769996   -0.002631437948   -0.009971243632    -0.01370698029
    36       3864        1.84763203894     0.02972329321  -0.0006768419769     0.00112866345    0.004458016557    0.007913849136    0.009859405561     0.01034658256     0.01297802051     0.02294926414
    37       4250        2.02621830774     0.03108077004    0.001357476826    0.002034318803   0.0009056553531   -0.003552361204    -0.01146621034     -0.0213256159    -0.03167219846    -0.04465021897
    38       4676        2.20416575397     0.03223346544    0.001152695401  -0.0002047814253   -0.002239100228   -0.003144755581   0.0004076056227     0.01187381596     0.03319943186     0.06487163032
    39       5143        2.24078482499     0.03124581755  -0.0009876478844   -0.002140343285    -0.00193556186   0.0003035383686     0.00344829395    0.003040688327   -0.008833127635     -0.0420325595
    40       5657        2.26820105221     0.03015702237   -0.001088795178  -0.0001011472941    0.002039195991    0.003974757851    0.003671219482    0.000222925532   -0.002817762795     0.00601536484
    41       6223        2.45961713704     0.03117938967    0.001022367301    0.002111162479    0.002212309773   0.0001731137826   -0.003801644068    -0.00747286355   -0.007695789082   -0.004878026287
    42       6845        2.64837150499     0.03201047954    0.000831089865  -0.0001912774359   -0.002302439915   -0.004514749689   -0.004687863471  -0.0008862194033    0.006586644147     0.01428243323
    43       7530          2.773989122     0.03196739634  -4.308319877e-05  -0.0008741730638  -0.0006828956279    0.001619544287    0.006134293976     0.01082215745     0.01170837685    0.005121732704
    44       8283        2.80066317529     0.03077280256    -0.00119459378   -0.001151510581  -0.0002773375174   0.0004055581105   -0.001213986177   -0.007348280153     -0.0181704376    -0.02987881445
    45       9111        2.96765182063     0.03109065866   0.0003178560992    0.001512449879     0.00266396046    0.002941297978    0.002535739867    0.003749726044      0.0110980062      0.0292684438
    46      10022        3.22692580048     0.03223382028    0.001143161622   0.0008253055233  -0.0006871443559   -0.003351104816   -0.006292402794   -0.008828142661    -0.01257786871     -0.0236758749
    47      11025        3.35476801314     0.03195017155  -0.0002836487288   -0.001426810351   -0.002252115875   -0.001564971519    0.001786133298    0.008078536091     0.01690667875     0.02948454746
    48      12127        3.44298674499     0.03126501648  -0.0006851550726  -0.0004015063438    0.001025304007    0.003277419882    0.004842391401    0.003056258103   -0.005022277988    -0.02192895674
    49      13340        3.61642251485     0.03131131084   4.629435624e-05   0.0007314494288    0.001132955773   0.0001076517651   -0.003169768117   -0.008012159518    -0.01106841762   -0.006046139633
    50      14674        3.87865301816      0.0320189195   0.0007076086619   0.0006613143056  -7.013512323e-05   -0.001203090896   -0.001310742661    0.001859025456    0.009871184974     0.02093960259
    51      16141        4.09460636857     0.03222900804   0.0002100885431  -0.0004975201188   -0.001158834424   -0.001088699301   0.0001143915947    0.001425134256  -0.0004338912002    -0.01030507617
    52      17755        4.21286247748     0.03161672954  -0.0006122785019   -0.000822367045  -0.0003248469262   0.0008339874982    0.001922686799    0.001808295205   0.0003831609489   0.0008170521491
    53      19531        4.38144337222     0.03135125735  -0.0002654721882   0.0003468063137    0.001169173359    0.001494020285   0.0006600327866   -0.001262654013   -0.003070949217   -0.003454110166
    54      21484        4.67591992806     0.03190138172   0.0005501243662   0.0008155965544   0.0004687902407  -0.0007003831179   -0.002194403403   -0.002854436189   -0.001591782177    0.001479167041
    55      23632        4.96569834251      0.0323020507   0.0004006689784  -0.0001494553878  -0.0009650519421   -0.001433842183  -0.0007334590649    0.001460944338    0.004315380527    0.005907162704
    56      25996        5.14085414919     0.03188467676  -0.0004173739372  -0.0008180429155  -0.0006685875278   0.0002964644144    0.001730306597    0.002463765662    0.001002821324   -0.003312559203
    57      28595        5.32505960657     0.03149049033  -0.0003941864265   2.318751062e-05   0.0008412304262    0.001509817954     0.00121335354  -0.0005169530576    -0.00298071872   -0.003983540044
    58      31455        5.65407711552     0.03187989503   0.0003894046973   0.0007835911238   0.0007604036132  -8.082681294e-05   -0.001590644767   -0.002803998306   -0.002287045249   0.0006936734708
    59      34600        5.98128083412     0.03215556498   0.0002756699447  -0.0001137347526  -0.0008973258765    -0.00165772949   -0.001576902677    1.37420901e-05    0.002817740397    0.005104785645
    60      38060        6.27209976047     0.03214982145  -5.743520104e-06  -0.0002814134648  -0.0001676787121   0.0007296471643    0.002387376654    0.003964279331    0.003950537241    0.001132796844
    61      41866        6.48211193793     0.03168004515  -0.0004697763007  -0.0004640327806  -0.0001826193158  -1.494060369e-05   -0.000744587768   -0.003131964422   -0.007096243753    -0.01104678099
    62      46053        6.80043029565     0.03168891943   8.874272008e-06   0.0004786505727   0.0009426833533    0.001125302669    0.001140243273    0.001884831041    0.005016795463     0.01211303922
    63      50658        7.24617273324     0.03219472076   0.0005058013368   0.0004969270648   1.827649206e-05  -0.0009244068613    -0.00204970953   -0.003189952803   -0.005074783844    -0.01009157931
    64      55724        7.57026654744     0.03206934054  -0.0001253802208  -0.0006311815576   -0.001128108622   -0.001146385114  -0.0002219782531    0.001827731277    0.005017684081     0.01009246792
    65      61296        7.87033413243     0.03178901734  -0.0002803232008    -0.00015494298   0.0004762385775      0.0016043472    0.002750732314    0.002972710567     0.00114497929   -0.003872704791
    66      67426        8.23626346898     0.03171878423  -7.023310788e-05   0.0002100900929    0.000365033073  -0.0001112055045   -0.001715552704   -0.004466285019   -0.007438995586   -0.008583974876
    67      74169        8.71192231043     0.03198915602   0.0002703717863   0.0003406048941   0.0001305148012  -0.0002345182718  -0.0001233127672    0.001592239937    0.006058524956     0.01349752054
    68      81585        9.16943898306      0.0321024077    0.000113251679  -0.0001571201073  -0.0004977250015  -0.0006282398027  -0.0003937215309  -0.0002704087637   -0.001862648701   -0.007921173657
    69      89744        9.54726055409     0.03186955972  -0.0002328479783  -0.0003460996573    -0.00018897955   0.0003087454515   0.0009369852542    0.001330706785    0.001601115549     0.00346376425
    70      98718        9.95795451422     0.03169362858  -0.0001759311371   5.691684123e-05   0.0004030164985   0.0005919960485    0.000283250597  -0.0006537346572   -0.001984441442   -0.003585556991
    71     108590        10.4909107121     0.03183598374    0.000142355156   0.0003182862931   0.0002613694519  -0.0001416470466  -0.0007336430951   -0.001016893692  -0.0003631590349    0.001621282407
    72     119449        11.0777951701     0.03205251201     0.00021652827   7.417311394e-05  -0.0002441131792  -0.0005054826311  -0.0003638355845   0.0003698075106    0.001386701203    0.001749860238
    73     131394         11.552387632     0.03187014108  -0.0001823709333  -0.0003988992033  -0.0004730723173  -0.0002289591381    0.000276523493   0.0006403590774   0.0002705515668   -0.001116149636
    74     144534         12.042087013     0.03167500922  -0.0001951318556  -1.276092229e-05   0.0003861382811   0.0008592105983    0.001088169736   0.0008116462435   0.0001712871661  -9.926440072e-05
    75     158987        12.6603702551     0.03175159889   7.658967248e-05   0.0002717215281   0.0002844824504  -0.0001016558307   -0.000960866429   -0.002049036165   -0.002860682409   -0.003031969575
    76     174886        13.3239942847     0.03186081753   0.0001092186405   3.262896798e-05  -0.0002390925601  -0.0005235750105  -0.0004219191799   0.0005389472491    0.002587983415    0.005448665823
    77     192374        13.9762495287      0.0318652594   4.441864786e-06  -0.0001047767757  -0.0001374057437   0.0001016868165    0.000625261827    0.001047181007   0.0005082337578   -0.002079749657
    78     211612        14.5788797417     0.03169231819  -0.0001729412037  -0.0001773830685  -7.260629282e-05   6.479945084e-05  -3.688736565e-05  -0.0006621491927     -0.0017093302   -0.002217563957
    79     232773          15.24148663     0.03159082935  -0.0001014888449   7.145235884e-05   0.0002488354273   0.0003214417201   0.0002566422693   0.0002935296349   0.0009556788276    0.002665009027
    80     256050         16.066725155     0.03175155318   0.0001607238327   0.0002622126776   0.0001907603188  -5.807510856e-05  -0.0003795168287   -0.000636159098  -0.0009296887329   -0.001885367561
    81     281655        16.8602761972     0.03176917611   1.762292414e-05  -0.0001431009086  -0.0004053135862   -0.000596073905  -0.0005379987964  -0.0001584819677   0.0004776771303    0.001407365863
    82     309821        17.6016085019     0.03162255317  -0.0001466229397  -0.0001642458638  -2.114495523e-05    0.000384168631   0.0009802425359    0.001518241332      0.0016767233     0.00119904617
    83     340803        18.4069784766     0.03153049581  -9.205735955e-05   5.456558012e-05   0.0002188114439   0.0002399563992  -0.0001442122318   -0.001124454768     -0.0026426961     -0.0043194194
    84     374883        19.3500997497      0.0316035111   7.301529759e-05   0.0001650726571    0.000110507077  -0.0001083043669  -0.0003482607661  -0.0002040485343   0.0009204062335    0.003563102333
    85     412371        20.3164020504     0.03163754244   3.403133391e-05  -3.898396367e-05  -0.0002040566208  -0.0003145636978  -0.0002062593309   0.0001420014352   0.0003460499694   -0.000574356264
    86     453608        21.2541724649     0.03155759132  -7.995111877e-05  -0.0001139824527    -7.4998489e-05   0.0001290581318   0.0004436218296   0.0006498811606   0.0005078797254    0.000161829756
    87     498969        22.2280229184     0.03146763135  -8.995997442e-05  -1.000885566e-05    0.000103973597    0.000178972086   4.991395422e-05  -0.0003937078754   -0.001043589036   -0.001551468761
    88     548866         23.284256994     0.03142890279  -3.872855999e-05   5.123141444e-05   6.124027009e-05  -4.273332693e-05   -0.000221705413  -0.0002716193672   0.0001220885083    0.001165677544
    89     603753        24.4861991903     0.03151314351   8.424072237e-05   0.0001229692824   7.173786793e-05   1.049759783e-05   5.323092476e-05   0.0002749363377   0.0005465557049   0.0004244671966
    90     664128        25.6518965461     0.03147701814  -3.612536468e-05  -0.0001203660871  -0.0002433353694  -0.0003150732373  -0.0003255708352  -0.0003788017599  -0.0006537380976   -0.001200293803
    91     730541        26.7937258117     0.03134807025  -0.0001289478883  -9.282252361e-05   2.754356344e-05   0.0002708789329   0.0005859521702   0.0009115230054    0.001290324765    0.001944062863
    92     803595        28.0757059601     0.03131930184  -2.876840997e-05   0.0001001794783   0.0001930020019   0.0001654584385  -0.0001054204944  -0.0006913726645    -0.00160289567   -0.002893220435
    93     883954        29.4702177183     0.03134501714   2.571529255e-05   5.448370252e-05   -4.56957758e-05  -0.0002386977777  -0.0004041562162  -0.0002987357219   0.0003926369427    0.001995532613
    94     972350        30.9046478391     0.03134097405  -4.043085035e-06  -2.975837758e-05  -8.424208011e-05  -3.854630431e-05   0.0002001514734   0.0006043076896   0.0009030434115   0.0005104064688
    95    1069585        32.3401568779     0.03127047444  -7.049961506e-05  -6.645653002e-05  -3.669815244e-05   4.754392767e-05   8.609023197e-05  -0.0001140612414  -0.0007183689311   -0.001621412343
    96    1176543        33.8188038822     0.03117843709  -9.203735065e-05  -2.153773559e-05   4.491879443e-05   8.161694687e-05    3.40730192e-05  -5.201721278e-05   6.204402867e-05   0.0007804129598
    97    1294197        35.4826554088      0.0311900391   1.160201397e-05   0.0001036393646   0.0001251771002   8.025830579e-05  -1.358641078e-06  -3.543166028e-05    1.65855525e-05  -4.545847617e-05
    98    1423617        37.2277424011     0.03120111523   1.107612952e-05  -5.258844481e-07  -0.0001041652491  -0.0002293423493  -0.0003096006551   -0.000308242014  -0.0002728103537  -0.0002893959062
    99    1565979         38.977384412      0.0311472512  -5.386403211e-05  -6.494016163e-05  -6.441427719e-05   3.975097188e-05   0.0002690933212   0.0005786939762   0.0008869359902    0.001159746344
   100    1722577        40.7636384299     0.03105872466  -8.852653656e-05  -3.466250445e-05   3.027765719e-05   9.469193437e-05   5.494096249e-05  -0.0002141523587  -0.0007928463349   -0.001679782325
   101    1894834        42.7187556437     0.03103366082  -2.506384587e-05   6.346269069e-05   9.812519513e-05   6.784753794e-05  -2.684439643e-05  -8.178535892e-05   0.0001323669998   0.0009252133347
   102    2084318        44.8210672432     0.03104561045   1.194963814e-05   3.701348401e-05  -2.644920667e-05  -0.0001245744018  -0.0001924219397  -0.0001655775433   -8.37921844e-05  -0.0002161591842
   103    2292749        46.9437387967     0.03100269297  -4.291748584e-05  -5.486712397e-05  -9.188060799e-05  -6.543140132e-05   5.914300049e-05   0.0002515649402   0.0004171424836    0.000500934668
   104    2522024        49.1436522047     0.03094516632  -5.752664745e-05  -1.460916161e-05   4.025796236e-05   0.0001321385703   0.0001975699717   0.0001384269712  -0.0001131379691  -0.0005302804526
   105    2774227        51.4382083176     0.03088266965  -6.249666871e-05  -4.970021263e-06   9.639140351e-06  -3.061882201e-05  -0.0001627573924   -0.000360327364  -0.0004987543352  -0.0003856163661
   106    3051649        53.9279121475     0.03087068859  -1.198106297e-05   5.051560575e-05   5.548562701e-05   4.584648666e-05   7.646530867e-05    0.000239222701   0.0005995500651      0.0010983044
   107    3356814        56.5531090871     0.03086688806  -3.800527867e-06     8.1805351e-06  -4.233507065e-05  -9.782069766e-05  -0.0001436671843   -0.000220132493   -0.000459355194   -0.001058905259
   108    3692496        59.1852606959     0.03080020082   -6.66872411e-05  -6.288671323e-05  -7.106724833e-05  -2.873217768e-05   6.908851997e-05   0.0002127557043   0.0004328881973   0.0008922433913
   109    4061745        61.9467560064     0.03073705407  -6.314674592e-05   3.540495178e-06   6.642720841e-05   0.0001374944567   0.0001662266344   9.713811445e-05  -0.0001156175898  -0.0005485057871

  ENVELOPE EXPONENT theta_rms  (TWO-POINT RATIO OF HALF-LADDER RMS, NOT A FIT)
    d  n_rungs  n_half           RMS_lo           RMS_hi          NM_lo          NM_hi     theta_rms  theta_no_max  theta_no_min
    0      110      55      0.029018653      0.031544224       1638.705       309820.4     -0.015920     -0.015913     -0.014358
    1      109      54     0.0047375668    0.00017473105       1718.688       324942.5      0.629526      0.619975      0.631725
    2      108      54      0.006790606    0.00025232627       1890.429       324942.5      0.639726      0.626057      0.637276
    3      107      53     0.0099618248    0.00034658527       1982.757       340802.5      0.652517      0.631900      0.657178
    4      106      53      0.015873047    0.00053356166       2181.126       340802.5      0.671648      0.637879      0.666809
    5      105      52      0.027336094    0.00081794541       2287.586       357436.7      0.694684      0.672822      0.700752
    6      104      52      0.046454394     0.0013866912        2516.42       357436.7      0.708528      0.666517      0.695417
    7      103      51       0.07868822     0.0024125813       2639.348       374882.7      0.703135      0.665820      0.711842
    8      102      51       0.13413005     0.0044134241       2903.188       374882.7      0.702386      0.662989      0.699096

  PROJECTION P(gamma) = |sum_j w_j Ghat[j,d] exp(-i gamma log N_j)|   (hann window; inner product, NOT a fit)
    d  argmax gamma    P_max/med    P(g1)/med    P(g2)/med    P(g3)/med       median P  verdict
    0        0.0000    2016.4900       1.7798       0.3854       0.8657    0.000719867     NULL
    1       15.4800      46.7849       5.0556       1.1510       1.1140       0.190124     NULL
    2       15.4600      59.5660       6.4662       1.8987       1.9485       0.227987     NULL
    3       15.4600      55.0262       6.0361       2.2676       2.4614       0.387208     NULL
    4       15.4600      46.3257       5.2328       2.5167       2.8476       0.771873     NULL
    5       15.4600      37.9233       4.4575       2.7606       3.2154        1.65234     NULL
    6       15.4600      32.1298       3.8444       3.0743       3.7306        3.10836     NULL
    7       27.3600      40.5026       3.2904       3.3969       4.4196        4.60122     NULL
    8       27.3600      50.2019       2.7981       3.7139       5.1360         7.2921     WEAK

  ==== sigma = 1   t = 0   (non-oscillatory row)
     j        N_j            |Delta_N|            G[j,0]            G[j,1]            G[j,2]            G[j,3]            G[j,4]            G[j,5]            G[j,6]            G[j,7]            G[j,8]
     0        125       0.115814947208      0.1158149472                 —                 —                 —                 —                 —                 —                 —                 —
     1        138       0.113796932451      0.1137969325   -0.002018014758                 —                 —                 —                 —                 —                 —                 —
     2        151       0.111980020978       0.111980021   -0.001816911473   0.0002011032847                 —                 —                 —                 —                 —                 —
     3        166       0.110129336286      0.1101293363   -0.001850684692  -3.377321895e-05  -0.0002348765037                 —                 —                 —                 —                 —
     4        183       0.108254949361      0.1082549494   -0.001874386926  -2.370223397e-05   1.007098498e-05   0.0002449474886                 —                 —                 —                 —
     5        201       0.106431131872      0.1064311319   -0.001823817489   5.056943701e-05   7.427167098e-05     6.4200686e-05  -0.0001807468026                 —                 —                 —
     6        221       0.104744999156      0.1047449992   -0.001686132716   0.0001376847732   8.711533621e-05   1.284366523e-05  -5.135702077e-05   0.0001293897819                 —                 —
     7        244       0.103042032315      0.1030420323   -0.001702966842  -1.683412621e-05  -0.0001545188994  -0.0002416342356  -0.0002544779009  -0.0002031208801   -0.000332510662                 —
     8        268       0.101382874134      0.1013828741    -0.00165915818   4.380866136e-05   6.064278758e-05    0.000215161687   0.0004567959226   0.0007112738235   0.0009143947036    0.001246905366
     9        295      0.0998249923138     0.09982499231   -0.001557881821   0.0001012763598   5.746769849e-05  -3.175089091e-06  -0.0002183367761  -0.0006751326987   -0.001386406522   -0.002300801226
    10        324      0.0983688638219     0.09836886382   -0.001456128492   0.0001017533287   4.769688095e-07  -5.699072968e-05  -5.381564058e-05   0.0001645211355   0.0008396538343    0.002226060357
    11        357      0.0968814339972       0.096881434   -0.001487429825  -3.130133287e-05  -0.0001330546615  -0.0001335316303  -7.654090066e-05  -2.272526007e-05  -0.0001872463956    -0.00102690023
    12        392      0.0955156963474     0.09551569635    -0.00136573765   0.0001216921749   0.0001529935078   0.0002860481693   0.0004195797997   0.0004961207003   0.0005188459604    0.000706092356
    13        432      0.0940511826768     0.09405118268   -0.001464513671  -9.877602086e-05  -0.0002204681958  -0.0003734617036   -0.000659509873   -0.001079089673   -0.001575210373   -0.002094056333
    14        475      0.0927627506833     0.09276275068   -0.001288431993   0.0001760816772   0.0002748576981   0.0004953258939   0.0008687875975     0.00152829747    0.002607387143    0.004182597516
    15        522      0.0914802320974      0.0914802321   -0.001282518586   5.913407446e-06  -0.0001701682697  -0.0004450259678  -0.0009403518617   -0.001809139459    -0.00333743693   -0.005944824073
    16        574      0.0901756715254     0.09017567153   -0.001304560572  -2.204198599e-05  -2.795539343e-05   0.0001422128763   0.0005872388441    0.001527590706    0.003336730165    0.006674167095
    17        632      0.0889473497504     0.08894734975   -0.001228321775   7.623879703e-05   9.828078301e-05   0.0001262361764  -1.597669987e-05   -0.000603215544    -0.00213080625   -0.005467536415
    18        695      0.0877728850209     0.08777288502    -0.00117446473   5.385704543e-05  -2.238175159e-05  -0.0001206625346  -0.0002468987111  -0.0002309220112   0.0003722935328    0.002503099783
    19        764       0.086615189803      0.0866151898   -0.001157695218   1.676951164e-05   -3.70875338e-05   -1.47057822e-05   0.0001059567524   0.0003528554635   0.0005837774746   0.0002114839419
    20        841      0.0854608507205     0.08546085072   -0.001154339083   3.356135303e-06  -1.341337634e-05   2.367415746e-05   3.837993966e-05  -6.757681274e-05  -0.0004204322762   -0.001004209751
    21        925      0.0843466972996      0.0843466973   -0.001114153421   4.018566175e-05   3.682952644e-05   5.024290278e-05   2.656874532e-05  -1.181119435e-05   5.576561839e-05   0.0004761978946
    22       1018      0.0832847907465     0.08328479075   -0.001061906553   5.224686769e-05   1.206120594e-05   -2.47683205e-05  -7.501122328e-05  -0.0001015799686  -8.976877424e-05  -0.0001455343926
    23       1119      0.0822614904417     0.08226149044   -0.001023300305   3.860624841e-05  -1.364061928e-05  -2.570182522e-05  -9.335047223e-07   7.407771856e-05   0.0001756576871   0.0002654264614
    24       1231      0.0812090296213     0.08120902962    -0.00105246082   -2.91605157e-05   -6.77667641e-05  -5.412614482e-05   -2.84243196e-05  -2.749081488e-05  -0.0001015685334  -0.0002772262206
    25       1354      0.0802094267267     0.08020942673  -0.0009996028946   5.285792579e-05   8.201844148e-05   0.0001497852056   0.0002039113504     0.00023233567   0.0002598264849   0.0003613950183
    26       1490       0.079262380628     0.07926238063  -0.0009470460987   5.255679593e-05  -3.011298552e-07  -8.231957134e-05  -0.0002321047769  -0.0004360161273  -0.0006683517973  -0.0009281782822
    27       1639      0.0783049047655     0.07830490477  -0.0009574758625  -1.042976375e-05  -6.298655968e-05  -6.268542983e-05   1.963414151e-05   0.0002517389184   0.0006877550458    0.001356106843
    28       1803      0.0773758032525     0.07737580325   -0.000929101513   2.837434951e-05   3.880411326e-05   0.0001017906729   0.0001644761028   0.0001448419613  -0.0001068969572  -0.0007946520029
    29       1983      0.0764644383624     0.07646443836  -0.0009113648901   1.773662282e-05  -1.063772669e-05  -4.944183995e-05  -0.0001512325129  -0.0003157086157  -0.0004605505769  -0.0003536536197
    30       2181      0.0755781990946     0.07557819909  -0.0008862392678   2.512562235e-05   7.388999529e-06   1.802672622e-05   6.746856616e-05   0.0002187010791   0.0005344096947   0.0009949602716
    31       2399      0.0747400968836     0.07474009688   -0.000838102211   4.813705674e-05   2.301143438e-05   1.562243486e-05   -2.40429136e-06  -6.987285752e-05  -0.0002885739366  -0.0008229836313
    32       2639      0.0738834674053     0.07388346741  -0.0008566294783  -1.852726727e-05  -6.666432401e-05  -8.967575839e-05  -0.0001052981932  -0.0001028939019  -3.302104436e-05   0.0002555528922
    33       2903      0.0730496143863     0.07304961439   -0.000833853019   2.277645928e-05   4.130372655e-05   0.0001079680506   0.0001976438089   0.0003029420022   0.0004058359041   0.0004388569484
    34       3193      0.0722565257028      0.0722565257  -0.0007930886835   4.076433555e-05   1.798787627e-05  -2.331585028e-05  -0.0001312839008  -0.0003289277098   -0.000631869712   -0.001037705616
    35       3513      0.0714762532056     0.07147625321  -0.0007802724972   1.281618629e-05  -2.794814926e-05  -4.593602553e-05  -2.262017526e-05   0.0001086637256   0.0004375914353    0.001069461147
    36       3864      0.0707003781223     0.07070037812  -0.0007758750833    4.39741392e-06  -8.418772369e-06   1.952937689e-05   6.546540242e-05   8.808557768e-05  -2.057814789e-05  -0.0004581695832
    37       4250      0.0699476173713     0.06994761737   -0.000752760751   2.311433224e-05   1.871691832e-05   2.713569069e-05   7.606313802e-06  -5.785908862e-05  -0.0001459446663  -0.0001253665184
    38       4676      0.0692061056078     0.06920610561  -0.0007415117636   1.124898747e-05  -1.186534478e-05   -3.05822631e-05  -5.771795379e-05  -6.532426759e-05  -7.465178973e-06   0.0001384794873
    39       5143      0.0684958508567     0.06849585086   -0.000710254751   3.125701251e-05   2.000802504e-05   3.187336982e-05   6.245563292e-05   0.0001201735867   0.0001854978543   0.0001929630333
    40       5657      0.0677899764146     0.06778997641  -0.0007058744422   4.380308862e-06  -2.687670365e-05  -4.688472869e-05  -7.875809851e-05  -0.0001412137314  -0.0002613873181  -0.0004468851724
    41       6223      0.0670873068516     0.06708730685   -0.000702669563   3.204879183e-06  -1.175429679e-06   2.570127397e-05   7.258600266e-05   0.0001513441012   0.0002925578326   0.0005539451507
    42       6845      0.0664142850182     0.06641428502  -0.0006730218334   2.964772963e-05   2.644285044e-05   2.761828012e-05   1.917006151e-06  -7.066899651e-05  -0.0002220130977  -0.0005145709303
    43       7530      0.0657600062768     0.06576000628  -0.0006542787414   1.874309198e-05  -1.090463765e-05  -3.734748809e-05  -6.496576821e-05  -6.688277436e-05   3.786222148e-06   0.0002257993198
    44       8283      0.0651052513309     0.06510525133  -0.0006547549459  -4.762045536e-07  -1.921929653e-05  -8.314658887e-06    2.90328292e-05   9.399859741e-05   0.0001608813718   0.0001570951496
    45       9111       0.064472155593     0.06447215559  -0.0006330957378   2.165920813e-05   2.213541268e-05   4.135470921e-05    4.96693681e-05    2.06365389e-05  -7.336205852e-05  -0.0002342434303
    46      10022       0.063844815417     0.06384481542   -0.000627340176   5.755561803e-06  -1.590364632e-05    -3.8039059e-05  -7.939376821e-05  -0.0001290631363  -0.0001496996752  -7.633761669e-05
    47      11025      0.0632366873277     0.06323668733  -0.0006081280894   1.921208665e-05   1.345652485e-05   2.936017117e-05   6.739923017e-05   0.0001467929984   0.0002758561347   0.0004255558099
    48      12127      0.0626410474372     0.06264104744  -0.0005956398905    1.24881989e-05  -6.723887748e-06  -2.018041259e-05  -4.954058376e-05  -0.0001169398139  -0.0002637328123   -0.000539588947
    49      13340      0.0620483837575     0.06204838376  -0.0005926636797    2.97621079e-06  -9.511988112e-06  -2.788100364e-06   1.739231223e-05     6.6932896e-05   0.0001838727099   0.0004476055223
    50      14674      0.0614700044956      0.0614700045   -0.000578379262   1.428441771e-05   1.130820692e-05   2.082019503e-05    2.36082954e-05   6.215983165e-06  -6.071691283e-05  -0.0002445896228
    51      16141      0.0609113353105     0.06091133531  -0.0005586691851   1.971007685e-05   5.425659142e-06  -5.882547779e-06  -2.670274281e-05  -5.031103821e-05  -5.652702137e-05   4.189891458e-06
    52      17755       0.060355524247     0.06035552425  -0.0005558110634   2.858121664e-06  -1.685195519e-05  -2.227761433e-05  -1.639506655e-05   1.030767626e-05   6.061871446e-05   0.0001171457358
    53      19531      0.0598099352632     0.05980993526  -0.0005455889838   1.022207962e-05   7.363957957e-06   2.421591315e-05   4.649352748e-05   6.288859403e-05   5.258091777e-05  -8.037796693e-06
    54      21484      0.0592748170098     0.05927481701  -0.0005351182534   1.047073047e-05    2.48650851e-07  -7.115307106e-06  -3.133122025e-05  -7.782474773e-05  -0.0001407133418  -0.0001932942595
    55      23632      0.0587511727727     0.05875117277  -0.0005236442371   1.147401626e-05   1.003285787e-06    7.54634936e-07   7.869942042e-06   3.920116229e-05     0.00011702591   0.0002577392518
    56      25996      0.0582382462102     0.05823824621  -0.0005129265625   1.071767457e-05  -7.563416844e-07  -1.759627471e-06  -2.514262407e-06  -1.038420445e-05  -4.958536674e-05  -0.0001666112768
    57      28595      0.0577327430228     0.05773274302  -0.0005055031875   7.423375054e-06   -3.29429952e-06  -2.537957835e-06  -7.783303639e-07   1.735932044e-06   1.212013649e-05   6.170550324e-05
    58      31455      0.0572312293594     0.05723122936  -0.0005015136633   3.989524132e-06  -3.433850922e-06  -1.395514024e-07   2.398406433e-06   3.176736797e-06   1.440804753e-06  -1.067933174e-05
    59      34600      0.0567455734368     0.05674557344  -0.0004856559227   1.585774068e-05   1.186821655e-05   1.530206747e-05   1.544161887e-05   1.304321244e-05   9.866475644e-06   8.425670891e-06
    60      38060      0.0562684360511     0.05626843605  -0.0004771373857   8.518536963e-06  -7.339203718e-06  -1.920742027e-05  -3.450948774e-05  -4.995110661e-05  -6.299431905e-05   -7.28607947e-05
    61      41866      0.0557973257939     0.05579732579  -0.0004711102571   6.027128543e-06   -2.49140842e-06   4.847795298e-06   2.405521557e-05   5.856470331e-05   0.0001085158099    0.000171510129
    62      46053      0.0553325942418     0.05533259424  -0.0004647315521   6.378705001e-06   3.515764575e-07   2.842984877e-06  -2.004810421e-06  -2.606002599e-05  -8.462472929e-05  -0.0001931405392
    63      50658      0.0548776087531     0.05487760875  -0.0004549854886   9.746063502e-06   3.367358501e-06   3.015782043e-06   1.727971659e-07   2.177607587e-06   2.823763357e-05   0.0001128623629
    64      55724      0.0544310507217     0.05443105072  -0.0004465580314   8.427457239e-06  -1.318606263e-06  -4.685964764e-06  -7.701746808e-06  -7.874543974e-06  -1.005215156e-05  -3.828978513e-05
    65      61296      0.0539925863076     0.05399258631  -0.0004384644141   8.093617303e-06   -3.33839936e-07   9.847663274e-07   5.670731092e-06    1.33724779e-05   2.124702187e-05   3.129917343e-05
    66      67426      0.0535584346787     0.05355843468   -0.000434151629   4.312785141e-06  -3.780832161e-06  -3.446992225e-06  -4.431758553e-06  -1.010248964e-05  -2.347496754e-05  -4.472198942e-05
    67      74169      0.0531314723699     0.05313147237  -0.0004269623088   7.189320184e-06   2.876535043e-06   6.657367205e-06   1.010435943e-05   1.453611798e-05   2.463860763e-05   4.811357517e-05
    68      81585      0.0527145400827     0.05271454008  -0.0004169322872   1.003002153e-05   2.840701343e-06  -3.583370066e-08  -6.693200905e-06  -1.679756034e-05  -3.133367832e-05  -5.597228595e-05
    69      89744      0.0523042584567     0.05230425846   -0.000410281626   6.650661286e-06   -3.37936024e-06  -6.220061583e-06  -6.184227882e-06   5.089730231e-07   1.730653336e-05   4.864021168e-05
    70      98718      0.0518974313462     0.05189743135  -0.0004068271104   3.454515514e-06  -3.196145772e-06    1.83214468e-07   6.403276051e-06   1.258750393e-05   1.207853091e-05  -5.228002448e-06
    71     108590      0.0514989445288     0.05149894453  -0.0003984868174   8.340293027e-06   4.885777513e-06   8.081923285e-06   7.898708817e-06   1.495432766e-06  -1.109207117e-05  -2.317060208e-05
    72     119449      0.0511060972597     0.05110609726  -0.0003928472691     5.6395483e-06  -2.700744726e-06  -7.586522239e-06  -1.566844552e-05  -2.356715434e-05  -2.506258711e-05  -1.397051594e-05
    73     131394      0.0507205471399     0.05072054714  -0.0003855501198   7.297149299e-06   1.657600998e-06   4.358345725e-06   1.194486796e-05   2.761331349e-05   5.118046783e-05   7.624305494e-05
    74     144534      0.0503409273518     0.05034092735  -0.0003796197881   5.930331735e-06  -1.366817564e-06  -3.024418562e-06  -7.382764286e-06  -1.932763225e-05  -4.694094574e-05  -9.812141357e-05
    75     158987       0.049965416243     0.04996541624  -0.0003755111087   4.108679346e-06  -1.821652389e-06  -4.548348258e-07   2.569583736e-06   9.952348023e-06   2.927998027e-05   7.622092601e-05
    76     174886      0.0495962870185     0.04959628702  -0.0003691292246    6.38188418e-06   2.273204834e-06   4.094857224e-06   4.549692049e-06   1.980108313e-06  -7.972239709e-06  -3.725221998e-05
    77     192374      0.0492348531938     0.04923485319  -0.0003614338247   7.695399895e-06   1.313515715e-06  -9.596891191e-07  -5.054546343e-06  -9.604238392e-06  -1.158434671e-05  -3.612106996e-06
    78     211612      0.0488766863574     0.04887668636  -0.0003581668364   3.266988278e-06  -4.428411617e-06  -5.741927332e-06  -4.782238213e-06   2.723081298e-07   9.876546522e-06   2.146089323e-05
    79     232773      0.0485241349913     0.04852413499  -0.0003525513662   5.615470233e-06   2.348481955e-06   6.776893572e-06    1.25188209e-05   1.730105912e-05   1.702875099e-05   7.152204465e-06
    80     256050       0.048176957906     0.04817695791  -0.0003471770852   5.374280926e-06  -2.411893069e-07  -2.589671262e-06  -9.366564835e-06  -2.188538574e-05  -3.918644486e-05  -5.621519584e-05
    81     281655      0.0478351480301     0.04783514803  -0.0003418098759    5.36720928e-06  -7.071645963e-09    2.34117661e-07   2.823788923e-06   1.219035376e-05    3.40757395e-05   7.326218435e-05
    82     309821      0.0474986180441     0.04749861804   -0.000336529986   5.279889978e-06    -8.7319302e-08  -8.024765603e-08   -3.14365317e-07   -3.13815424e-06    -1.5328508e-05   -4.94042475e-05
    83     340803      0.0471666377608     0.04716663776  -0.0003319802833   4.549702688e-06  -7.301872899e-07  -6.428679879e-07  -5.626203319e-07  -2.482550149e-07   2.889899225e-06   1.821840722e-05
    84     374883      0.0468384085401     0.04683840854  -0.0003282292207    3.75106255e-06   -7.98640139e-07  -6.845284904e-08   5.744151389e-07   1.137035471e-06   1.385290486e-06   -1.50460874e-06
    85     412371      0.0465161651421     0.04651616514   -0.000322243398   5.985822751e-06   2.234760201e-06    3.03340034e-06   3.101853189e-06    2.52743805e-06    1.39040258e-06   5.112093852e-09
    86     453608      0.0461986593517     0.04619865935  -0.0003175057904   4.737607584e-06  -1.248215167e-06  -3.482975368e-06  -6.516375709e-06  -9.618228898e-06  -1.214566695e-05  -1.353606953e-05
    87     498969      0.0458847234656     0.04588472347  -0.0003139358862   3.569904244e-06   -1.16770334e-06   8.051182712e-08   3.563487195e-06    1.00798629e-05    1.96980918e-05   3.184375875e-05
    88     548866      0.0455751841402     0.04557518414  -0.0003095393254   4.396560778e-06   8.266565342e-07   1.994359874e-06   1.913848047e-06  -1.649639148e-06  -1.172950205e-05  -3.142759385e-05
    89     603753      0.0452704145722     0.04527041457  -0.0003047695679   4.769757429e-06   3.731966511e-07  -4.534598831e-07  -2.447819757e-06  -4.361667804e-06  -2.712028656e-06   9.017473396e-06
    90     664128      0.0449697267275     0.04496972673  -0.0003006878448   4.081723195e-06  -6.880342344e-07  -1.061230886e-06  -6.077710024e-07   1.840048755e-06   6.201716559e-06   8.913745215e-06
    91     730541      0.0446734446918     0.04467344469  -0.0002962820357    4.40580909e-06   3.240858952e-07    1.01212013e-06   2.073351015e-06   2.681122018e-06   8.410732626e-07  -5.360643297e-06
    92     803595      0.0443806297613     0.04438062976  -0.0002928149305   3.467105166e-06  -9.387039239e-07  -1.262789819e-06  -2.274909949e-06  -4.348260964e-06  -7.029382981e-06  -7.870456244e-06
    93     883954      0.0440916367274     0.04409163673   -0.000288993034   3.821896532e-06   3.547913659e-07    1.29349529e-06   2.556285109e-06   4.831195058e-06   9.179456021e-06     1.6208839e-05
    94     972350      0.0438070443951      0.0438070444  -0.0002845923322   4.400701722e-06   5.788051902e-07   2.240138244e-07  -1.069481465e-06  -3.625766574e-06  -8.456961632e-06  -1.763641765e-05
    95    1069585      0.0435264654223     0.04352646542  -0.0002805789728   4.013359418e-06  -3.873423035e-07  -9.661474938e-07  -1.190161318e-06  -1.206798527e-07   3.505086722e-06   1.196204835e-05
    96    1176543      0.0432486321335     0.04324863213  -0.0002778332888   2.745684012e-06  -1.267675407e-06  -8.803331031e-07   8.581439071e-08   1.275975709e-06   1.396655562e-06   -2.10843116e-06
    97    1294197      0.0429749955888     0.04297499559  -0.0002736365447   4.196744109e-06   1.451060097e-06   2.718735504e-06   3.599068607e-06   3.513254216e-06   2.237278508e-06   8.406229459e-07
    98    1423617      0.0427049245081     0.04270492451  -0.0002700710807   3.565464008e-06  -6.312801008e-07  -2.082340198e-06  -4.801075702e-06  -8.400144309e-06  -1.191339853e-05  -1.415067703e-05
    99    1565979       0.042438350535     0.04243835053  -0.0002665739731   3.497107607e-06  -6.835640103e-08   5.629236998e-07   2.645263898e-06     7.4463396e-06   1.584648391e-05   2.775988244e-05
   100    1722577      0.0421752372724     0.04217523727  -0.0002631132626   3.460710477e-06  -3.639713023e-08    3.19592708e-08   -5.30964429e-07  -3.176228327e-06  -1.062256793e-05  -2.646905184e-05
   101    1894834      0.0419152497456     0.04191524975  -0.0002599875268   3.125735806e-06  -3.349746706e-07  -2.985775404e-07  -3.305368112e-07   2.004276178e-07   3.376655945e-06   1.399922387e-05
   102    2084318      0.0416583962305     0.04165839623   -0.000256853515   3.134011803e-06    8.27599652e-09   3.432506671e-07   6.418282075e-07   9.723650187e-07   7.719374009e-07  -2.604718544e-06
   103    2292749      0.0414054675975      0.0414054676   -0.000252928633   3.924881991e-06   7.908701884e-07   7.825941918e-07   4.393435247e-07  -2.024846828e-07  -1.174849701e-06  -1.946787102e-06
   104    2522024      0.0411552183548     0.04115521835  -0.0002502492427   2.679390274e-06  -1.245491717e-06  -2.036361906e-06  -2.818956098e-06  -3.258299622e-06   -3.05581494e-06  -1.880965238e-06
   105    2774227      0.0409080595952      0.0409080596  -0.0002471587596   3.090483149e-06   4.110928747e-07   1.656584592e-06   3.692946498e-06   6.511902596e-06   9.770202218e-06   1.282601716e-05
   106    3051649      0.0406639391092     0.04066393911   -0.000244120486   3.038273628e-06  -5.220952097e-08  -4.633023956e-07  -2.119886988e-06  -5.812833486e-06  -1.232473608e-05   -2.20949383e-05
   107    3356814       0.040423037746     0.04042303775  -0.0002409013632   3.219122714e-06   1.808490863e-07   2.330586072e-07   6.963610029e-07   2.816247991e-06   8.629081476e-06   2.095381756e-05
   108    3692496      0.0401849208268     0.04018492083  -0.0002381169192   2.784444088e-06   -4.34678626e-07  -6.155277122e-07  -8.485863194e-07  -1.544947322e-06  -4.361195313e-06  -1.299027679e-05
   109    4061745      0.0399497248834     0.03994972488  -0.0002351959435   2.920975682e-06   1.365315942e-07   5.712102202e-07   1.186737932e-06   2.035324252e-06   3.580271574e-06   7.941466887e-06

  ENVELOPE EXPONENT theta_rms  (TWO-POINT RATIO OF HALF-LADDER RMS, NOT A FIT)
    d  n_rungs  n_half           RMS_lo           RMS_hi          NM_lo          NM_hi     theta_rms  theta_no_max  theta_no_min
    0      110      55      0.082973794      0.048439074       1638.705       309820.4      0.102672      0.101818      0.102970
    1      109      54     0.0011270363    0.00035743192       1718.688       324942.5      0.219073      0.217593      0.220096
    2      108      54    5.7179916e-05    5.8935147e-06       1890.429       324942.5      0.441504      0.422373      0.441169
    3      107      53    7.9717695e-05    2.6746125e-06       1982.757       340802.5      0.659570      0.644350      0.665235
    4      106      53    0.00013708807    4.5067951e-06       2181.126       340802.5      0.676049      0.646305      0.673848
    5      105      52    0.00025223102    8.0325081e-06       2287.586       357436.7      0.682347      0.661647      0.692123
    6      104      52    0.00047693582    1.4644349e-05        2516.42       357436.7      0.702833      0.667978      0.699143
    7      103      51    0.00092415353     2.755555e-05       2639.348       374882.7      0.708760      0.690156      0.720714
    8      102      51     0.0017852022    5.2146924e-05       2903.188       374882.7      0.726880      0.691818      0.720103

  PROJECTION P(gamma) = |sum_j w_j Ghat[j,d] exp(-i gamma log N_j)|   (hann window; inner product, NOT a fit)
    d  argmax gamma    P_max/med    P(g1)/med    P(g2)/med    P(g3)/med       median P  verdict
    0        0.0000    5780.8594       0.8043       1.1710       1.1867     0.00158409     NULL
    1        0.0000    2650.5145       0.8432       0.7519       1.3211     0.00010046     NULL
    2        0.0000      76.4279       1.7294       0.2622       3.2049    0.000639955     NULL
    3       23.0200      21.3525       2.6816       1.1426       5.9377     0.00656295     NULL
    4       23.0200      27.8446       2.6141       1.5330       8.1718      0.0108876     WEAK
    5       23.0200      34.2522       2.3722       1.8657      10.5449      0.0172494     WEAK
    6       23.0000      41.4396       2.1639       2.3430      13.4621      0.0322489     WEAK
    7       23.0000      49.3257       1.9090       2.7322      16.8025       0.052664     WEAK
    8       23.0000      61.0983       1.7979       3.4688      21.9424      0.0940809     WEAK

  ==== sigma = 1   t = 14.5
     j        N_j            |Delta_N|            G[j,0]            G[j,1]            G[j,2]            G[j,3]            G[j,4]            G[j,5]            G[j,6]            G[j,7]            G[j,8]
     0        125     0.00379214344258    0.003792143443                 —                 —                 —                 —                 —                 —                 —                 —
     1        138     0.00901986264567    0.009019862646    0.005227719203                 —                 —                 —                 —                 —                 —                 —
     2        151     0.00995141259865    0.009951412599    0.000931549953    -0.00429616925                 —                 —                 —                 —                 —                 —
     3        166      0.0050713106887    0.005071310689    -0.00488010191   -0.005811651863   -0.001515482613                 —                 —                 —                 —                 —
     4        183     0.00551721247869    0.005517212479     0.00044590179      0.0053260037     0.01113765556     0.01265313818                 —                 —                 —                 —
     5        201     0.00878634550224    0.008786345502    0.003269133024    0.002823231234   -0.002502772466    -0.01364042803     -0.0262935662                 —                 —                 —
     6        221     0.00927811458704    0.009278114587   0.0004917690848   -0.002777363939   -0.005600595172   -0.003097822706     0.01054260532     0.03683617153                 —                 —
     7        244     0.00525206558922    0.005252065589   -0.004026048998   -0.004517818083   -0.001740454144    0.003860141028    0.006957963734   -0.003584641589    -0.04042081312                 —
     8        268     0.00626856473799    0.006268564738    0.001016499149    0.005042548147    0.009560366229     0.01130082037    0.007440679345   0.0004827156103    0.004067357199     0.04448817032
     9        295     0.00888522094069    0.008885220941    0.002616656203    0.001600157054   -0.003442391093    -0.01300275732    -0.02430357769    -0.03174425704    -0.03222697265    -0.03629432985
    10        324     0.00908865542773    0.009088655428    0.000203434487   -0.002413221716    -0.00401337877  -0.0005709876769     0.01243176964     0.03673534734     0.06847960438       0.100706577
    11        357     0.00663096888104    0.006630968881   -0.002457686547   -0.002661121034  -0.0002478993181    0.003765479452    0.004336467128   -0.008095302517    -0.04483064986     -0.1133102542
    12        392     0.00635850570491    0.006358505705  -0.0002724631761    0.002185223371    0.004846344404    0.005094243722    0.001328764271   -0.003007702858    0.005087599659     0.04991824952
    13        432       0.009479203382    0.009479203382    0.003120697677    0.003393160853    0.001207937483   -0.003638406922   -0.008732650644    -0.01006141491   -0.007053712057    -0.01214131172
    14        475     0.00862417802184    0.008624178022  -0.0008550253602   -0.003975723037    -0.00736888389   -0.008576821373   -0.004938414451    0.003794236193     0.01385565111     0.02090936316
    15        522     0.00692162321378    0.006921623214   -0.001702554808  -0.0008475294479    0.003128193589     0.01049707748     0.01907389885      0.0240123133     0.02021807711    0.006362426004
    16        574     0.00714535689495    0.007145356895   0.0002237336812    0.001926288489    0.002773817937  -0.0003543756522    -0.01085145313    -0.02992535198    -0.05393766529     -0.0741557424
    17        632     0.00888388335508    0.008883883355     0.00173852646    0.001514792779  -0.0004114957103   -0.003185313647   -0.002830937995    0.008020515137     0.03794586712     0.09188353241
    18        695     0.00905013738683    0.009050137387   0.0001662540318   -0.001572272428   -0.003087065207   -0.002675569497   0.0005097441503    0.003340682145   -0.004679832991    -0.04262570011
    19        764     0.00708485616883    0.007084856169   -0.001965281218    -0.00213153525  -0.0005592628214    0.002527802386    0.005203371883    0.004693627733    0.001352945587    0.006032778579
    20        841     0.00746500221833    0.007465002218   0.0003801460495    0.002345427268    0.004476962517    0.005036225339    0.002508422953    -0.00269494893   -0.007388576663    -0.00874152225
    21        925     0.00889786855687    0.008897868557    0.001432866339    0.001052720289   -0.001292706978   -0.005769669496    -0.01080589483    -0.01331431779    -0.01061936886   -0.003230792194
    22       1018     0.00891085256113    0.008910852561   1.298400426e-05   -0.001419882334   -0.002472602623   -0.001179895645    0.004589773851     0.01539566869     0.02870998647     0.03932935533
    23       1119     0.00748935297495    0.007489352975   -0.001421499586    -0.00143448359  -1.460125614e-05    0.002458001367    0.003637897012  -0.0009518768389    -0.01634754552      -0.045057532
    24       1231     0.00747916767914    0.007479167679  -1.018529581e-05     0.00141131429    0.002845797881    0.002860399137   0.0004023977698   -0.003235499242   -0.002283622403     0.01406392312
    25       1354     0.00861481041217    0.008614810412    0.001135642733    0.001145828029  -0.0002654862615   -0.003111284142   -0.005971683279   -0.006374081049   -0.003138581807  -0.0008549594033
    26       1490     0.00865561933107    0.008655619331    4.08089189e-05   -0.001094833814   -0.002240661843   -0.001975175581    0.001136108561     0.00710779184     0.01348187289      0.0166204547
    27       1639     0.00804130670262    0.008041306703  -0.0006143126284  -0.0006551215474   0.0004397122668     0.00268037411    0.004655549691     0.00351944113    -0.00358835071     -0.0170702236
    28       1803     0.00740156805937    0.007401568059  -0.0006397386433   -2.54260148e-05   0.0006296955326   0.0001899832658   -0.002490390844   -0.007145940535    -0.01066538167   -0.007077030956
    29       1983      0.0083894784678    0.008389478468   0.0009879104084    0.001627649052    0.001653075066    0.001023379534   0.0008333962681    0.003323787112     0.01046972765     0.02113510931
    30       2181     0.00863800663466    0.008638006635   0.0002485281669  -0.0007393822416   -0.002367031293    -0.00402010636   -0.005043485894   -0.005876882162   -0.009200669274    -0.01967039692
    31       2399     0.00795390599845    0.007953905998  -0.0006841006362  -0.0009326288031  -0.0001932465615    0.002173784732    0.006193891091     0.01123737699     0.01711425915     0.02631492842
    32       2639     0.00775089894839    0.007750898948  -0.0002030070501   0.0004810935861    0.001413722389    0.001606968951   -0.000566815781   -0.006760706872    -0.01799808386      -0.035112343
    33       2903     0.00807376759475    0.008073767595   0.0003228686464   0.0005258756964   4.478211027e-05   -0.001368940279    -0.00297590923   -0.002409093449    0.004351613424     0.02234969728
    34       3193     0.00850440231525    0.008504402315   0.0004306347205   0.0001077660741  -0.0004181096223  -0.0004628917325   0.0009060485464    0.003881957776    0.006291051225    0.001939437801
    35       3513     0.00805936520294    0.008059365203  -0.0004450371123  -0.0008756718328   -0.000983437907  -0.0005653282847  -0.0001024365521   -0.001008485099   -0.004890442875     -0.0111814941
    36       3864     0.00776777433578    0.007767774336  -0.0002915908672   0.0001534462452    0.001029118078    0.002012555985     0.00257788427    0.002680320822     0.00368880592    0.008579248795
    37       4250     0.00797487003072    0.007974870031   0.0002070956949   0.0004986865621   0.0003452403169   -0.000683877761   -0.002696433746   -0.005274318016   -0.007954638837    -0.01164344476
    38       4676     0.00835830058402    0.008358300584   0.0003834305533   0.0001763348584  -0.0003223517037  -0.0006675920207   1.628574036e-05    0.002712719486    0.007987037502     0.01594167634
    39       5143     0.00810052909251    0.008100529093  -0.0002577714915  -0.0006412020448  -0.0008175369032  -0.0004951851994   0.0001724068212   0.0001561210809   -0.002556598405    -0.01054363591
    40       5657     0.00770826196574    0.007708261966  -0.0003922671268  -0.0001344956353   0.0005067064095    0.001324243313    0.001819428512    0.001647021691     0.00149090061    0.004047499015
    41       6223     0.00791432515466    0.007914325155   0.0002060631889   0.0005983303157    0.000732825951   0.0002261195414   -0.001098123771   -0.002917552283   -0.004564573974   -0.006055474584
    42       6845     0.00810384004364    0.008103840044    0.000189514889  -1.654829994e-05  -0.0006148786156   -0.001347704567   -0.001573824108  -0.0004757003367    0.002441851947    0.007006425921
    43       7530     0.00809260169217    0.008092601692  -1.123835148e-05  -0.0002007532405  -0.0001842049405   0.0004306736751    0.001778378242     0.00335220235    0.003827902686     0.00138605074
    44       8283     0.00778411322472    0.007784113225  -0.0003084884675   -0.000297250116  -9.649687552e-05   8.770806499e-05  -0.0003429656101   -0.002121343852   -0.005473546202   -0.009301448888
    45       9111     0.00771229722756    0.007712297228  -7.181599716e-05   0.0002366724703   0.0005339225863   0.0006304194618   0.0005427113968   0.0008856770069    0.003007020859     0.00848056706
    46      10022     0.00800193779602    0.008001937796   0.0002896405685   0.0003614565656   0.0001247840953  -0.0004091384909   -0.001039557953    -0.00158226935   -0.002467946356   -0.005474967215
    47      11025     0.00795620864053    0.007956208641   -4.57291555e-05   -0.000335369724  -0.0006968262896  -0.0008216103849   -0.000412471894   0.0006270860587    0.002209355408    0.004677301765
    48      12127     0.00772073698054    0.007720736981    -0.00023547166  -0.0001897425045   0.0001456272195   0.0008424535091    0.001664063894    0.002076535788    0.001449449729  -0.0007599056789
    49      13340     0.00767101417998     0.00767101418  -4.972280056e-05   0.0001857488594   0.0003754913639   0.0002298641444  -0.0006125893646   -0.002276653259   -0.004353189047   -0.005802638776
    50      14674     0.00781253264902    0.007812532649    0.000141518469   0.0001912412696    5.49241018e-06  -0.0003699989537  -0.0005998630982   1.272626646e-05    0.002289379525    0.006642568572
    51      16141     0.00784090600551    0.007840906006   2.837335649e-05  -0.0001131451126  -0.0003043863822  -0.0003098787923   6.012016139e-05   0.0006599832596   0.0006472569931   -0.001642122532
    52      17755     0.00769114456563    0.007691144566  -0.0001497614399  -0.0001781347964  -6.498968382e-05   0.0002393966983   0.0005492754907   0.0004891553293  -0.0001708279303  -0.0008180849234
    53      19531     0.00755696188161    0.007556961882   -0.000134182684   1.557875586e-05   0.0001937135522   0.0002587032361   1.930653771e-05   -0.000529968953   -0.001019124282   -0.000848296352
    54      21484     0.00762982656962     0.00762982657   7.286468801e-05    0.000207047372   0.0001914686162   -2.24493607e-06  -0.0002609481721  -0.0002802547098   0.0002497142431    0.001268838525
    55      23632      0.0077311180511    0.007731118051   0.0001012914815   2.842679347e-05  -0.0001786205786  -0.0003700891947  -0.0003678442587  -0.0001068960865   0.0001733586233  -7.635561985e-05
    56      25996     0.00761620150467    0.007616201505  -0.0001149165464  -0.0002162080279  -0.0002446348214  -6.601424283e-05   0.0003040749519   0.0006719192105   0.0007788152971   0.0006054566738
    57      28595     0.00745704824088    0.007457048241  -0.0001591532638  -4.423671736e-05   0.0001719713106   0.0004166061319   0.0004826203748   0.0001785454229  -0.0004933737877   -0.001272189085
    58      31455     0.00752139639352    0.007521396394   6.434815263e-05   0.0002235014164   0.0002677381338   9.576682323e-05  -0.0003208393087  -0.0008034596835  -0.0009820051064  -0.0004886313187
    59      34600     0.00755689431476    0.007556894315   3.549792124e-05  -2.885023139e-05  -0.0002523516478  -0.0005200897816  -0.0006158566048  -0.0002950172961   0.0005084423874    0.001490447494
    60      38060     0.00753989239682    0.007539892397  -1.700191795e-05  -5.249983919e-05   -2.36496078e-05     0.00022870204   0.0007487918216    0.001364648426    0.001659665723    0.001151223335
    61      41866     0.00740044736472    0.007400447365  -0.0001394450321  -0.0001224431141  -6.994327496e-05  -4.629366716e-05  -0.0002749957072   -0.001023787529   -0.002388435955   -0.004048101678
    62      46053     0.00734980198168    0.007349801982  -5.064538304e-05   8.879964906e-05   0.0002112427632   0.0002811860382   0.0003274797053   0.0006024754125    0.001626262941    0.004014698897
    63      50658     0.00743734616551    0.007437346166   8.754418383e-05   0.0001381895669   4.938991781e-05  -0.0001618528454  -0.0004430388836  -0.0007705185889   -0.001372994001   -0.002999256943
    64      55724     0.00740295702143    0.007402957021  -3.438914409e-05  -0.0001219333279  -0.0002601228948  -0.0003095128126  -0.0001476599672   0.0002953789164    0.001065897505    0.002438891507
    65      61296     0.00730284324433    0.007302843244  -0.0001001137771  -6.572463302e-05    5.62086949e-05   0.0003163315897   0.0006258444023   0.0007735043695   0.0004781254531  -0.0005877720521
    66      67426     0.00724574489838    0.007245744898  -5.709834594e-05   4.301543116e-05   0.0001087400642   5.253136927e-05  -0.0002638002204  -0.0008896446227   -0.001663148992   -0.002141274445
    67      74169     0.00728106798159    0.007281067982   3.532308321e-05   9.242142915e-05     4.9405998e-05  -5.933406618e-05  -0.0001118654354    0.000151934785    0.001041579408      0.0027047284
    68      81585     0.00728493262967     0.00728493263   3.864648083e-06  -3.145843512e-05  -0.0001238798643  -0.0001732858623  -0.0001139517961  -2.086360648e-06  -0.0001540211456   -0.001195600553
    69      89744     0.00720817105721    0.007208171057  -7.676157246e-05  -8.062622055e-05  -4.916778542e-05   7.471207885e-05   0.0002479979411   0.0003619497372   0.0003640360979   0.0005180572435
    70      98718     0.00713978786767    0.007139787868  -6.838318954e-05   8.378382923e-06   8.900460347e-05   0.0001381723889   6.346031004e-05  -0.0001845376311  -0.0005464873683  -0.0009105234662
    71     108590      0.0071292837751    0.007129283775  -1.050409256e-05   5.787909698e-05   4.950071406e-05  -3.950388941e-05  -0.0001776762783  -0.0002411365883  -5.659895726e-05    0.000489888411
    72     119449     0.00716267738425    0.007162677384   3.339360915e-05   4.389770171e-05  -1.398139527e-05  -6.348210932e-05  -2.397821991e-05   0.0001536980584   0.0003948346467    0.000451433604
    73     131394     0.00710653291667    0.007106532917  -5.614446759e-05  -8.953807673e-05  -0.0001334357784  -0.0001194543832  -5.597227386e-05  -3.199405395e-05  -0.0001856921123  -0.0005805267591
    74     144534     0.00702568765423    0.007025687654  -8.084526244e-05  -2.470079485e-05   6.483728188e-05   0.0001982730603   0.0003177274435   0.0003736997174   0.0004056937713   0.0005913858837
    75     158987      0.0070128506896     0.00701285069  -1.283696463e-05   6.800829781e-05   9.270909266e-05   2.787181078e-05  -0.0001704012496  -0.0004881286931  -0.0008618284104   -0.001267522182
    76     174886      0.0070162587673    0.007016258767   3.408077692e-06   1.624504232e-05  -5.176325549e-05  -0.0001444723481  -0.0001723441589  -1.942909372e-06   0.0004861857837    0.001348014194
    77     192374     0.00699245024194    0.006992450242  -2.380852536e-05  -2.721660305e-05  -4.346164537e-05   8.301610122e-06   0.0001527739583   0.0003251181172   0.0003270610266  -0.0001591247571
    78     211612     0.00693539698718    0.006935396987  -5.705325475e-05   -3.32447294e-05  -6.028126346e-06   3.743351902e-05    2.91319089e-05  -0.0001236420494  -0.0004487601666  -0.0007758211931
    79     232773     0.00688097577098    0.006880975771   -5.44212162e-05   2.632038549e-06   3.587676794e-05   4.190489429e-05   4.471375267e-06  -2.466053363e-05   9.898151574e-05   0.0005477416823
    80     256050     0.00688839076775    0.006888390768   7.414996769e-06   6.183621297e-05   5.920417442e-05   2.332740648e-05  -1.857748781e-05  -2.304886308e-05   1.611670557e-06  -9.736984518e-05
    81     281655     0.00687618087683    0.006876180877  -1.220989092e-05  -1.962488769e-05  -8.146110066e-05  -0.0001406652751  -0.0001639926816  -0.0001454151938  -0.0001223663307  -0.0001239780012
    82     309821     0.00682266996366    0.006822669964  -5.351091317e-05  -4.130102225e-05  -2.167613456e-05    5.97849661e-05   0.0002004502412   0.0003644429227   0.0005098581165   0.0006322244472
    83     340803     0.00677232819567    0.006772328196  -5.034176799e-05   3.169145176e-06   4.447016743e-05   6.614630199e-05   6.361335894e-06  -0.0001940889053   -0.000558531828   -0.001068389945
    84     374883     0.00676569438668    0.006765694387  -6.633808997e-06   4.370795899e-05   4.053881382e-05  -3.931353609e-06   -7.00776556e-05  -7.643899149e-05   0.0001176499138   0.0006761817418
    85     412371     0.00675189528496    0.006751895285  -1.379910171e-05  -7.165292717e-06  -5.087325171e-05  -9.141206553e-05  -8.748071192e-05  -1.740305632e-05   5.903593517e-05  -5.861397862e-05
    86     453608     0.00671385331859    0.006713853319  -3.804196638e-05  -2.424286467e-05  -1.707757195e-05   3.379567976e-05   0.0001252077453   0.0002126884572   0.0002300915135   0.0001710555784
    87     498969     0.00667295125244    0.006672951252  -4.090206615e-05  -2.860099772e-06   2.138276489e-05   3.846033684e-05    4.66465708e-06  -0.0001205430882  -0.0003332315454  -0.0005633230589
    88     548866     0.00663899769272    0.006638997693  -3.395355972e-05    6.94850643e-06   9.808606202e-06  -1.157415869e-05  -5.003449553e-05  -5.469915261e-05    6.58439356e-05    0.000399075481
    89     603753     0.00663383884751    0.006633838848  -5.158845208e-06   2.879471451e-05   2.184620808e-05   1.203760188e-05   2.361176057e-05    7.36462561e-05   0.0001283454087   6.250147312e-05
    90     664128     0.00661036122262    0.006610361223  -2.347762488e-05  -1.831877968e-05  -4.711349419e-05  -6.895970227e-05  -8.099730415e-05  -0.0001046090647  -0.0001782553208  -0.0003066007295
    91     730541     0.00656021377255    0.006560213773  -5.014745007e-05  -2.666982519e-05  -8.351045511e-06   3.876244868e-05   0.0001077221509   0.0001887194551   0.0002933285198   0.0004715838407
    92     803595     0.00652964291545    0.006529642915   -3.05708571e-05   1.957659298e-05   4.624641816e-05   5.459746368e-05     1.5835015e-05  -9.188713595e-05  -0.0002806065911  -0.0005739351109
    93     883954     0.00651500437706    0.006515004377  -1.463853839e-05    1.59323187e-05  -3.644274275e-06  -4.989069244e-05  -0.0001044881561  -0.0001203231711  -2.843603516e-05   0.0002521705559
    94     972350     0.00649501191998     0.00649501192  -1.999245708e-05  -5.353918686e-06  -2.128623739e-05  -1.764196311e-05   3.224872933e-05   0.0001367368854   0.0002570600566   0.0002854960917
    95    1069585     0.00645991210566    0.006459912106  -3.509981432e-05  -1.510735724e-05  -9.753438552e-06   1.153279884e-05   2.917476195e-05  -3.073967377e-06  -0.0001398108528  -0.0003968709094
    96    1176543     0.00642141144179    0.006421411442  -3.850066387e-05   -3.40084955e-06   1.170650769e-05   2.145994624e-05   9.927147406e-06  -1.924761454e-05  -1.617364717e-05   0.0001236372057
    97    1294197     0.00640056703883    0.006400567039  -2.084440296e-05   1.765626091e-05   2.105711046e-05    9.35060277e-06  -1.210934347e-05  -2.203649088e-05  -2.788876334e-06   1.338477083e-05
    98    1423617     0.00638406421982     0.00638406422  -1.650281901e-05   4.341583954e-06  -1.331467696e-05  -3.437178741e-05  -4.372239018e-05  -3.161304671e-05  -9.576555837e-06  -6.787679503e-06
    99    1565979      0.0063561210285    0.006356121028  -2.794319132e-05  -1.144037232e-05  -1.578195627e-05  -2.467279315e-06    3.19045081e-05   7.562689828e-05    0.000107239945   0.0001168165008
   100    1722577      0.0063172618535    0.006317261853    -3.8859175e-05  -1.091598368e-05    5.24388642e-07   1.630634491e-05   1.877362423e-05  -1.313088387e-05  -8.875778215e-05  -0.0001959977272
   101    1894834     0.00629100906326    0.006291009063  -2.625279023e-05   1.260638476e-05   2.352236844e-05    2.29979798e-05   6.691634885e-06  -1.208198934e-05   1.048894527e-06   8.980667668e-05
   102    2084318     0.00627609152701    0.006276091527  -1.491753625e-05   1.133525398e-05  -1.271130783e-06  -2.479349922e-05  -4.779147902e-05  -5.448311391e-05  -4.240112456e-05  -4.345001909e-05
   103    2292749     0.00624845123902    0.006248451239  -2.764028799e-05  -1.272275173e-05  -2.405800571e-05  -2.278687493e-05   2.006624294e-06   4.979810331e-05   0.0001042812172   0.0001466823418
   104    2522024     0.00621913238289    0.006219132383  -2.931885614e-05  -1.678568152e-06   1.104418358e-05   3.510218929e-05   5.788906422e-05   5.588243993e-05   6.084336613e-06  -9.819688061e-05
   105    2774227     0.00618725311474    0.006187253115  -3.187926815e-05  -2.560412015e-06   -8.81843863e-07  -1.192602744e-05  -4.702821674e-05   -0.000104917281  -0.0001607997209  -0.0001668840575
   106    3051649     0.00616561823726    0.006165618237  -2.163487748e-05   1.024439067e-05   1.280480269e-05   1.368664655e-05   2.561267399e-05   7.264089073e-05   0.0001775581717   0.0003383578926
   107    3356814      0.0061475058097     0.00614750581  -1.811242756e-05   3.522449918e-06  -6.721940756e-06  -1.952674344e-05     -3.321339e-05  -5.882606399e-05  -0.0001314669547  -0.0003090251264
   108    3692496     0.00611793799806    0.006117937998  -2.956781163e-05  -1.145538407e-05  -1.497783399e-05  -8.255893238e-06   1.127085021e-05    4.44842402e-05   0.0001033103042   0.0002347772589
   109    4061745     0.00608639734439    0.006086397344  -3.154065368e-05  -1.972842042e-06   9.482542033e-06   2.446037603e-05   3.271626926e-05   2.144541906e-05  -2.303882115e-05  -0.0001263491253

  ENVELOPE EXPONENT theta_rms  (TWO-POINT RATIO OF HALF-LADDER RMS, NOT A FIT)
    d  n_rungs  n_half           RMS_lo           RMS_hi          NM_lo          NM_hi     theta_rms  theta_no_max  theta_no_min
    0      110      55     0.0079113922     0.0068528063       1638.705       309820.4      0.027402      0.026833      0.029236
    1      109      54     0.0015088137    5.1773886e-05       1718.688       324942.5      0.643292      0.630781      0.641302
    2      108      54     0.0020462405    6.3041463e-05       1890.429       324942.5      0.676136      0.684051      0.674958
    3      107      53     0.0029158049    8.6142502e-05       1982.757       340802.5      0.684287      0.665109      0.680996
    4      106      53     0.0044768253    0.00013817039       2181.126       340802.5      0.688550      0.687869      0.694574
    5      105      52     0.0070932622    0.00021302408       2287.586       357436.7      0.693957      0.676361      0.696260
    6      104      52      0.011092523    0.00037314886        2516.42       357436.7      0.684416      0.669797      0.676004
    7      103      51      0.018355378     0.0006532547       2639.348       374882.7      0.673054      0.652724      0.679701
    8      102      51      0.032549178     0.0012139093       2903.188       374882.7      0.676618      0.651027      0.673711

  PROJECTION P(gamma) = |sum_j w_j Ghat[j,d] exp(-i gamma log N_j)|   (hann window; inner product, NOT a fit)
    d  argmax gamma    P_max/med    P(g1)/med    P(g2)/med    P(g3)/med       median P  verdict
    0        0.0000    1906.3011       1.5565       0.5370       0.3917    0.000283645     NULL
    1       15.5000      38.9617       3.9261       1.1245       0.7356      0.0654582     NULL
    2       15.5000      46.9306       4.9908       1.7983       1.3177       0.104642     NULL
    3       15.5000      42.9602       4.5590       2.0804       1.6983       0.171491     NULL
    4       15.5000      37.0369       3.8992       2.2533       2.0522       0.286907     NULL
    5       15.5000      32.4479       3.4047       2.4985       2.5181       0.478281     NULL
    6       27.4200      29.5758       2.8853       2.7141       3.0235        0.67665     NULL
    7       27.4400      37.5538       2.4294       2.9222       3.6039       0.938848     NULL
    8       27.4400      48.4739       2.1683       3.2936       4.4763        1.49466     NULL

------------------------------------------------------------------------------
GATE A — exact analytic check at sigma = 0.0, t = 0
------------------------------------------------------------------------------
  every term is exactly 1 => Delta_N = N exactly, g_j = 1.0 exactly,
  and every difference at depth >= 1 is exactly 0.0. Tested to exact float equality.
  rungs tested                        : 110
  rungs where |Delta_N| != N exactly  : 0
  rungs where g_j != 1.0 exactly      : 0
  rungs with a nonzero deep difference: 0
  max |difference| at depth >= 1      : 0.000e+00

  GATE A PASSED — exact to float equality on every rung and every depth.

------------------------------------------------------------------------------
GATE B — cross-instrument against O14's g_triangle[k][0]
------------------------------------------------------------------------------
  not applicable: --ratio 1.1 is not 2.0, so this ladder is not O14's dyadic ladder
  gate_b_passed recorded as null; gate_b_note records 'not applicable'.

------------------------------------------------------------------------------
BAND VERDICT MATRIX — pre-registered, applied mechanically
------------------------------------------------------------------------------
    sigma       t        d=0       d=1       d=2       d=3       d=4       d=5       d=6       d=7       d=8
     0.00       0       NULL      NULL      NULL      NULL      NULL      NULL      NULL      NULL      NULL
     0.00    14.5       NULL      NULL      NULL      NULL      NULL      NULL      NULL      WEAK      WEAK
     0.50       0       NULL      NULL      NULL      NULL      WEAK      WEAK      WEAK      WEAK      WEAK
     0.50    14.5       NULL      NULL      NULL      NULL      NULL      NULL      NULL      NULL      WEAK
     1.00       0       NULL      NULL      NULL      NULL      WEAK      WEAK      WEAK      WEAK      WEAK
     1.00    14.5       NULL      NULL      NULL      NULL      NULL      NULL      NULL      NULL      NULL

  verdict counts over 54 (sigma, t, depth) cells:
    NULL         41
    WEAK         13

------------------------------------------------------------------------------
HEADLINE CASE — sigma = 0.5, t = 0 (no t-oscillation to confuse the gamma-oscillation)
------------------------------------------------------------------------------
    d     n    theta_rms       no_max       no_min   argmax g   Pmax/med  P(g1)/med  P(g2)/med  P(g3)/med  verdict
    0   110     0.049969     0.049611     0.050147      0.000   5892.189      0.804      1.184      1.207     NULL
    1   109     0.161888     0.160973     0.162620      0.000   2853.390      0.850      0.824      1.356     NULL
    2   108     0.406024     0.393205     0.409289      0.000     67.160      1.887      0.237      3.572     NULL
    3   107     0.614323     0.604008     0.623619     23.000     23.770      2.799      0.851      6.533     NULL
    4   106     0.641163     0.618643     0.639076     23.000     29.675      2.646      1.240      8.650     WEAK
    5   105     0.655499     0.642891     0.664674     23.000     40.091      2.674      1.804     12.307     WEAK
    6   104     0.680817     0.654606     0.673956     22.980     52.300      2.654      2.613     16.973     WEAK
    7   103     0.691649     0.678545     0.702934     22.980     63.833      2.432      3.294     21.776     WEAK
    8   102     0.713130     0.685940     0.709790     22.980     77.174      2.256      4.264     27.796     WEAK

==============================================================================
READ THE RESULT
==============================================================================
  Only the SAMPLING changed from O14; g(N) is the same function.
  Nyquist on this ladder = 32.961774; frequency resolution = 0.604803.
  theta_rms is a TWO-POINT RATIO of half-ladder RMS values, not a fit.
  P(gamma) is an INNER PRODUCT against exp(-i gamma log N), not a fit.
  The bands were fixed before the run and applied mechanically.
  gate A (exact, sigma=0, t=0) : PASSED
  gate B (cross-instrument)    : NOT RUN / N-A

  results written to results/O15_fine_ladder_residual_run2.json
