==============================================================================
O18 — joint multiplicative ladder  (fit-free; exact counts; projection, not fit)
==============================================================================
  O17 showed a geometric ladder of ratio r samples log x at spacing log(r), so the
  projection Nyquist is pi/log(r): 4.5324 for base 2 and 2.8595 for base 3, both far
  below gamma_1 = 14.134725. Each integer base alone is therefore blind to every zero.
  This script asks whether the bases are blind JOINTLY. The semigroup {2^m 3^n} is
  IRREGULARLY spaced in log x, and irregular sampling is NOT bound by the uniform
  rate. Interpretation of the numbers below is NOT this script's job.

  x0 = 2   xmax = 150000000   dps = 30   surrogates = 200   seed = 2026
  pi/log2 = 4.532360     pi/log3 = 2.859601

  sieving primes to 150000000...
  8444396 primes, largest = 149999957

  building ladders (multipliers as EXACT Python integers; sort and dedup exact)...

   ladder   rungs            first x             last x     gap min     gap med     gap max   pi/gap_med
       L2      27                  2          134217728   0.6931472   0.6931472   0.6931472     4.532360
       L3      17                  2           86093442   1.0986123   1.0986123   1.0986123     2.859601
      L23     237                  2          143327232   0.0135510   0.0521160   0.6931472    60.280770
     L235    1058                  2          150000000   0.0011285   0.0112940   0.6931472   278.164584
    L_irr     237                  2          143327232   0.0000496   0.0511239   0.5550900    61.450555

  reference: log 2 = 0.6931472   log 3 = 1.0986123   log 5 = 1.6094379
  For L2 and L3 the log-gaps are CONSTANT, so pi/gap IS the uniform Nyquist limit.
  For L23, L235 and L_irr the gaps are IRREGULAR and pi/median_gap is a DESCRIPTIVE
  NUMBER ONLY, NOT A BOUND — irregular sampling is not limited by the uniform rate.

  running pipeline on L2 (27 rungs, 26 blocks); computing R at mp.dps = 30 (mpmath.riemannr) ...
  L2: total primes counted = 7603552, block size 1..3645744, verdict NULL

  running pipeline on L3 (17 rungs, 16 blocks); computing R at mp.dps = 30 (mpmath.riemannr) ...
  L3: total primes counted = 5003636, block size 2..3221501, verdict NULL

  running pipeline on L23 (237 rungs, 236 blocks); computing R at mp.dps = 30 (mpmath.riemannr) ...
  L23: total primes counted = 8089543, block size 0..388218, verdict DETECT

  running pipeline on L235 (1058 rungs, 1057 blocks); computing R at mp.dps = 30 (mpmath.riemannr) ...
  L235: total primes counted = 8444395, block size 0..95707, verdict DETECT

  running pipeline on L_irr (237 rungs, 236 blocks); computing R at mp.dps = 30 (mpmath.riemannr) ...
  L_irr: total primes counted = 8089543, block size 0..1299337, verdict NULL

  distinct R(x) evaluations : 1294

------------------------------------------------------------------------------
BLOCKS — L2 — one row per disjoint interval (x_j, x_{j+1}]
------------------------------------------------------------------------------
  x = x0 * 2^m, m >= 0 (pure dyadic; uniform log-gap = log 2)
     j                x_j            x_{j+1}        c_j                L_j              e_j         ehat_j
     0                  2                  4          1      0.88564873652       0.11435126     0.08085855
     1                  4                  8          2      1.47452829223       0.52547171      0.2627359
     2                  8                 16          2      2.49375276186      -0.49375276      -0.174568
     3                 16                 32          5       4.2786380726       0.72136193      0.1803405
     4                 32                 64          7      7.43781539981       -0.4378154    -0.07739556
     5                 64                128         13       13.083403504     -0.083403504    -0.01042544
     6                128                256         23      23.2597940643      -0.25979406    -0.02296277
     7                256                512         43      41.7456498212        1.2543502     0.07839689
     8                512               1024         75      75.5594599954         -0.55946    -0.02472487
     9               1024               2048        137      137.795300179      -0.79530018    -0.02485313
    10               2048               4096        255      252.980373191        2.0196268     0.04462787
    11               4096               8192        464      467.225149328       -3.2251493    -0.05039296
    12               8192              16384        872      867.502527028         4.497473     0.04969053
    13              16384              32768       1612      1618.35266873       -6.3526687    -0.04963022
    14              32768              65536       3030      3031.91499189       -1.9149919    -0.01057894
    15              65536             131072       5709       5701.8141005        7.1858995     0.02806992
    16             131072             262144      10749      10759.5924435       -10.592444    -0.02925777
    17             262144             524288      20390      20366.6963874        23.303613     0.04551487
    18             524288            1048576      38635      38659.8864789       -24.886479    -0.03436992
    19            1048576            2097152      73586      73570.6362768        15.363723     0.01500364
    20            2097152            4194304     140336      140331.296232        4.7037679    0.003248112
    21            4194304            8388608     268216      268240.499368       -24.499368    -0.01196258
    22            8388608           16777216     513708       513733.20438        -25.20438    -0.00870224
    23           16777216           33554432     985818      985659.069656        158.93034     0.03880135
    24           33554432           67108864    1894120      1894224.30827       -104.30827     -0.0180071
    25           67108864          134217728    3645744      3645843.06992       -99.069923     -0.0120935

  ehat: n = 26  min = -0.1745679631  max = 0.2627358539  mean = 0.01028319633  RMS = 0.08073430148

------------------------------------------------------------------------------
BLOCKS — L3 — one row per disjoint interval (x_j, x_{j+1}]
------------------------------------------------------------------------------
  x = x0 * 3^n, n >= 0 (pure triadic; uniform log-gap = log 3)
     j                x_j            x_{j+1}        c_j                L_j              e_j         ehat_j
     0                  2                  6          2      1.65466195364       0.34533805      0.2441909
     1                  6                 18          4      3.77228877518       0.22771122     0.09296272
     2                 18                 54          9      8.91887578961       0.08112421     0.01912116
     3                 54                162         21      21.7565881995       -0.7565882     -0.1029586
     4                162                486         55      54.4921095622       0.50789044     0.03990364
     5                486               1458        139      139.525326621      -0.52532662     -0.0238293
     6               1458               4374        366      363.859548367        2.1404516     0.05605659
     7               4374              13122        964      963.450211315       0.54978869    0.008312974
     8              13122              39366       2582      2583.66485633       -1.6648563    -0.01453372
     9              39366             118098       7000      7002.59454682       -2.5945468    -0.01307678
    10             118098             354294      19173      19150.2198375        22.780163      0.0662881
    11             354294            1062882      52708      52770.9873211       -62.987321     -0.1058208
    12            1062882            3188646     146409      146368.850662        40.149338     0.03894358
    13            3188646            9565938     408249      408269.708356       -20.708356    -0.01159692
    14            9565938           28697814    1144454      1144387.95455        66.045452     0.02135399
    15           28697814           86093442    3221501       3221548.9136       -47.913599   -0.008944053

  ehat: n = 16  min = -0.1058208485  max = 0.2441908744  mean = 0.01914833724  RMS = 0.08014455782

------------------------------------------------------------------------------
BLOCKS — L23 — one row per disjoint interval (x_j, x_{j+1}]
------------------------------------------------------------------------------
  x = x0 * 2^m * 3^n, m,n >= 0 (the joint orbit; irregular)
     j                x_j            x_{j+1}        c_j                L_j              e_j         ehat_j
     0                  2                  4          1      0.88564873652       0.11435126     0.08085855
     1                  4                  6          1     0.769013217124       0.23098678      0.1154934
     2                  6                  8          1     0.705515075103       0.29448492       0.120223
     3                  8                 12          1      1.29596149134      -0.29596149     -0.1046382
     4                 12                 16          1      1.19779127052      -0.19779127    -0.05709742
     5                 16                 18          1     0.573020938218       0.42697906      0.1067448
     6                 18                 24          2      1.64328954253       0.35671046     0.08407746
     7                 24                 32          2      2.06232759185     -0.062327592    -0.01272257
     8                 32                 36          0      0.99035616659      -0.99035617     -0.1750719
     9                 36                 48          4       2.8510097414        1.1489903      0.1914984
    10                 48                 54          1      1.37189274723      -0.37189275    -0.05367809
    11                 54                 64          2      2.22455674459      -0.22455674     -0.0305583
    12                 64                 72          2      1.73297735091       0.26702265     0.03337783
    13                 72                 96          4      5.00611671416       -1.0061167      -0.118572
    14                 96                108          4      2.41667170635        1.5833283      0.1615978
    15                108                128          3      3.92763773254      -0.92763773    -0.08926198
    16                128                144          3      3.06645502296     -0.066455023    -0.00587385
    17                144                162          3      3.38217292801      -0.38217293    -0.03184774
    18                162                192          6      5.50351455693       0.49648544     0.03900758
    19                192                216          4      4.30186574053      -0.30186574    -0.02178528
    20                216                256          7       7.0057858159    -0.0057858159  -0.0003936749
    21                256                288          7      5.48045240588        1.5195476     0.09497172
    22                288                324          5      6.05431325786       -1.0543133      -0.062126
    23                324                384         10      9.87048155635       0.12951844    0.007195469
    24                384                432          7       7.7295473501      -0.72954735    -0.03722956
    25                432                486          9      8.54614887868       0.45385112     0.02183592
    26                486                512          5      4.06470637236       0.93529363     0.04242578
    27                512                576          8      9.88247287667       -1.8824729    -0.08319433
    28                576                648         13      10.9327217284        2.0672783     0.08613659
    29                648                768         17      17.8541994298      -0.85419943    -0.03355612
    30                768                864         15      14.0044964123       0.99550359     0.03592214
    31                864                972         14       15.504493949       -1.5044939    -0.05118392
    32                972               1024          8      7.38107559922        0.6189244     0.01985201
    33               1024               1152         18      17.9622407222      0.037759278    0.001179977
    34               1152               1296         20      19.8961800776       0.10381992    0.003058824
    35               1296               1458         21      22.0427394533       -1.0427395    -0.02896498
    36               1458               1536         11      10.4988700638       0.50112994     0.01312416
    37               1536               1728         27      25.5622432658        1.4377567     0.03668511
    38               1728               1944         26      28.3334474974       -2.3334475    -0.05613402
    39               1944               2048         14      13.4995790993        0.5004209     0.01134978
    40               2048               2304         33      32.8791719252       0.12082807    0.002669948
    41               2304               2592         35      36.4599643734       -1.4599644    -0.03041592
    42               2592               2916         44       40.437912605        3.5620874       0.069966
    43               2916               3072         18      19.2752826497       -1.2752826    -0.02361635
    44               3072               3456         43      46.9670427637       -3.9670428    -0.07157416
    45               3456               3888         56      52.1132060954        3.8867939     0.06611571
    46               3888               4096         26      24.8477927783        1.1522072     0.01847853
    47               4096               4374         33      32.9850352495       0.01496475   0.0002338242
    48               4374               4608         26      27.5781488023       -1.5781488    -0.02386209
    49               4608               5184         67      67.2259308066      -0.22593081   -0.003328275
    50               5184               5832         75      74.6334714771       0.36652852    0.005090674
    51               5832               6144         36      35.5995051257       0.40049487    0.005244308
    52               6144               6912         88      86.8032001031        1.1967999     0.01526848
    53               6912               7776         96      96.4039477279      -0.40394773   -0.004858736
    54               7776               8192         43      45.9959100363         -2.99591    -0.03397431
    55               8192               8748         63      61.0865027843        1.9134972     0.02114136
    56               8748               9216         51      51.0960957767     -0.096095777   -0.001027424
    57               9216              10368        129      124.634806245        4.3651938     0.04547077
    58              10368              11664        129       138.48874633       -9.4887463    -0.09318829
    59              11664              12288         69      66.0983770538        2.9016229     0.02686688
    60              12288              13122         92      87.8055690456         4.194431     0.03783837
    61              13122              13824         72      73.4629476791       -1.4629477    -0.01277111
    62              13824              15552        181      179.254308508        1.7456915     0.01484741
    63              15552              16384         86      85.5751736051       0.42482639    0.003406578
    64              16384              17496        113      113.697162545      -0.69716255   -0.005446582
    65              17496              18432         97      95.1405293378        1.8594707     0.01405788
    66              18432              20736        224      232.202664825       -8.2026648    -0.06041833
    67              20736              23328        267      258.214321836        8.7856782     0.06101165
    68              23328              24576        124      123.308873551       0.69112645    0.004525002
    69              24576              26244        158      163.866535619       -5.8665356    -0.03742192
    70              26244              27648        133      137.151035249       -4.1510352    -0.02562367
    71              27648              31104        334      334.837907739      -0.83790774   -0.005039232
    72              31104              32768        162       159.93363803         2.066362     0.01171651
    73              32768              34992        220       212.56852315        7.4314768      0.0410535
    74              34992              36864        176       177.93859413       -1.9385941    -0.01036341
    75              36864              39366        235      236.512640527       -1.5126405   -0.007878336
    76              39366              41472        194      197.993210325       -3.9932103    -0.02012619
    77              41472              46656        484      483.516666018       0.48333398    0.002373394
    78              46656              49152        230      231.014045607       -1.0140456   -0.004694656
    79              49152              52488        307      307.101479157      -0.10147916  -0.0004577267
    80              52488              55296        258      257.120326792       0.87967321    0.003839647
    81              55296              62208        637      628.032356467        8.9676435     0.03813568
    82              62208              65536        289      300.117149721        -11.11715    -0.04457284
    83              65536              69984        391      399.016711617       -8.0167116    -0.03131528
    84              69984              73728        348      334.119342007        13.880658     0.05246995
    85              73728              78732        442      444.246908828       -2.2469088   -0.008275023
    86              78732              82944        380      372.012204163        7.9877958     0.02846763
    87              82944              93312        910      908.899149858        1.1008501    0.003822396
    88              93312              98304        426      434.444123315       -8.4441233    -0.02764304
    89              98304             104976        583      577.710265078        5.2897349     0.01687129
    90             104976             110592        477      483.833068021        -6.833068    -0.02108972
    91             110592             118098        644      643.417539847       0.58246015    0.001751477
    92             118098             124416        541       538.88895806        2.1110419     0.00614293
    93             124416             131072        567      565.225829706        1.7741703    0.005029875
    94             131072             139968        754      751.708167941        2.2918321    0.006330352
    95             139968             147456        626      629.629701264       -3.6297013   -0.009701894
    96             147456             157464        848      837.399662648        10.600337     0.02760505
    97             157464             165888        688      701.437165152       -13.437165    -0.03386234
    98             165888             186624       1719      1714.45100893        4.5489911     0.01116883
    99             186624             196608        818      819.814656385       -1.8146564   -0.004200593
   100             196608             209952       1097      1090.46416862        6.5358314     0.01474009
   101             209952             221184        908      913.513445577       -5.5134456     -0.0120327
   102             221184             236196       1210      1215.14975467       -5.1497547    -0.01094989
   103             236196             248832       1031      1018.01048531        12.989515      0.0267274
   104             248832             262144       1050      1068.01422701       -18.014227    -0.03611291
   105             262144             279936       1427      1420.75416362        6.2458364      0.0121989
   106             279936             294912       1180      1190.33196082       -10.331961     -0.0195278
   107             294912             314928       1584      1583.53751653       0.46248347   0.0008516281
   108             314928             331776       1355      1326.77003254        28.229967     0.05030426
   109             331776             354294       1770      1765.11893268        4.8810673    0.008474075
   110             354294             373248       1454      1478.96912703       -24.969127    -0.04194899
   111             373248             393216       1565      1551.81176358        13.188236     0.02158679
   112             393216             419904       2048      2064.63308295       -16.633083    -0.02652511
   113             419904             442368       1743      1730.02839709        12.971603     0.02001791
   114             442368             472392       2293       2301.8361873       -8.8361873    -0.01328535
   115             472392             497664       1938      1928.86527176        9.1347282     0.01329059
   116             497664             524288       2033       2024.0399515        8.9600485     0.01270113
   117             524288             559872       2673       2693.1762545       -20.176255    -0.02786478
   118             559872             589824       2277      2256.92162763        20.078372     0.02683392
   119             589824             629856       2986      3003.16250699       -17.162507    -0.02234701
   120             629856             663552       2502      2516.79009067       -14.790091    -0.01863589
   121             663552             708588       3374      3349.08169221        24.918308     0.03059011
   122             708588             746496       2779      2806.79115454       -27.791155    -0.03301488
   123             746496             786432       2965      2945.62415902        19.375841     0.02242574
   124             786432             839808       3928      3919.93857332        8.0614267    0.009090365
   125             839808             884736       3295      3285.38695157        9.6130484     0.01048989
   126             884736             944784       4378      4372.24224692        5.7577531    0.006121336
   127             944784             995328       3608      3664.60404809       -56.604048    -0.05823462
   128             995328            1048576       3870      3846.16717341        23.832827      0.0238887
   129            1048576            1062882        999      1030.91706106       -31.917061      -0.031169
   130            1062882            1119744       4127      4087.88270893        39.117291     0.03794253
   131            1119744            1179648       4314      4290.55049422        23.449506     0.02216023
   132            1179648            1259712       5700      5710.42147699       -10.421477   -0.009595178
   133            1259712            1327104       4788      4786.60978515        1.3902148    0.001238643
   134            1327104            1417176       6338      6370.86051456       -32.860515    -0.02852475
   135            1417176            1492992       5383      5340.38674047         42.61326     0.03579586
   136            1492992            1572864       5594      5605.56477731       -11.564777   -0.009464737
   137            1572864            1679616       7458       7461.2324839       -3.2324839   -0.002577453
   138            1679616            1769472       6211      6254.69395419       -43.693954    -0.03371447
   139            1769472            1889568       8378      8325.52503798        52.474962     0.03944848
   140            1889568            1990656       6957      6979.45204401       -22.452044    -0.01633333
   141            1990656            2097152       7339      7326.53919804        12.460802    0.008831773
   142            2097152            2125764       1965      1964.00268466       0.99731534   0.0006886801
   143            2125764            2239488       7791      7788.69558462        2.3044154    0.001580532
   144            2239488            2359296       8147      8176.25813774       -29.258138    -0.01955115
   145            2359296            2519424      10869       10884.145727       -15.145727   -0.009860499
   146            2519424            2654208       9157      9125.10433039         31.89567     0.02009468
   147            2654208            2834352      12186       12147.620806        38.379194     0.02355746
   148            2834352            2985984      10154      10184.6989607       -30.698961    -0.01823462
   149            2985984            3145728      10669      10692.2071806       -23.207181    -0.01343008
   150            3145728            3188646       2884      2866.39803449        17.601966    0.009924316
   151            3188646            3359232      11370      11368.0313795        1.9686205     0.00110245
   152            3359232            3538944      11884       11934.826873       -50.826873     -0.0277315
   153            3538944            3779136      15925      15889.1975784        35.802422     0.01903161
   154            3779136            3981312      13343      13322.6623518        20.337648     0.01046175
   155            3981312            4194304      13992      13987.4466032        4.5533968    0.002282035
   156            4194304            4251528       3741      3749.94741982       -8.9474198   -0.004368857
   157            4251528            4478976      14878      14872.7635706        5.2364294    0.002539585
   158            4478976            4718592      15611      15615.3013418       -4.3013418   -0.002032425
   159            4718592            5038848      20827      20790.6232868        36.376713     0.01674624
   160            5038848            5308416      17452      17433.6174282        18.382572    0.008189184
   161            5308416            5668704      23117      23212.2449515       -95.244952    -0.04133895
   162            5668704            5971968      19495      19464.7800752        30.219925     0.01269263
   163            5971968            6291456      20434      20437.8426912       -3.8426912    -0.00157245
   164            6291456            6377292       5470      5479.55829088       -9.5582909   -0.003810699
   165            6377292            6718464      21724      21733.8157273       -9.8157273   -0.003886909
   166            6718464            7077888      22919      22820.8730467        98.126953     0.03785762
   167            7077888            7558272      30334       30387.267777       -53.267777    -0.02002224
   168            7558272            7962624      25482      25483.1695161       -1.1695161  -0.0004253975
   169            7962624            8388608      26732      26758.6942448       -26.694245   -0.009459965
   170            8388608            8503056       7151      7174.49888542       -23.498885   -0.008113389
   171            8503056            8957952      28540      28457.6003325        82.399668     0.02825777
   172            8957952            9437184      29832      29882.7185627       -50.718563    -0.01694582
   173            9437184            9565938       7996      8012.22642194       -16.226422   -0.005282038
   174            9565938           10077696      31750      31780.9165776       -30.916578   -0.009996032
   175           10077696           10616832      33394      33373.2465168        20.753483     0.00653748
   176           10616832           11337408      44474      44442.4586579        31.541342    0.009680164
   177           11337408           11943936      37312      37273.4547584        38.545242     0.01144759
   178           11943936           12582912      39137      39142.2838273       -5.2838273   -0.001528885
   179           12582912           12754584      10549       10495.295157        53.704843      0.0151399
   180           12754584           13436928      41538      41631.6248168       -93.624817    -0.02621548
   181           13436928           14155776      43716      43719.9584039       -3.9584039   -0.001079867
   182           14155776           15116544      58198      58224.6303191       -26.630319   -0.007077983
   183           15116544           15925248      48871      48835.4722607        35.527739    0.009137793
   184           15925248           16777216      51250      51286.8188821       -36.818882   -0.009226298
   185           16777216           17006112      13813       13752.103357        60.896643     0.01486734
   186           17006112           17915904      54550      54552.2683804       -2.2683804  -0.0005500642
   187           17915904           18874368      57335      57291.8336281        43.166372     0.01019826
   188           18874368           19131876      15305      15362.5048416       -57.504842    -0.01323635
   189           19131876           20155392      60971      60941.2992842        29.700716    0.006790287
   190           20155392           21233664      63911      64003.1023031       -92.102303    -0.02051516
   191           21233664           22674816      85230      85244.2467192       -14.246719   -0.003091736
   192           22674816           23887872      71508      71504.0074922        3.9925078   0.0008384437
   193           23887872           25165824      75167      75098.8084115        68.191589     0.01395218
   194           25165824           25509168      20029      20138.0095246       -109.00952    -0.02172996
   195           25509168           26873856      79959      79887.8091941        71.190806     0.01409535
   196           26873856           28311552      84002      83905.8567706        96.143229     0.01854615
   197           28311552           28697814      22485      22499.9444641       -14.944464   -0.002808656
   198           28697814           30233088      89333      89258.8183436        74.181656     0.01384752
   199           30233088           31850496      93667      93750.1299535       -83.129954    -0.01511876
   200           31850496           33554432      98553      98468.3269882        84.673012      0.0150033
   201           33554432           34012224      26404      26405.4626364       -1.4626364     -0.0002525
   202           34012224           35831808     104514      104754.233133       -240.23313    -0.04119224
   203           35831808           37748736     110048      110028.469538        19.530462    0.003262708
   204           37748736           38263752      29533      29505.8266141        27.173386    0.004422752
   205           38263752           40310784     117256      117055.310587        200.68941     0.03244372
   206           40310784           42467328     122853      122951.351109       -98.351109    -0.01549061
   207           42467328           45349632     163825      163778.482298        46.517702    0.007138234
   208           45349632           47775744     137338        137398.1868         -60.1868   -0.008937465
   209           47775744           50331648     144355      144322.992876        32.007124     0.00463066
   210           50331648           51018336      38694      38703.5992933       -9.5992933   -0.001353065
   211           51018336           53747712     153530        153549.3233         -19.3233   -0.002705317
   212           53747712           56623104     161204      161291.266385       -87.266385    -0.01190329
   213           56623104           57395628      43442      43254.5631211        187.43688     0.02490911
   214           57395628           60466176     171463      171606.515529       -143.51553    -0.01894347
   215           60466176           63700992     180196      180262.350501       -66.350501   -0.008532729
   216           63700992           67108864     189465      189356.374547        108.62545     0.01361001
   217           67108864           68024448      50877      50781.8434377        95.156562     0.01161579
   218           68024448           71663616     201485      201473.447649        11.552351    0.001400677
   219           71663616           75497472     211647      211641.522561        5.4774387   0.0006470356
   220           75497472           76527504      56714      56758.9688111       -44.968811   -0.005175415
   221           76527504           80621568     224994      225189.937359       -195.93736    -0.02239796
   222           80621568           84934656     236589      236559.336946        29.663054    0.003303621
   223           84934656           86093442      63522      63442.2732808        79.726719    0.008650903
   224           86093442           90699264     251601      251708.732289       -107.73229    -0.01161077
   225           90699264           95551488     264571      264421.856401         149.1436      0.0156604
   226           95551488          100663296     277597      277779.316314       -182.31631     -0.0186512
   227          100663296          102036672      74567       74498.183021        68.816979    0.006858988
   228          102036672          107495424     295783      295578.211809        204.78819     0.02027341
   229          107495424          113246208     310636      310515.141355        120.85865     0.01165689
   230          113246208          114791256      83022      83278.6023971        -256.6024    -0.02411287
   231          114791256          120932352     330218      330419.046792       -201.04679    -0.01876475
   232          120932352          127401984     347309      347122.808883        186.19112      0.0169312
   233          127401984          134217728     364612      364673.840616       -61.840616   -0.005478803
   234          134217728          136048896      97773      97805.2517902        -32.25179    -0.00278387
   235          136048896          143327232     388218      388061.712244        156.28776     0.01339916

  ehat: n = 236  min = -0.1750718903  max = 0.1914983764  mean = 0.001136682935  RMS = 0.03775765844

------------------------------------------------------------------------------
BLOCKS — L235 — one row per disjoint interval (x_j, x_{j+1}]
------------------------------------------------------------------------------
  x = x0 * 2^m * 3^n * 5^k, m,n,k >= 0 (three generators; irregular)
     j                x_j            x_{j+1}        c_j                L_j              e_j         ehat_j
     0                  2                  4          1      0.88564873652       0.11435126     0.08085855
     1                  4                  6          1     0.769013217124       0.23098678      0.1154934
     2                  6                  8          1     0.705515075103       0.29448492       0.120223
     3                  8                 10          0     0.663397096071       -0.6633971     -0.2345463
     4                 10                 12          1     0.632564395269        0.3674356      0.1161933
     5                 12                 16          1      1.19779127052      -0.19779127    -0.05709742
     6                 16                 18          1     0.573020938218       0.42697906      0.1067448
     7                 18                 20          1     0.559236604403        0.4407634      0.1038889
     8                 20                 24          1      1.08405293812     -0.084052938    -0.01879481
     9                 24                 30          1      1.55785065463      -0.55785065     -0.1138708
    10                 30                 32          1     0.504476937222       0.49552306     0.09046972
    11                 32                 36          0      0.99035616659      -0.99035617     -0.1750719
    12                 36                 40          1     0.968542361483      0.031457639     0.00524294
    13                 40                 48          3      1.88246737992        1.1175326      0.1766974
    14                 48                 50          0     0.460759536762      -0.46075954    -0.06650491
    15                 50                 54          1     0.911133210469       0.08886679     0.01256766
    16                 54                 60          1      1.34317901293      -0.34317901    -0.04670075
    17                 60                 64          1      0.88137773166       0.11862227     0.01531407
    18                 64                 72          2      1.73297735091       0.26702265     0.03337783
    19                 72                 80          2      1.69798529098       0.30201471     0.03559277
    20                 80                 90          2      2.08006693917     -0.080066939   -0.008951756
    21                 90                 96          0      1.22806448401       -1.2280645     -0.1294494
    22                 96                100          1     0.811146922649       0.18885308     0.01927474
    23                100                108          3       1.6055247837        1.3944752      0.1394475
    24                108                120          2      2.37025765949      -0.37025766    -0.03562806
    25                120                128          1      1.55738007305      -0.55738007    -0.05088161
    26                128                144          3      3.06645502296     -0.066455023    -0.00587385
    27                144                150          1      1.13483238728      -0.13483239    -0.01123603
    28                150                160          2      1.87476005014       0.12523995      0.0102258
    29                160                162          0     0.372580490585      -0.37258049    -0.02945507
    30                162                180          4      3.32034366754       0.67965633     0.05339884
    31                180                192          2      2.18317088939      -0.18317089    -0.01365275
    32                192                200          3      1.44309486546        1.5569051      0.1123599
    33                200                216          1      2.85877087507       -1.8587709     -0.1314349
    34                216                240          5      4.22589301925       0.77410698     0.05267131
    35                240                250          1       1.7407286949      -0.74072869    -0.04781383
    36                250                256          1      1.03916410175     -0.039164102   -0.002476955
    37                256                270          3       2.4100893226       0.58991068     0.03686942
    38                270                288          4      3.07036308327       0.92963692      0.0565759
    39                288                300          1       2.0303578745       -1.0303579    -0.06071442
    40                300                320          4      3.35655233447       0.64344767     0.03714947
    41                320                324          0     0.667403048899      -0.66740305    -0.03730896
    42                324                360          6      5.95239564862      0.047604351    0.002644686
    43                360                384          4      3.91808590773      0.081914092    0.004317252
    44                384                400          2      2.59163885772      -0.59163886    -0.03019194
    45                400                432          5      5.13790849237      -0.13790849   -0.006895425
    46                432                450          4      2.86520916699        1.1347908     0.05459765
    47                450                480          5      4.73850063376       0.26149937      0.0123272
    48                480                486          0     0.942439077934      -0.94243908    -0.04301626
    49                486                500          3      2.19249864234       0.80750136     0.03662901
    50                500                512          2      1.87220773002       0.12779227    0.005715044
    51                512                540          2      4.34418420374       -2.3441842     -0.1035993
    52                540                576          6      5.53828867293       0.46171133     0.01986889
    53                576                600          4      3.66465094818       0.33534905     0.01397288
    54                600                640          6      6.06215246485     -0.062152465   -0.002537364
    55                640                648          3      1.20591831536        1.7940817     0.07091731
    56                648                720         10      10.7627933272      -0.76279333    -0.02996535
    57                720                750          4      4.43952758943      -0.43952759    -0.01638023
    58                750                768          3      2.65187851315       0.34812149      0.0127116
    59                768                800          4      4.69347071466      -0.69347071    -0.02502347
    60                800                810          1      1.46137592252      -0.46137592     -0.0163121
    61                810                864         10      7.84964977508        2.1503502     0.07555561
    62                864                900          4      5.19581247149       -1.1958125    -0.04068237
    63                900                960          8      8.59792133358      -0.59792133    -0.01993071
    64                960                972          2      1.71076014398       0.28923986    0.009335176
    65                972               1000          4      3.98082221628      0.019177784   0.0006151277
    66               1000               1024          4      3.40025338295       0.59974662     0.01896565
    67               1024               1080          8      7.89310911381       0.10689089     0.00334034
    68               1080               1152         10      10.0691316084     -0.069131608   -0.002103608
    69               1152               1200          6      6.66642505895      -0.66642506    -0.01963474
    70               1200               1250          8      6.90708687546        1.0929131     0.03154968
    71               1250               1280          3        4.126850923       -1.1268509    -0.03187216
    72               1280               1296          3      2.19581722017       0.80418278     0.02247759
    73               1296               1350          7      7.38516414876      -0.38516415      -0.010699
    74               1350               1440         11      12.2246453052       -1.2246453    -0.03333062
    75               1440               1458          3       2.4329299994          0.56707     0.01494361
    76               1458               1500          8      5.66194041624        2.3380596     0.06123177
    77               1500               1536          3      4.83692964753       -1.8369296    -0.04742932
    78               1536               1600          9      8.56353588632       0.43646411     0.01113661
    79               1600               1620          5      2.66708919987        2.3329108     0.05832277
    80               1620               1728         13      14.3316181797       -1.3316182    -0.03308432
    81               1728               1800          9      9.49131143491      -0.49131143    -0.01181912
    82               1800               1920         15      15.7142413232      -0.71424132    -0.01683483
    83               1920               1944          2      3.12789473929       -1.1278947    -0.02574056
    84               1944               2000          8      7.27985320103        0.7201468     0.01633326
    85               2000               2048          6      6.21972589831       -0.2197259    -0.00491322
    86               2048               2160         16       14.443436531        1.5565635     0.03439552
    87               2160               2250          9      11.5393906602       -2.5393907    -0.05463899
    88               2250               2304          8      6.89634473408        1.1036553      0.0232671
    89               2304               2400         15      12.2117656178        2.7882344     0.05808822
    90               2400               2430          3      3.80386429642       -0.8038643    -0.01640881
    91               2430               2500          7      8.85363005953       -1.8536301    -0.03760278
    92               2500               2560          8      7.56489313077       0.43510687    0.008702137
    93               2560               2592          2       4.0258112689       -2.0258113    -0.04003861
    94               2592               2700         16      13.5433279145        2.4566721      0.0482536
    95               2700               2880         24      22.4291954775        1.5708045     0.03023015
    96               2880               2916          4      4.46538921307      -0.46538921   -0.008672016
    97               2916               3000          9      10.3938417568       -1.3938418    -0.02581188
    98               3000               3072          9      8.88144089294       0.11855911    0.002164583
    99               3072               3200         13      15.7287385207       -2.7287385    -0.04923243
   100               3200               3240          5      4.89984153847       0.10015846    0.001770568
   101               3240               3456         25      26.3384627046       -1.3384627    -0.02351439
   102               3456               3600         21       17.451152453        3.5488475     0.06036712
   103               3600               3750         19      18.0918354857       0.90816451     0.01513608
   104               3750               3840         10      10.8145296268      -0.81452963    -0.01330121
   105               3840               3888          6      5.75568852986       0.24431147    0.003942559
   106               3888               4000         12      13.3981567177       -1.3981567    -0.02242295
   107               4000               4050          8       5.9672608645        2.0327391     0.03214043
   108               4050               4096          6       5.4823751961        0.5176248    0.008133689
   109               4096               4320         26      26.5971788238      -0.59717882   -0.009330919
   110               4320               4374          7      6.38785642574       0.61214357    0.009313468
   111               4374               4500         13      14.8701442051       -1.8701442    -0.02827715
   112               4500               4608         13      12.7080045973        0.2919954     0.00435281
   113               4608               4800         23      22.5089699686       0.49103003    0.007233556
   114               4800               4860          4      7.01292323421       -3.0129232     -0.0434878
   115               4860               5000         19       16.325627693        2.6743723     0.03836222
   116               5000               5120         16      13.9522975429        2.0477025     0.02895889
   117               5120               5184          5      7.42611236792       -2.4261124    -0.03390595
   118               5184               5400         22      24.9878948323       -2.9878948    -0.04149854
   119               5400               5760         45      41.4006252226        3.5993748     0.04898129
   120               5760               5832          8      8.24495142221      -0.24495142   -0.003227518
   121               5832               6000         18      19.1945131757       -1.1945132    -0.01564164
   122               6000               6144         18      16.4049919499        1.5950081     0.02059147
   123               6144               6250         11      12.0486798797       -1.0486799    -0.01337881
   124               6250               6400         22      17.0115929082        4.9884071     0.06309891
   125               6400               6480          6      9.05482792276       -3.0548279    -0.03818535
   126               6480               6750         29      30.4703211863       -1.4703212    -0.01826521
   127               6750               6912         20      18.2177782063        1.7822218     0.02169251
   128               6912               7200         30      32.2728301619       -2.2728302     -0.0273379
   129               7200               7290         10      10.0561614291     -0.056161429  -0.0006618688
   130               7290               7500         21      23.4122296854       -2.4122297    -0.02825237
   131               7500               7680         23      20.0110101981        2.9889898     0.03451388
   132               7680               7776         12      10.6517162534        1.3482837     0.01538511
   133               7776               8000         22      24.7991167064       -2.7991167    -0.03174263
   134               8000               8100         11      11.0467496353     -0.046749635  -0.0005226768
   135               8100               8192         10      10.1500436945      -0.15004369   -0.001667152
   136               8192               8640         47      49.2541595656       -2.2541596    -0.02490518
   137               8640               8748         16      11.8323432187        4.1676568     0.04483685
   138               8748               9000         26      27.5485230764       -1.5485231     -0.0165563
   139               9000               9216         25      23.5475727003        1.4524273     0.01530993
   140               9216               9600         42        41.71865156       0.28134844    0.002930713
   141               9600               9720         14       13.000501491       0.99949851     0.01020109
   142               9720              10000         31      30.2689443687       0.73105563    0.007415105
   143              10000              10240         25      25.8736254262      -0.87362543   -0.008736254
   144              10240              10368         17      13.7730833996        3.2269166     0.03188877
   145              10368              10800         44      46.3537718432       -2.3537718    -0.02311622
   146              10800              11250         44       48.079202418       -4.0792024    -0.03925214
   147              11250              11520         30      28.7507880973        1.2492119     0.01177768
   148              11520              11664         11      15.3049839715        -4.304984    -0.04010932
   149              11664              12000         38      35.6357817483        2.3642183     0.02189091
   150              12000              12150         16      15.8752691302       0.12473087    0.001138632
   151              12150              12288         15      14.5873261752       0.41267382    0.003743853
   152              12288              12500         23      22.3765987057       0.62340129    0.005623764
   153              12500              12800         34      31.5982636741        2.4017363     0.02148178
   154              12800              12960         17      16.8211024747       0.17889753    0.001581246
   155              12960              13122         18      17.0096041911       0.99039581     0.00869974
   156              13122              13500         39      39.6057150966       -0.6057151   -0.005287719
   157              13500              13824         33      33.8572325826      -0.85723258   -0.007377883
   158              13824              14400         53      59.9918361652       -6.9918362    -0.05946677
   159              14400              14580         22      18.6968381478        3.3031619     0.02752635
   160              14580              15000         46      43.5352272792        2.4647727     0.02041259
   161              15000              15360         40      37.2173823487        2.7826177     0.02271998
   162              15360              15552         20      19.8130245674       0.18697543    0.001508652
   163              15552              16000         48      46.1348232818        1.8651767     0.01495639
   164              16000              16200         21      20.5536118948       0.44638811    0.003529008
   165              16200              16384         17      18.8867384286       -1.8867384    -0.01482362
   166              16384              17280         86      91.6702787137       -5.6702787    -0.04429905
   167              17280              17496         27      22.0268838316        4.9731162     0.03783178
   168              17496              18000         51      51.2909710223      -0.29097102   -0.002199786
   169              18000              18432         46      43.8495583155        2.1504417     0.01602845
   170              18432              18750         30      32.2126521143       -2.2126521    -0.01629772
   171              18750              19200         36        45.49143787       -9.4914379    -0.06931566
   172              19200              19440         27      24.2187022139        2.7812978     0.02007229
   173              19440              20000         59      56.3958721664        2.6041278      0.0186773
   174              20000              20250         27      25.1260855926        1.8739144     0.01325058
   175              20250              20480         23      23.0889526207     -0.088952621  -0.0006250953
   176              20480              20736         22      25.6689622472       -3.6689622    -0.02563765
   177              20736              21600         91      86.4049899071        4.5950101     0.03190979
   178              21600              21870         28      26.9313478024        1.0686522    0.007271257
   179              21870              22500         62      62.7139236365      -0.71392364   -0.004827557
   180              22500              23040         56      53.6180649594         2.381935     0.01587957
   181              23040              23328         30      28.5459955303        1.4540045    0.009579096
   182              23328              24000         67       66.474667342       0.52533266    0.003439503
   183              24000              24300         32      29.6174803392        2.3825197      0.0153791
   184              24300              24576         25        27.21672587       -2.2167259     -0.0142203
   185              24576              25000         37      41.7536009519        -4.753601    -0.03032265
   186              25000              25600         56      58.9684840982       -2.9684841    -0.01877434
   187              25600              25920         33      31.3950573356        1.6049427     0.01003089
   188              25920              26244         32       31.749393233       0.25060677    0.001556594
   189              26244              27000         78      73.9359358352        4.0640642     0.02508682
   190              27000              27648         55       63.215099414       -8.2150994     -0.0499955
   191              27648              28800        120      112.034068295        7.9659317     0.04790763
   192              28800              29160         33      34.9219437714       -1.9219438    -0.01132516
   193              29160              30000         76      81.3254750168        -5.325475    -0.03118635
   194              30000              30720         69      69.5347787559      -0.53477876   -0.003087547
   195              30720              31104         36      37.0216419001       -1.0216419    -0.00582892
   196              31104              31250         18      14.0645178076        3.9354822     0.02231464
   197              31250              32000         64      72.1516558247       -8.1516558    -0.04611273
   198              32000              32400         44      38.4151561403        5.5848439     0.03122023
   199              32400              32768         36      35.3023082574       0.69769174    0.003876065
   200              32768              33750        101      94.0213986085        6.9786014     0.03855169
   201              33750              34560         79      77.3589890148         1.641011    0.008932532
   202              34560              34992         40      41.1881355269       -1.1881355   -0.006391152
   203              34992              36000         92      95.9210582993       -3.9210583    -0.02096133
   204              36000              36450         38      42.7401963955       -4.7401964    -0.02498303
   205              36450              36864         46      39.2773394356        6.7226606     0.03521214
   206              36864              37500         60      60.2589256653      -0.25892567   -0.001348571
   207              37500              38400         84       85.109472641       -1.1094726   -0.005729292
   208              38400              38880         44      45.3154251814       -1.3154252   -0.006712751
   209              38880              39366         47      45.8288170389         1.171183     0.00593966
   210              39366              40000         60      59.7059579279       0.29404207    0.001482002
   211              40000              40500         43      47.0246728182       -4.0246728    -0.02012336
   212              40500              40960         42      43.2151245503       -1.2151246   -0.006038002
   213              40960              41472         49      48.0474550288       0.95254497    0.004706581
   214              41472              43200        173      161.759396098        11.240604     0.05519658
   215              43200              43740         45      50.4262390702       -5.4262391      -0.026107
   216              43740              45000        120      117.439601328        2.5603987     0.01224245
   217              45000              46080         92      100.421758726       -8.4217587    -0.03970055
   218              46080              46656         54      53.4696707955        0.5303292    0.002470525
   219              46656              48000        125      124.528876794       0.47112321    0.002181126
   220              48000              48600         53      55.4898049332       -2.4898049    -0.01136435
   221              48600              49152         52      50.9953638802        1.0046361    0.004557122
   222              49152              50000         82      78.2391836382        3.7608164     0.01696335
   223              50000              51200        106      110.509933366       -4.5099334    -0.02016904
   224              51200              51840         65      58.8420126454        6.1579874     0.02721472
   225              51840              52488         54      59.5103495075       -5.5103495    -0.02420174
   226              52488              54000        142       138.60001815        3.3999819     0.01484043
   227              54000              55296        116      118.520308642       -2.5203086    -0.01084568
   228              55296              56250         90      87.0835453492        2.9164547     0.01240248
   229              56250              57600        129      123.004567788        5.9954322     0.02527896
   230              57600              58320         69      65.4959732965        3.5040267     0.01460011
   231              58320              60000        153      152.543118101        0.4568819    0.001891887
   232              60000              60750         66      67.9752930434        -1.975293     -0.0080641
   233              60750              61440         56       62.470861492       -6.4708615    -0.02625361
   234              61440              62208         74      69.4589973969        4.5410026     0.01832003
   235              62208              62500         22      26.3887185368       -4.3887185    -0.01759603
   236              62500              64000        138      135.386093025         2.613907     0.01045563
   237              64000              64800         64      72.0897819635        -8.089782    -0.03197767
   238              64800              65536         65      66.2525561957       -1.2525562   -0.004920505
   239              65536              65610         11      6.65758454859        4.3424155     0.01696256
   240              65610              67500        172      169.814161363        2.1858386    0.008533616
   241              67500              69120        139      145.218735009        -6.218735    -0.02393592
   242              69120              69984         69       77.326230696       -8.3262307    -0.03166989
   243              69984              72000        195      180.101406454        14.898594     0.05631783
   244              72000              72900         78      80.2578877426       -2.2578877   -0.008414651
   245              72900              73728         75      73.7600478111        1.2399522    0.004592416
   246              73728              75000        112      113.170674653       -1.1706747   -0.004311417
   247              75000              76800        157      159.859443592       -2.8594436    -0.01044121
   248              76800              77760         93      85.1233313472        7.8766687     0.02842248
   249              77760              78732         80      86.0934592353       -6.0934592    -0.02185173
   250              78732              80000        114      112.171423658        1.8285763    0.006516846
   251              80000              81000         88      88.3534047088      -0.35340471   -0.001249474
   252              81000              81920         84      81.2008815014        2.7991185      0.0098351
   253              81920              82944         94      90.2864942942        3.7135057     0.01297445
   254              82944              86400        300      304.006971328       -4.0069713    -0.01391309
   255              86400              87480         87      94.7832281803       -7.7832282    -0.02647908
   256              87480              90000        223       220.76808566        2.2319143     0.00754611
   257              90000              92160        186      188.803012625       -2.8030126   -0.009343375
   258              92160              93312        114      100.537852065        13.462148     0.04434484
   259              93312              93750         34      38.1971075494       -4.1971075    -0.01373983
   260              93750              96000        205      195.976804373        9.0231956     0.02946963
   261              96000              97200        101      104.358454111       -3.3584541    -0.01083936
   262              97200              98304         86      95.9117572809       -9.9117573    -0.03179198
   263              98304             100000        153      147.162589038         5.837411     0.01861807
   264             100000             101250        104      108.325527924       -4.3255279    -0.01367852
   265             101250             102400        109      99.5580800872        9.4419199     0.02967309
   266             102400             103680        101      110.699788669       -9.6997887    -0.03031184
   267             103680             104976        116       111.96427936        4.0357206     0.01253354
   268             104976             108000        252      260.792922757       -8.7929228    -0.02713865
   269             108000             109350        120      116.223052133        3.7769479     0.01149289
   270             109350             110592        105      106.817093132       -1.8170931   -0.005495001
   271             110592             112500        163      163.897161571      -0.89716157   -0.002697794
   272             112500             115200        226      231.526965189       -5.5269652    -0.01647823
   273             115200             116640        125      123.291907383        1.7080926    0.005032516
   274             116640             118098        130      124.701505704        5.2984943     0.01551418
   275             118098             120000        158      162.480614495       -4.4806145    -0.01303816
   276             120000             121500        133      127.985372581        5.0146274     0.01447598
   277             121500             122880        120       117.62850319        2.3714968    0.006803532
   278             122880             124416        130      130.794467795       -0.7944678   -0.002266395
   279             124416             125000         50      49.6932858764       0.30671412   0.0008695522
   280             125000             128000        253      254.967207479       -1.9672075   -0.005564103
   281             128000             129600        144       135.77599404         8.224006      0.0229868
   282             129600             131072        120      124.789342311       -4.7893423    -0.01330373
   283             131072             131220          9      12.5402128929       -3.5402129   -0.009778549
   284             131220             135000        316       319.88509272       -3.8850927     -0.0107251
   285             135000             138240        285      273.588972362        11.411028     0.03105688
   286             138240             139968        144      145.693889966         -1.69389   -0.004555839
   287             139968             144000        338      339.371367861       -1.3713679   -0.003665554
   288             144000             145800        148      151.247808221       -3.2478082   -0.008558726
   289             145800             147456        140      139.010525182       0.98947482    0.002591349
   290             147456             150000        217      213.299806999         3.700193    0.009635919
   291             150000             153600        311       301.32693987        9.6730601     0.02497573
   292             153600             155520        156      160.467184453       -4.4671845    -0.01139825
   293             155520             156250         61      60.9677470395      0.032252961   8.178553e-05
   294             156250             157464        103      101.337984286        1.6620157    0.004204604
   295             157464             160000        204      211.483112175       -7.4831122    -0.01885783
   296             160000             162000        169      166.589038464        2.4109615    0.006027404
   297             162000             163840        147      153.111783125       -6.1117831    -0.01518485
   298             163840             165888        168      170.253231388       -2.2532314   -0.005566674
   299             165888             168750        227      237.632424331       -10.632424    -0.02610507
   300             168750             172800        343      335.706764306        7.2932357     0.01775409
   301             172800             174960        177      178.778148373       -1.7781484    -0.00427756
   302             174960             180000        428      416.448595976        11.551404     0.02761629
   303             180000             182250        176      185.604415072       -9.6044151    -0.02263782
   304             182250             184320        172       170.59034725        1.4096528     0.00330201
   305             184320             186624        196       189.69031362        6.3096864     0.01469676
   306             186624             187500         78      72.0714881855        5.9285118     0.01372341
   307             187500             192000        362       369.79985168       -7.7998517    -0.01801299
   308             192000             194400        200      196.936592211        3.0634078     0.00699124
   309             194400             196608        178      181.006724309       -3.0067243   -0.006819389
   310             196608             196830         17      18.1898586693       -1.1898587   -0.002683458
   311             196830             200000        263      259.556956216        3.4430438    0.007760629
   312             200000             202500        201      204.461868438       -3.4618684   -0.007740973
   313             202500             204800        182      187.923874896       -5.9238749    -0.01316417
   314             204800             207360        210      208.966244818        1.0337552    0.002284298
   315             207360             209952        224      211.365365585        12.634634     0.02774599
   316             209952             216000        486      492.369553206       -6.3695532    -0.01390109
   317             216000             218700        213      219.446374273       -6.4463743    -0.01387039
   318             218700             221184        209      201.697518097        7.3024819     0.01561515
   319             221184             225000        311      309.499209011         1.500791    0.003191122
   320             225000             230400        456      437.250472812        18.749527     0.03952747
   321             230400             233280        218      232.862217582       -14.862218    -0.03096295
   322             233280             236196        225      235.537855262       -10.537855    -0.02181793
   323             236196             240000        302      306.915347431       -4.9153474    -0.01011388
   324             240000             243000        247      241.771630011          5.22837     0.01067237
   325             243000             245760        227      222.218839593        4.7811604    0.009699072
   326             245760             248832        255      247.104668275        7.8953317      0.0159263
   327             248832             250000         94      93.8871222121       0.11287779   0.0002262848
   328             250000             256000        481      481.748629479      -0.74862948   -0.001497259
   329             256000             259200        250      256.563194441       -6.5631944    -0.01297165
   330             259200             262144        225      235.815280876       -10.815281    -0.02124322
   331             262144             262440         24      23.6979848851       0.30201511   0.0005898733
   332             262440             270000        618      604.545906629        13.454093      0.0262627
   333             270000             276480        520      517.111600074        2.8883999    0.005558728
   334             276480             279936        265      275.398672035       -10.398672    -0.01977634
   335             279936             281250        110      104.638040892        5.3619591     0.01013431
   336             281250             288000        525      536.918688427       -11.918688    -0.02247409
   337             288000             291600        294      285.948633696        8.0513663     0.01500284
   338             291600             294912        251      262.826597808       -11.826598    -0.02190111
   339             294912             300000        390      403.310232936       -13.310233    -0.02450978
   340             300000             303750        308      296.905736816        11.094263     0.02025526
   341             303750             307200        283      272.898497039        10.101503     0.01832854
   342             307200             311040        295      303.464732767       -8.4647328    -0.01527224
   343             311040             312500        109       115.30239941       -6.3023994     -0.0113005
   344             312500             314928        199      191.655917562        7.3440824     0.01313749
   345             314928             320000        417      399.989074197        17.010926     0.03031254
   346             320000             324000        311      315.098011151       -4.0980112   -0.007244329
   347             324000             327680        304      289.621104301        14.378896     0.02526114
   348             327680             328050         30      29.1053825621       0.89461744    0.001562832
   349             328050             331776        293      292.956460328      0.043539672   7.601777e-05
   350             331776             337500        449      449.549333353      -0.54933335  -0.0009537037
   351             337500             345600        626      635.140822983        -9.140823    -0.01573434
   352             345600             349920        348      338.265788484        9.7342115     0.01655823
   353             349920             354294        347      342.162987862        4.8370121    0.008176977
   354             354294             360000        441      445.867751843       -4.8677518   -0.008177989
   355             360000             364500        345       351.24317309       -6.2431731    -0.01040529
   356             364500             368640        329      322.846451531        6.1535485     0.01019241
   357             368640             373248        339      359.011750567       -20.011751    -0.03295975
   358             373248             375000        134      136.408924015        -2.408924   -0.003942978
   359             375000             384000        699      699.958495715      -0.95849571   -0.001565217
   360             384000             388800        365      372.790791178       -7.7907912    -0.01257234
   361             388800             393216        367      342.653552677        24.346447     0.03904563
   362             393216             393660         36      34.4350905964        1.5649094    0.002495592
   363             393660             400000        489      491.383172724       -2.3831727   -0.003798349
   364             400000             405000        362      387.102425516       -25.102426    -0.03969042
   365             405000             409600        357      355.809199374        1.1908006    0.001871163
   366             409600             414720        397      395.669859494        1.3301405    0.002078345
   367             414720             419904        407      400.233335243        6.7666648     0.01050745
   368             419904             432000        934      932.411790674        1.5882093     0.00245094
   369             432000             437400        433      415.606026392        17.393974     0.02646409
   370             437400             442368        376      382.010580021         -6.01058   -0.009088182
   371             442368             450000        580      586.219142713       -6.2191427   -0.009350583
   372             450000             460800        810      828.261500025         -18.2615    -0.02722264
   373             460800             466560        438      441.132002212       -3.1320022   -0.004613875
   374             466560             468750        177      167.612901751        9.3870982     0.01374288
   375             468750             472392        288      278.610640602        9.3893594     0.01371404
   376             472392             480000        586      581.481284978         4.518715    0.006574514
   377             480000             486000        440      458.086791531       -18.086792    -0.02610603
   378             486000             491520        438      421.060400541        16.939599     0.02429881
   379             491520             497664        474      468.236794713        5.7632053     0.00822041
   380             497664             500000        181      177.912215148        3.0877849    0.004377024
   381             500000             506250        468        475.6976974       -7.6976974    -0.01088619
   382             506250             512000        439      437.249033601        1.7509664    0.002460908
   383             512000             518400        493      486.240551084        6.7594489    0.009446617
   384             518400             524288        452       446.94045427        5.0595457    0.007027147
   385             524288             524880         37       44.915895236       -7.9158952    -0.01093239
   386             524880             540000       1145      1145.89278014      -0.89278014   -0.001232294
   387             540000             546750        505      510.774470715       -5.7744707   -0.007858059
   388             546750             552960        467      469.493081368       -2.4930814   -0.003371647
   389             552960             559872        519      522.100027044        -3.100027   -0.004168873
   390             559872             562500        194      198.379310237       -4.3793102   -0.005852768
   391             562500             576000       1023      1017.98198493        5.0180151    0.006690687
   392             576000             583200        548       542.18930185        5.8106981    0.007656267
   393             583200             589824        512      498.371030606        13.628969     0.01784655
   394             589824             590490         48      50.0846838047       -2.0846838   -0.002714432
   395             590490             600000        710      714.714321013        -4.714321   -0.006134976
   396             600000             607500        570      563.056720073        6.9432799    0.008963736
   397             607500             614400        517      517.553370968      -0.55337097  -0.0007099753
   398             614400             622080        581      575.549442893        5.4505571    0.006953689
   399             622080             625000        220      218.689252276        1.3107477    0.001661866
   400             625000             629856        340      363.514715962       -23.514716    -0.02974402
   401             629856             640000        748      758.696796917       -10.696797    -0.01347824
   402             640000             648000        600      597.709387402        2.2906126    0.002863266
   403             648000             655360        554      549.407871164        4.5921288    0.005704618
   404             655360             656100         47      55.2139182089       -8.2139182    -0.01014636
   405             656100             663552        553      555.762116982        -2.762117   -0.003410021
   406             663552             675000        858      852.878985127        5.1210149    0.006286639
   407             675000             691200       1206      1205.07695546       0.92304454    0.001123494
   408             691200             699840        644      641.849767703        2.1502323    0.002586327
   409             699840             708588        666      649.275983916        16.724016     0.01999131
   410             708588             720000        827      846.109051161       -19.109051    -0.02270086
   411             720000             729000        685      666.579676228        18.420324     0.02170856
   412             729000             737280        609        612.7172699       -3.7172699   -0.004353718
   413             737280             746496        658      681.385157253       -23.385157    -0.02723479
   414             746496             750000        257      258.905397465       -1.9053975   -0.002205321
   415             750000             768000       1344      1328.60055911        15.399441     0.01778174
   416             768000             777600        706      707.648241363       -1.6482414    -0.00188079
   417             777600             781250        271      268.885057531        2.1149425    0.002398393
   418             781250             786432        387      381.584903552        5.4150964    0.006126482
   419             786432             787320         60      65.3707631972       -5.3707632   -0.006056273
   420             787320             800000        945      932.860814495        12.139186     0.01368088
   421             800000             810000        732      734.930065617       -2.9300656   -0.003275913
   422             810000             819200        665      675.549121967       -10.549122    -0.01172125
   423             819200             829440        771      751.263594236        19.736406     0.02180585
   424             829440             839808        755      759.964213805       -4.9642138   -0.005450772
   425             839808             843750        290      288.764550639        1.2354494     0.00134814
   426             843750             864000       1472      1481.83903408       -9.8390341    -0.01071138
   427             864000             874800        798       789.27594992        8.7240501    0.009385584
   428             874800             884736        735      725.507416929        9.4925831     0.01014916
   429             884736             900000       1105       1113.3961419       -8.3961419    -0.00892633
   430             900000             911250        839      819.725332591        19.274667     0.02031728
   431             911250             921600        735      753.498568733       -18.498569    -0.01937846
   432             921600             933120        847       837.95557223        9.0444278    0.009421279
   433             933120             937500        311      318.400510002         -7.40051   -0.007661131
   434             937500             944784        541       529.26612147        11.733879      0.0121187
   435             944784             960000       1071      1104.66701348       -33.667013    -0.03463685
   436             960000             972000        886      870.294786669        15.705213     0.01602907
   437             972000             983040        775      799.985591604       -24.985592    -0.02534291
   438             983040             984150         81      80.3973240151       0.60267598   0.0006078526
   439             984150             995328        795      809.259332322       -14.259332     -0.0143737
   440             995328            1000000        343      338.046482233        4.9535178     0.00496513
   441            1000000            1012500        932      903.889782507        28.110217     0.02811022
   442            1012500            1024000        835      830.868574131        4.1314259    0.004105844
   443            1024000            1036800        925      924.003618026       0.99638197   0.0009846364
   444            1036800            1048576        835      849.358716511       -14.358717    -0.01410159
   445            1048576            1049760         89      85.3594211643        3.6405788    0.003555253
   446            1049760            1062882        910      945.557639894        -35.55764    -0.03470467
   447            1062882            1080000       1246      1232.24768076        13.752319     0.01333931
   448            1080000            1093500        972      970.815491938        1.1845081    0.001139793
   449            1093500            1105920        910      892.391778046        17.608222     0.01683861
   450            1105920            1119744        999      992.427758195        6.5722418    0.006249592
   451            1119744            1125000        368      377.098759425       -9.0987594   -0.008598502
   452            1125000            1152000       1935      1935.17993453      -0.17993453  -0.0001696439
   453            1152000            1166400       1054      1030.76743617        23.232564     0.02164566
   454            1166400            1179648        957      947.504364093        9.4956359    0.008792255
   455            1179648            1180980        106      95.2232779017        10.776722    0.009922257
   456            1180980            1200000       1367      1358.88952672        8.1104733    0.007463197
   457            1200000            1215000       1054       1070.5971773       -16.597177    -0.01515108
   458            1215000            1228800        972      984.119120656       -12.119121    -0.01099469
   459            1228800            1244160       1075      1094.44444876       -19.444449    -0.01754103
   460            1244160            1250000        430      415.864523329        14.135477     0.01267279
   461            1250000            1259712        696       691.28340232        4.7165977    0.004218653
   462            1259712            1280000       1445      1442.84903094        2.1509691    0.001916455
   463            1280000            1296000       1130      1136.74958788       -6.7495879   -0.005965849
   464            1296000            1310720       1046      1044.93198946        1.0680105   0.0009381516
   465            1310720            1312200        105      105.015000512     -0.015000512  -1.310241e-05
   466            1312200            1327104       1062      1057.06417635        4.9358236    0.004308833
   467            1327104            1350000       1591      1622.26512008        -31.26512    -0.02713986
   468            1350000            1382400       2318      2292.34909168        25.650908     0.02207679
   469            1382400            1399680       1242      1221.03230599        20.967694     0.01783339
   470            1399680            1406250        437      463.967384765       -26.967385    -0.02279421
   471            1406250            1417176        750      771.246612037       -21.246612    -0.01791672
   472            1417176            1440000       1637      1609.75954698        27.240453     0.02288245
   473            1440000            1458000       1272      1268.26052829        3.7394717    0.003116226
   474            1458000            1474560       1163      1165.82847629       -2.8284763   -0.002342469
   475            1474560            1492992       1311      1296.53818891        14.461811     0.01190944
   476            1492992            1500000        481      492.659399813         -11.6594   -0.009542177
   477            1500000            1518750       1350      1317.32613935        32.673861      0.0266781
   478            1518750            1536000       1179      1210.93409892       -31.934099    -0.02591263
   479            1536000            1555200       1341      1346.70408663       -5.7040866   -0.004602465
   480            1555200            1562500        514      511.722329744        2.2776703    0.001826408
   481            1562500            1572864        729      726.218722854        2.7812771    0.002225022
   482            1572864            1574640        125      124.412972331       0.58702767   0.0004680723
   483            1574640            1600000       1734      1775.46422438       -41.464224    -0.03304326
   484            1600000            1620000       1413      1398.82222758        14.177772     0.01120851
   485            1620000            1638400       1301      1285.85299206        15.147008     0.01190061
   486            1638400            1640250        118      129.228274927       -11.228275    -0.00877209
   487            1640250            1658880       1302      1300.79986272        1.2001373   0.0009370783
   488            1658880            1679616       1465       1446.6519299         18.34807     0.01424567
   489            1679616            1687500        536      549.702367347       -13.702367    -0.01057281
   490            1687500            1728000       2817      2821.01955855       -4.0195586   -0.003094258
   491            1728000            1749600       1505      1502.66064185        2.3393582     0.00177961
   492            1749600            1769472       1353      1381.31138644       -28.311386    -0.02140384
   493            1769472            1771470        139      138.822162103        0.1778379   0.0001336911
   494            1771470            1800000       1996      1981.10343468        14.896565      0.0111923
   495            1800000            1822500       1551      1560.85011466       -9.8501147   -0.007341842
   496            1822500            1843200       1446      1434.80497357        11.195026    0.008292612
   497            1843200            1866240       1626      1595.69179077        30.308209      0.0223241
   498            1866240            1875000        596      606.337481314       -10.337481   -0.007567126
   499            1875000            1889568       1024      1007.91508088        16.084919     0.01174676
   500            1889568            1920000       2099      2103.77245887       -4.7724589    -0.00347185
   501            1920000            1944000       1676      1657.50437505        18.495625     0.01334807
   502            1944000            1966080       1515      1523.65946699        -8.659467   -0.006210735
   503            1966080            1968300        146      153.128651982        -7.128652   -0.005084015
   504            1968300            1990656       1521      1541.38709112       -20.387091    -0.01453147
   505            1990656            2000000        661       643.89067005         17.10933     0.01212648
   506            2000000            2025000       1736       1721.7248109        14.275189     0.01009408
   507            2025000            2048000       1583      1582.69761452       0.30238548   0.0002124949
   508            2048000            2073600       1761      1760.17812377       0.82187623   0.0005743035
   509            2073600            2097152       1598       1618.0479788       -20.047979    -0.01392221
   510            2097152            2099520        163      162.615053959       0.38494604   0.0002658183
   511            2099520            2125764       1802       1801.3876307        0.6123693   0.0004226233
   512            2125764            2160000       2386      2347.67425052        38.325749     0.02628652
   513            2160000            2187000       1829      1849.68223038        -20.68223    -0.01407248
   514            2187000            2211840       1697      1700.32979736       -3.3297974   -0.002251611
   515            2211840            2239488       1879      1891.00930637       -12.009306   -0.008074973
   516            2239488            2250000        714      718.558629737       -4.5586297   -0.003046211
   517            2250000            2304000       3708      3687.64408765        20.355912     0.01357061
   518            2304000            2332800       1925      1964.32934882       -39.329349    -0.02591048
   519            2332800            2343750        753      746.420470676        6.5795293    0.004307805
   520            2343750            2359296       1047      1059.30560085       -12.305601   -0.008037985
   521            2359296            2361960        177      181.477453667       -4.4774537   -0.002915009
   522            2361960            2400000       2611      2589.85821543        21.141785     0.01375642
   523            2400000            2430000       2024      2040.50774577       -16.507746     -0.0106557
   524            2430000            2457600       1871      1875.75782509       -4.7578251   -0.003052146
   525            2457600            2488320       2092       2086.1221882        5.8778118    0.003749385
   526            2488320            2500000        783       792.70220467       -9.7022047   -0.006150598
   527            2500000            2519424       1311       1317.7200942       -6.7200942   -0.004250161
   528            2519424            2531250        832      801.936349213        30.063651     0.01894048
   529            2531250            2560000       1919      1948.52035015        -29.52035     -0.0185547
   530            2560000            2592000       2201      2167.04969763        33.950302     0.02121894
   531            2592000            2621440       1973      1992.08970813       -19.089708    -0.01185719
   532            2621440            2624400        208       200.20779577        7.7922042    0.004812717
   533            2624400            2654208       2024      2015.30042949        8.6995705    0.005370105
   534            2654208            2700000       3105      3093.00302793        11.996972    0.007363837
   535            2700000            2733750       2271      2277.36617097        -6.366171   -0.003874328
   536            2733750            2764800       2078      2093.50554223       -15.505542   -0.009377942
   537            2764800            2799360       2316      2328.30471566       -12.304716   -0.007400136
   538            2799360            2812500        921      884.732749521         36.26725     0.02167631
   539            2812500            2834352       1495      1470.70859969          24.2914     0.01448459
   540            2834352            2880000       3043      3069.80646477       -26.806465    -0.01592255
   541            2880000            2916000       2409      2418.67938241       -9.6793824   -0.005703631
   542            2916000            2949120       2212      2223.41755976        -11.41756   -0.006686203
   543            2949120            2952450        239      223.457295767        15.542704    0.009050662
   544            2952450            2985984       2251      2249.33825804         1.661742   0.0009671021
   545            2985984            3000000        936      939.640137134       -3.6401371   -0.002106561
   546            3000000            3037500       2482      2512.58057152       -30.580572     -0.0176557
   547            3037500            3072000       2305      2309.74297625       -4.7429762   -0.002721403
   548            3072000            3110400       2591      2568.80869827        22.191302     0.01266112
   549            3110400            3125000        981      976.125771686        4.8742283    0.002763744
   550            3125000            3145728       1374      1385.30902575       -11.309026   -0.006397351
   551            3145728            3149280        236      237.328684774       -1.3286848  -0.0007491372
   552            3149280            3188646       2648      2629.06934972         18.93065     0.01066743
   553            3188646            3200000        776      757.877089956         18.12291     0.01014904
   554            3200000            3240000       2719      2668.56938173        50.430618     0.02819157
   555            3240000            3276800       2442      2453.14724053       -11.147241   -0.006192911
   556            3276800            3280500        248      246.546232957         1.453767   0.0008031004
   557            3280500            3317760       2472      2481.76041528       -9.7604153   -0.005388877
   558            3317760            3359232       2713      2760.13101905       -47.131019    -0.02587524
   559            3359232            3375000       1064      1048.82966692        15.170333    0.008277041
   560            3375000            3456000       5435      5382.73425778        52.265742     0.02844987
   561            3456000            3499200       2787      2867.36111249       -80.361112     -0.0432274
   562            3499200            3538944       2598      2635.90183584       -37.901836     -0.0202617
   563            3538944            3542940        257      264.913987105       -7.9139871   -0.004206864
   564            3542940            3600000       3782      3780.63625227        1.3637477   0.0007245229
   565            3600000            3645000       3019      2978.77856963         40.22143     0.02119856
   566            3645000            3686400       2734      2738.33117197        -4.331172   -0.002268593
   567            3686400            3732480       3103      3045.49692382        57.503076     0.02994952
   568            3732480            3750000       1135      1157.27113589       -22.271136    -0.01152773
   569            3750000            3779136       1895      1923.76953766       -28.769538    -0.01485653
   570            3779136            3840000       4033      4015.53933891        17.460661    0.008981822
   571            3840000            3888000       3160      3163.87211574       -3.8721157   -0.001975981
   572            3888000            3906250       1189      1202.25481786       -13.254818   -0.006722188
   573            3906250            3932160       1743      1706.23867467        36.761325     0.01859992
   574            3932160            3936600        277      292.310874663       -15.310875   -0.007721193
   575            3936600            3981312       2941      2942.44652993       -1.4465299  -0.0007290659
   576            3981312            4000000       1191      1229.19191901       -38.191919    -0.01914072
   577            4000000            4050000       3344      3286.87184976         57.12815     0.02856408
   578            4050000            4096000       3021      3021.57127706      -0.57127706  -0.0002838699
   579            4096000            4147200       3302      3360.52675691       -58.526757    -0.02891841
   580            4147200            4194304       3134      3089.28480042          44.7152     0.02195724
   581            4194304            4199040        306       310.48138192       -4.4813819   -0.002188175
   582            4199040            4218750       1299      1291.89693987        7.1030601    0.003466335
   583            4218750            4251528       2136      2147.56909803       -11.569098   -0.005632583
   584            4251528            4320000       4464      4482.70926038        -18.70926   -0.009073693
   585            4320000            4374000       3511      3531.98372015        -20.98372     -0.0100958
   586            4374000            4423680       3239      3246.91142628       -7.9114263   -0.003782818
   587            4423680            4478976       3664      3611.15916377        52.840836     0.02512337
   588            4478976            4500000       1382      1372.22857945        9.7714205     0.00461709
   589            4500000            4556250       3644      3669.36899152       -25.368992    -0.01195906
   590            4556250            4608000       3376      3373.21496108        2.7850389    0.001304751
   591            4608000            4665600       3726       3751.6394058       -25.639406    -0.01194405
   592            4665600            4687500       1471        1425.612691        45.387309     0.02101264
   593            4687500            4718592       2012      2023.23671298       -11.236713   -0.005190015
   594            4718592            4723920        337      346.619650244       -9.6196502   -0.004428463
   595            4723920            4800000       4925      4946.72457814       -21.724578   -0.009995398
   596            4800000            4860000       3900      3897.61172114        2.3882789    0.001090095
   597            4860000            4915200       3639      3583.04770711        55.952293     0.02538048
   598            4915200            4920750        351      360.107359386       -9.1073594   -0.004107919
   599            4920750            4976640       3652      3624.91760926        27.082391     0.01220875
   600            4976640            5000000       1532      1514.30203974         17.69796    0.007933322
   601            5000000            5038848       2491      2517.29262181       -26.292622    -0.01175842
   602            5038848            5062500       1537      1531.99910939        5.0008906    0.002227828
   603            5062500            5120000       3703      3722.49356875       -19.493569   -0.008663808
   604            5120000            5184000       4131      4140.12337016       -9.1233702   -0.004031998
   605            5184000            5242880       3820      3805.99905777        14.000942    0.006149287
   606            5242880            5248800        401      382.515291741        18.484708    0.008072864
   607            5248800            5308416       3860      3850.48703043        9.5129696    0.004152275
   608            5308416            5314410        371       386.98660048         -15.9866   -0.006938629
   609            5314410            5400000       5535      5522.83785649        12.162144     0.00527573
   610            5400000            5467500       4353      4351.57161734        1.4283827    0.000614678
   611            5467500            5529600       3951      4000.39297437       -49.392974    -0.02112374
   612            5529600            5598720       4447      4449.21724227       -2.2172423  -0.0009429014
   613            5598720            5625000       1679      1690.70123642       -11.701236    -0.00494524
   614            5625000            5668704       2781      2810.53742414       -29.537424    -0.01245407
   615            5668704            5760000       5889      5866.63345898        22.366541    0.009394138
   616            5760000            5832000       4584      4622.47342181       -38.473422    -0.01603059
   617            5832000            5898240       4269      4249.44584527        19.554155    0.008097115
   618            5898240            5904900        426      427.084412688       -1.0844127  -0.0004465122
   619            5904900            5971968       4327      4299.14293641        27.857064     0.01146381
   620            5971968            6000000       1781      1795.96902412       -14.969024   -0.006125404
   621            6000000            6075000       4800      4802.50888519       -2.5088852   -0.001024248
   622            6075000            6144000       4413      4414.96134323       -1.9613432   -0.000795757
   623            6144000            6220800       4888      4910.32306243       -22.323062   -0.009005922
   624            6220800            6250000       1866      1865.92812831      0.071871687   2.881607e-05
   625            6250000            6291456       2686      2648.15224796        37.847752      0.0151391
   626            6291456            6298560        476       453.68185795        22.318142    0.008897796
   627            6298560            6377292       4994      5025.87643293       -31.876433    -0.01270133
   628            6377292            6400000       1438      1448.83398864       -10.833989   -0.004290128
   629            6400000            6480000       5071      5101.62396032        -30.62396    -0.01210518
   630            6480000            6553600       4701      4689.95321451        11.046785    0.004339587
   631            6553600            6561000        481      471.358211359        9.6417886    0.003766324
   632            6561000            6635520       4752      4744.82705748        7.1729425     0.00280035
   633            6635520            6718464       5281      5277.21929496         3.780705    0.001467693
   634            6718464            6750000       2011      2005.35438926        5.6456107    0.002178091
   635            6750000            6912000      10338      10292.1702388        45.829761     0.01763988
   636            6912000            6998400       5503      5482.88307311        20.116927    0.007651732
   637            6998400            7031250       2089      2083.50995122        5.4900488    0.002075281
   638            7031250            7077888       2978      2956.95539431        21.044606    0.007936418
   639            7077888            7085880        500      506.586983692       -6.5869837   -0.002475909
   640            7085880            7200000       7204      7229.77388893       -25.773889   -0.009682401
   641            7200000            7290000       5715      5696.59973203        18.400268    0.006857375
   642            7290000            7372800       5208      5236.94710331       -28.947103    -0.01072115
   643            7372800            7464960       5823      5824.58648281       -1.5864828  -0.0005842775
   644            7464960            7500000       2196      2213.36297496       -17.362975   -0.006354925
   645            7500000            7558272       3688      3679.41061125        8.5893887    0.003136401
   646            7558272            7593750       2213       2239.2752462       -26.275246   -0.009557307
   647            7593750            7680000       5466      5441.12372116        24.876279    0.009027287
   648            7680000            7776000       6039      6051.68535984        -12.68536   -0.004577435
   649            7776000            7812500       2284       2299.6644874       -15.664487   -0.005617435
   650            7812500            7864320       3301      3263.73352646        37.266474     0.01333286
   651            7864320            7873200        546        559.1452554       -13.145255   -0.004687469
   652            7873200            7962624       5633      5628.54191966        4.4580803    0.001588811
   653            7962624            8000000       2346      2351.34758454       -5.3475845   -0.001895089
   654            8000000            8100000       6247      6287.67989325       -40.679893    -0.01438251
   655            8100000            8192000       5790      5780.36200041        9.6379996    0.003386448
   656            8192000            8201250        571      580.951637484       -9.9516375   -0.003476959
   657            8201250            8294400       5865      5848.05800826        16.941992    0.005915949
   658            8294400            8388608       5913      5910.29512082        2.7048792   0.0009391942
   659            8388608            8398080        594      594.010824063     -0.010824063  -3.737191e-06
   660            8398080            8437500       2459      2471.66845608       -12.668456   -0.004371532
   661            8437500            8503056       4098      4108.81960527       -10.819605   -0.003724813
   662            8503056            8640000       8650      8576.79385145        73.206149     0.02510499
   663            8640000            8748000       6764        6758.033865         5.966135     0.00202972
   664            8748000            8847360       6209      6212.78775796        -3.787758   -0.001280642
   665            8847360            8857350        624      624.413472467      -0.41347247   -0.000139008
   666            8857350            8957952       6293      6285.57138558        7.4286144    0.002496065
   667            8957952            9000000       2635      2625.83405811        9.1659419    0.003062476
   668            9000000            9112500       6959      7021.70480663       -62.704807     -0.0209016
   669            9112500            9216000       6463      6455.19747355        7.8025265    0.002584738
   670            9216000            9331200       7193      7179.61110941        13.388891    0.004410353
   671            9331200            9375000       2748      2728.29724864        19.702751    0.006449976
   672            9375000            9437184       3834      3872.07386636       -38.073866    -0.01243487
   673            9437184            9447840        665      663.368387476        1.6316125   0.0005311239
   674            9447840            9565938       7331      7348.85803447       -17.858034   -0.005809883
   675            9565938            9600000       2169      2118.51814344        50.481857     0.01632193
   676            9600000            9720000       7424      7459.80587034        -35.80587    -0.01155629
   677            9720000            9830400       6895      6857.97290143        37.027099     0.01187645
   678            9830400            9841500        674      689.259247827       -15.259248   -0.004866845
   679            9841500            9953280       6882      6938.34981154       -56.349812    -0.01796229
   680            9953280           10000000       2853      2898.54539052       -45.545391    -0.01443648
   681           10000000           10077696       4853      4818.46521255        34.534787     0.01092086
   682           10077696           10125000       2934      2932.51979406        1.4802059   0.0004662743
   683           10125000           10240000       7095      7125.67378834       -30.673788   -0.009639842
   684           10240000           10368000       7919      7925.36728287       -6.3672829   -0.001989776
   685           10368000           10485760       7336      7285.99553883        50.004461     0.01552964
   686           10485760           10497600        744      732.278694658        11.721305    0.003619729
   687           10497600           10616832       7366      7371.41141802        -5.411418   -0.001670191
   688           10616832           10628820        737      740.863630167       -3.8636302   -0.001185763
   689           10628820           10800000      10591      10573.4034807        17.596519    0.005397396
   690           10800000           10935000       8351      8331.35144314        19.648557    0.005978865
   691           10935000           11059200       7665      7659.24556579        5.7544342    0.001740176
   692           11059200           11197440       8543      8518.84963423        24.150366    0.007262094
   693           11197440           11250000       3228      3237.23543374       -9.2354337   -0.002759929
   694           11250000           11337408       5359      5381.50947015        -22.50947   -0.006711027
   695           11337408           11520000      11196      11233.5665778       -37.566578    -0.01115693
   696           11520000           11664000       8934      8851.55980171        82.440198     0.02428918
   697           11664000           11718750       3352      3363.67252717       -11.672527   -0.003417757
   698           11718750           11796480       4767      4773.83856475       -6.8385647   -0.001997673
   699           11796480           11809800        840      817.862477812        22.137522    0.006445443
   700           11809800           11943936       8223      8232.95480921       -9.9548092   -0.002896754
   701           11943936           12000000       3448      3439.39476914        8.6052309    0.002489939
   702           12000000           12150000       9201      9197.32153708        3.6784629    0.001061881
   703           12150000           12288000       8419      8455.39574355       -36.395744    -0.01044149
   704           12288000           12441600       9470      9404.39638594        65.603614     0.01871489
   705           12441600           12500000       3553       3573.7627504        -20.76275   -0.005886359
   706           12500000           12582912       5046      5072.01264115       -26.012641   -0.007357486
   707           12582912           12597120        878      868.946994988         9.053005    0.002552126
   708           12597120           12656250       3619      3615.68913367        3.3108663   0.0009328375
   709           12656250           12754584       6052      6010.65902836        41.340972     0.01162059
   710           12754584           12800000       2801       2775.0936613        25.906339    0.007253922
   711           12800000           12960000       9718      9771.84883568       -53.848836    -0.01505121
   712           12960000           13107200       8915      8983.60277582       -68.602776    -0.01905633
   713           13107200           13122000        884      902.901311557       -18.901312   -0.005220799
   714           13122000           13271040       9096      9089.01430028        6.9856997    0.001928457
   715           13271040           13436928      10124      10109.1639322        14.836068    0.004072549
   716           13436928           13500000       3804      3841.59064829       -37.590648    -0.01025486
   717           13500000           13668750      10296      10272.8760554        23.123945    0.006293541
   718           13668750           13824000       9458      9444.23657684        13.763423    0.003722734
   719           13824000           13996800      10487      10504.2749767       -17.274977   -0.004646229
   720           13996800           14062500       3985      3991.74218494       -6.7421849   -0.001802131
   721           14062500           14155776       5686      5665.23796179        20.762038    0.005536544
   722           14155776           14171760        965      970.581127912       -5.5811279   -0.001483389
   723           14171760           14400000      13924      13851.9957258        72.004274     0.01912698
   724           14400000           14580000      10884      10914.8952882       -30.895288   -0.008141623
   725           14580000           14745600      10007      10034.4967623       -27.496762   -0.007201166
   726           14745600           14762250       1014      1008.52461379        5.4753862    0.001425882
   727           14762250           14929920      10134      10152.2936026       -18.293603   -0.004761272
   728           14929920           15000000       4224      4241.24449419       -17.244494   -0.004462947
   729           15000000           15116544       7046      7050.59870427       -4.5987043    -0.00118738
   730           15116544           15187500       4279      4291.03720757       -12.037208    -0.00309599
   731           15187500           15360000      10460      10426.8346924        33.165308    0.008510222
   732           15360000           15552000      11559      11597.2144533       -38.214453   -0.009750616
   733           15552000           15625000       4427      4407.08585358        19.914146    0.005049735
   734           15625000           15728640       6258      6254.72360154        3.2763985   0.0008288705
   735           15728640           15746400       1079      1071.57469959        7.4253004     0.00187227
   736           15746400           15925248      10809      10787.0017527        21.998247    0.005543671
   737           15925248           15943230       1086      1084.15756469        1.8424353   0.0004616886
   738           15943230           16000000       3423      3422.25239635       0.74760365   0.0001872334
   739           16000000           16200000      11983      12050.7467016       -67.746702    -0.01693668
   740           16200000           16384000      11059       11078.780146       -19.780146   -0.004914417
   741           16384000           16402500       1125      1113.48372689        11.516273    0.002845129
   742           16402500           16588800      11189      11208.8890216       -19.889022    -0.00491087
   743           16588800           16777216      11385      11328.5093249        56.490675     0.01386977
   744           16777216           16796160       1163        1138.583605        24.416395    0.005961034
   745           16796160           16875000       4729       4737.6617072       -8.6617072   -0.002113482
   746           16875000           17006112       7921      7875.85804475        45.141955     0.01098901
   747           17006112           17280000      16373      16440.6539082       -67.653908    -0.01640553
   748           17280000           17496000      13086      12954.7896367        131.21036     0.03156431
   749           17496000           17694720      11906      11909.9453765       -3.9453765  -0.0009432332
   750           17694720           17714700       1196       1197.0228511       -1.0228511  -0.0002431591
   751           17714700           17915904      11989      12049.8566079       -60.856608    -0.01445909
   752           17915904           18000000       5133      5034.00089726        98.999103     0.02338901
   753           18000000           18225000      13350      13461.6444023        -111.6444    -0.02631484
   754           18225000           18432000      12412      12375.9420143        36.057986    0.008446323
   755           18432000           18662400      13792      13765.2095487        26.790451    0.006240132
   756           18662400           18750000       5212      5230.98010496       -18.980105   -0.004393543
   757           18750000           18874368       7436      7424.05666054        11.943339    0.002758196
   758           18874368           18895680       1235      1271.91092927       -36.910929   -0.008496083
   759           18895680           19131876      14070      14090.5939123       -20.593912   -0.004737591
   760           19131876           19200000       4079      4062.09853122        16.901469    0.003864076
   761           19200000           19440000      14342      14303.9054582        38.094542     0.00869385
   762           19440000           19531250       5399      5435.69908571       -36.699086   -0.008323522
   763           19531250           19660800       7649      7714.60988243       -65.609882    -0.01484582
   764           19660800           19683000       1318      1321.69008554       -3.6900855  -0.0008322156
   765           19683000           19906560      13346      13304.8528663        41.147134    0.009274573
   766           19906560           20000000       5600       5558.3101424        41.689858    0.009343989
   767           20000000           20155392       9238      9240.13323248       -2.1332325  -0.0004770053
   768           20155392           20250000       5611      5623.63702749       -12.637027   -0.002814811
   769           20250000           20480000      13613      13665.0444266       -52.044427    -0.01156543
   770           20480000           20736000      15267      15199.0876473        67.912353     0.01500665
   771           20736000           20971520      13894       13973.333053       -79.333053    -0.01742175
   772           20971520           20995200       1443      1404.41123466        38.588765    0.008426475
   773           20995200           21093750       5844      5843.78744905       0.21255095   4.638772e-05
   774           21093750           21233664       8239      8293.80146502       -54.801465    -0.01193206
   775           21233664           21257640       1416      1420.92040329       -4.9204033   -0.001067796
   776           21257640           21600000      20339      20279.4250521        59.574948      0.0129213
   777           21600000           21870000      16014       15979.815521        34.184479    0.007355329
   778           21870000           22118400      14702      14691.1301883        10.869812    0.002324329
   779           22118400           22394880      16218      16340.4141469       -122.41415    -0.02602884
   780           22394880           22500000       6195      6209.62921147       -14.629211   -0.003091338
   781           22500000           22674816      10346      10322.9121961        23.087804    0.004867336
   782           22674816           22781250       6337      6282.64307438        54.356926     0.01141519
   783           22781250           23040000      15301      15266.4330223        34.566978    0.007242235
   784           23040000           23328000      16992      16980.3311772        11.668823    0.002431005
   785           23328000           23437500       6394      6452.81610453       -58.816105    -0.01217748
   786           23437500           23592960       9163      9158.18491125        4.8150887   0.0009946005
   787           23592960           23619600       1581      1569.01153403        11.988466    0.002468155
   788           23619600           23887872      15740      15794.5876685       -54.587669    -0.01123203
   789           23887872           24000000       6628      6598.46910822        29.530892    0.006042099
   790           24000000           24300000      17709       17645.409812        63.590188     0.01298029
   791           24300000           24576000      16233      16222.4732885        10.526711    0.002135451
   792           24576000           24603750       1619      1630.47006472       -11.470065   -0.002313717
   793           24603750           24883200      16422      16413.2794868        8.7205132    0.001758091
   794           24883200           25000000       6822      6856.94624955        -34.94625   -0.007005634
   795           25000000           25165824       9734      9731.76040164        2.2395984   0.0004479197
   796           25165824           25194240       1668      1667.27987415       0.72012585   0.0001435499
   797           25194240           25312500       6857      6937.60259791       -80.602598    -0.01605826
   798           25312500           25509168      11504      11533.1270526       -29.127053    -0.00578934
   799           25509168           25600000       5359      5324.86577132        34.134229     0.00675837
   800           25600000           25920000      18781      18750.6490793        30.350921    0.005998627
   801           25920000           26214400      17224      17238.6304786       -14.630479   -0.002873697
   802           26214400           26244000       1727      1732.60321445       -5.6032144   -0.001094378
   803           26244000           26542080      17500      17441.4362879        58.563712     0.01143177
   804           26542080           26572050       1772      1752.98707918        19.012921    0.003690467
   805           26572050           26873856      17596      17646.6372833       -50.637283    -0.00982331
   806           26873856           27000000       7416      7372.21934424        43.780656    0.008445343
   807           27000000           27337500      19676      19714.6151635       -38.615164   -0.007431492
   808           27337500           27648000      18170      18124.9029189        45.097081    0.008625197
   809           27648000           27993600      20154       20159.858352        -5.858352    -0.00111415
   810           27993600           28125000       7646      7661.13149144       -15.131491    -0.00285991
   811           28125000           28311552      10940      10873.1295005          66.8705     0.01260922
   812           28311552           28343520       1867      1862.82617561        4.1738244   0.0007844266
   813           28343520           28697814      20618      20637.1182885       -19.118288   -0.003591056
   814           28697814           28800000       5929       5949.4257609       -20.425761   -0.003812886
   815           28800000           29160000      20891      20950.0023815       -59.002382    -0.01099444
   816           29160000           29491200      19236       19260.722872       -24.722872    -0.00457831
   817           29491200           29524500       1934      1935.84245439       -1.8424544   -0.000339274
   818           29524500           29859840      19509      19487.4141327        21.585867    0.003972631
   819           29859840           30000000       8224      8141.26206817        82.737932     0.01514122
   820           30000000           30233088      13610       13534.148674        75.851326     0.01384849
   821           30233088           30375000       8256      8237.08857211        18.911428    0.003439403
   822           30375000           30720000      20062      20015.7708773        46.229123    0.008387982
   823           30720000           31104000      22147      22263.1151064       -116.11511    -0.02094971
   824           31104000           31250000       8463       8460.4348161        2.5651839   0.0004599497
   825           31250000           31457280      11987      12007.5718694       -20.571869   -0.003680008
   826           31457280           31492800       2024      2057.18599467       -33.185995     -0.0059169
   827           31492800           31850496      20728      20708.9627176        19.037282     0.00339234
   828           31850496           31886460       2121       2081.4043913        39.595609    0.007015989
   829           31886460           32000000       6558      6570.19922733       -12.199227   -0.002160375
   830           32000000           32400000      23143      23136.0273906        6.9726094    0.001232595
   831           32400000           32768000      21300      21270.5690014        29.430999    0.005170499
   832           32768000           32805000       2133      2137.85124029       -4.8512403  -0.0008474768
   833           32805000           33177600      21510       21521.009328       -11.009328   -0.001922166
   834           33177600           33554432      21788      21751.2664092        36.733591     0.00637736
   835           33554432           33592320       2193      2186.16598945        6.8340106    0.001179779
   836           33592320           33750000       9084      9096.72917784       -12.729178   -0.002196243
   837           33750000           34012224      15127      15122.5674691        4.4325309    0.000762983
   838           34012224           34560000      31397      31568.8684308       -171.86843     -0.0294699
   839           34560000           34992000      24825      24876.2519611       -51.251961   -0.008718136
   840           34992000           35156250       9414      9453.51129116       -39.511291   -0.006679391
   841           35156250           35389440      13439      13417.0369261        21.963074    0.003704178
   842           35389440           35429400       2321      2298.66473916        22.335261    0.003754518
   843           35429400           35831808      23118      23139.8997842       -21.899784   -0.003679238
   844           35831808           36000000       9655       9667.2086103        -12.20861   -0.002039538
   845           36000000           36450000      25875      25852.0336702         22.96633    0.003827722
   846           36450000           36864000      23733      23767.6931106       -34.693111   -0.005746382
   847           36864000           37324800      26419      26436.4871839       -17.487184   -0.002880173
   848           37324800           37500000      10061      10046.4524353        14.547565    0.002381176
   849           37500000           37748736      14305      14258.5945279        46.405472    0.007577982
   850           37748736           37791360       2417      2442.84602079       -25.846021   -0.004206709
   851           37791360           37968750      10131      10164.7970807       -33.797081   -0.005497724
   852           37968750           38263752      16985      16898.1835126        86.816487     0.01408929
   853           38263752           38400000       7817      7801.98164597        15.018354    0.002427888
   854           38400000           38880000      27558      27473.7067985        84.293201     0.01360276
   855           38880000           39062500      10400      10440.6308049       -40.630805   -0.006516168
   856           39062500           39321600      14927      14818.0498613        108.95014     0.01743202
   857           39321600           39366000       2541      2538.69570921        2.3042908   0.0003674698
   858           39366000           39813120      25632       25556.267108        75.732892     0.01207046
   859           39813120           40000000      10591      10676.7291909       -85.729191    -0.01358675
   860           40000000           40310784      17790      17749.2494679        40.750532    0.006443225
   861           40310784           40500000      10829      10802.5265079        26.473492     0.00416966
   862           40500000           40960000      26192       26249.873378       -57.873378   -0.009093924
   863           40960000           41006250       2638      2638.32052415      -0.32052415   -5.00819e-05
   864           41006250           41472000      26555      26559.1812609       -4.1812609  -0.0006529535
   865           41472000           41943040      26743       26843.563861       -100.56386    -0.01561581
   866           41943040           41990400       2675       2697.9924097        -22.99241   -0.003550214
   867           41990400           42187500      11246      11226.4843487        19.515651    0.003011675
   868           42187500           42467328      15975      15933.4088192        41.591181    0.006403381
   869           42467328           42515280       2774      2729.78670778        44.213292    0.006784618
   870           42515280           43200000      38836      38960.3851581       -124.38516    -0.01907638
   871           43200000           43740000      30687      30701.0798402        -14.07984   -0.002142179
   872           43740000           44236800      28191      28225.9790104        -34.97901   -0.005288934
   873           44236800           44286750       2886      2836.93917897        49.060821    0.007376375
   874           44286750           44789760      28616      28558.6596853        57.340315    0.008616347
   875           44789760           45000000      11873      11931.0851686       -58.085169   -0.008679124
   876           45000000           45349632      19962      19834.5675485        127.43245     0.01899651
   877           45349632           45562500      12105      12071.7186625        33.281338    0.004942127
   878           45562500           46080000      29373       29334.067916        38.932084    0.005767716
   879           46080000           46656000      32577      32628.1705031       -51.170503   -0.007538127
   880           46656000           46875000      12417      12399.5059519        17.494048    0.002561159
   881           46875000           47185920      17597      17598.2763722       -1.2763722  -0.0001864261
   882           47185920           47239200       2994      3015.02359886       -21.023599    -0.00306056
   883           47239200           47775744      30275      30351.4237951       -76.423795     -0.0111193
   884           47775744           47829690       3073      3050.56822029         22.43178    0.003245339
   885           47829690           48000000       9611      9629.50925794       -18.509258   -0.002676333
   886           48000000           48600000      33833      33909.3123781       -76.312378    -0.01101474
   887           48600000           49152000      31123      31175.6902573       -52.690257   -0.007558092
   888           49152000           49207500       3170      3133.41554487        36.584455    0.005218263
   889           49207500           49766400      31663      31543.2687966         119.7312     0.01706836
   890           49766400           50000000      13201      13178.0145919        22.985408    0.003258248
   891           50000000           50331648      18681      18703.2138293       -22.213829    -0.00314151
   892           50331648           50388480       3182      3204.32947654       -22.329477   -0.003147444
   893           50388480           50625000      13382      13333.4013311        48.598669    0.006846344
   894           50625000           51018336      22130      22165.8684856       -35.868486    -0.00504116
   895           51018336           51200000      10203      10234.1532453       -31.153245   -0.004361543
   896           51200000           51840000      36158       36038.561999          119.438     0.01669197
   897           51840000           52428800      33042       33133.369147       -91.369147    -0.01269016
   898           52428800           52488000       3322      3330.18272722       -8.1827272    -0.00113009
   899           52488000           53084160      33564      33524.1146679        39.885332    0.005505328
   900           53084160           53144100       3343      3369.45676038        -26.45676   -0.003631234
   901           53144100           53747712      33898       33919.484753       -21.484753   -0.002947154
   902           53747712           54000000      14164      14170.7675657       -6.7675657   -0.000923108
   903           54000000           54675000      37822      37895.8657322       -73.865732    -0.01005185
   904           54675000           55296000      34787      34841.0183116       -54.018312   -0.007305444
   905           55296000           55987200      38783      38753.7949638        29.205036    0.003927452
   906           55987200           56250000      14797      14727.4660586        69.533941    0.009292926
   907           56250000           56623104      20851      20902.3537533       -51.353753   -0.006847167
   908           56623104           56687040       3626       3581.1024074        44.897593     0.00596659
   909           56687040           57395628      39816      39673.4607137        142.53929     0.01893183
   910           57395628           57600000      11392       11437.572533       -45.572533    -0.00601539
   911           57600000           58320000      40153      40276.4033289       -123.40333    -0.01625982
   912           58320000           58593750      15368      15306.1141102         61.88589    0.008103691
   913           58593750           58982400      21751      21723.6312255        27.368775    0.003575442
   914           58982400           59049000       3742      3721.80986078        20.190139    0.002628924
   915           59049000           59719680      37350      37466.6126321       -116.61263    -0.01517537
   916           59719680           60000000      15674      15652.7157196         21.28428     0.00275423
   917           60000000           60466176      26033       26021.656119        11.343881    0.001464489
   918           60466176           60750000      15874      15837.3948392        36.605161    0.004707454
   919           60750000           61440000      38385      38484.8744407       -99.874441     -0.0128139
   920           61440000           62208000      42824      42807.0361318        16.963868    0.002164209
   921           62208000           62500000      16256       16267.850289       -11.850289    -0.00150247
   922           62500000           62914560      23091      23088.6283091        2.3716909   0.0002999978
   923           62914560           62985600       3954      3955.67159125       -1.6715913  -0.0002107437
   924           62985600           63281250      16437      16459.8129059       -22.812906   -0.002874485
   925           63281250           63700992      23375      23361.0819942        13.918006    0.001749603
   926           63700992           63772920       4028      4002.35045719        25.649543    0.003213709
   927           63772920           64000000      12714       12633.958414        80.041586       0.010023
   928           64000000           64800000      44346       44489.486805       -143.48681    -0.01793585
   929           64800000           65536000      40934      40903.3725491        30.627451    0.003804726
   930           65536000           65610000       4085      4111.15121685       -26.151217   -0.003230368
   931           65610000           66355200      41514      41386.1071717        127.89283     0.01578924
   932           66355200           67108864      41844      41829.9479332        14.052067    0.001725054
   933           67108864           67184640       4180      4204.28214647       -24.282146   -0.002964129
   934           67184640           67500000      17603       17494.308068        108.69193     0.01326057
   935           67500000           68024448      29094      29083.2532232        10.746777    0.001308056
   936           68024448           68343750      17671      17700.7950295       -29.795029   -0.003612529
   937           68343750           69120000      42943       43013.062093       -70.062093   -0.008474883
   938           69120000           69984000      47850      47843.9811157        6.0188843   0.0007239593
   939           69984000           70312500      18239      18182.0839727        56.916027    0.006803544
   940           70312500           70778880      25759      25805.5138075       -46.513807   -0.005547095
   941           70778880           70858800       4412      4421.14962366       -9.1496237   -0.001087555
   942           70858800           71663616      44611      44506.8620075        104.13799     0.01237121
   943           71663616           72000000      18487      18594.0581089       -107.05811     -0.0126465
   944           72000000           72900000      49865      49725.1319877        139.86801      0.0164836
   945           72900000           73728000      45741      45717.1889749        23.811025     0.00278878
   946           73728000           73811250       4559      4594.99264682       -35.992647   -0.004191771
   947           73811250           74649600      46142       46256.941925       -114.94192     -0.0133788
   948           74649600           75000000      19339      19325.2248681        13.775132    0.001594344
   949           75000000           75497472      27514      27427.9840499         86.01595    0.009932266
   950           75497472           75582720       4685       4699.1241524       -14.124152   -0.001625534
   951           75582720           75937500      19598      19553.4001659        44.599834    0.005130055
   952           75937500           76527504      32431      32506.4444927       -75.444493   -0.008657637
   953           76527504           76800000      14931      15008.5833487       -77.583349   -0.008868696
   954           76800000           77760000      52850      52851.7758792       -1.7758792  -0.0002026436
   955           77760000           78125000      20143      20085.2443151        57.755685    0.006549628
   956           78125000           78643200      28377      28506.6873994        -129.6874    -0.01467245
   957           78643200           78732000       4894      4883.93630479        10.063695     0.00113482
   958           78732000           79626240      49154      49165.7439468       -11.743947   -0.001323544
   959           79626240           79716150       4951      4941.61086034        9.3891397    0.001052199
   960           79716150           80000000      15550      15598.8852197        -48.88522   -0.005475256
   961           80000000           80621568      34144      34147.4700855       -3.4700855  -0.0003879674
   962           80621568           81000000      20883      20783.0704578        99.929542     0.01112931
   963           81000000           81920000      50586      50503.2218163        82.778184    0.009197576
   964           81920000           82012500       5119      5076.04241008         42.95759    0.004746188
   965           82012500           82944000      51122      51099.6819201         22.31808    0.002464432
   966           82944000           83886080      51570      51648.0891957       -78.089196   -0.008574296
   967           83886080           83980800       5276      5191.11449115        84.885509    0.009268055
   968           83980800           84375000      21478      21600.6279305       -122.62793    -0.01338133
   969           84375000           84934656      30555      30657.4887243       -102.48872    -0.01115756
   970           84934656           85030560       5228      5252.42914753       -24.429148   -0.002650732
   971           85030560           86093442      58294      58189.8441333        104.15587     0.01129526
   972           86093442           86400000      16714      16775.8777277       -61.877728   -0.006668825
   973           86400000           87480000      59035      59075.3580091       -40.358009    -0.00434183
   974           87480000           88473600      54415      54314.1213608        100.87864     0.01078561
   975           88473600           88573500       5342      5459.08095516       -117.08096    -0.01244742
   976           88573500           89579520      55003      54955.7462927        47.253707    0.005020928
   977           89579520           90000000      22808      22959.5114641       -151.51146    -0.01600815
   978           90000000           90699264      38284      38169.0364797        114.96352     0.01211822
   979           90699264           91125000      23223      23230.7548194       -7.7548194  -0.0008142726
   980           91125000           92160000      56502      56451.2958008        50.704199    0.005311597
   981           92160000           93312000      62667      62792.1449477       -125.14495    -0.01303593
   982           93312000           93750000      23853      23862.9907097       -9.9907097   -0.001034255
   983           93750000           94371840      33896      33868.4905091        27.509491    0.002841168
   984           94371840           94478400       5817      5802.56470181        14.435298    0.001485951
   985           94478400           95551488      58613      58413.6149127        199.38509     0.02051287
   986           95551488           95659380       5816      5871.12698133       -55.126981   -0.005639563
   987           95659380           96000000      18576      18533.0563046        42.943695    0.004390719
   988           96000000           97200000      65148      65263.3315319       -115.33153    -0.01177098
   989           97200000           97656250      24950      24802.1448766        147.85512     0.01499696
   990           97656250           98304000      35148      35201.4460178       -53.446018   -0.005408357
   991           98304000           98415000       6013      6030.93790212       -17.937902   -0.001809198
   992           98415000           99532800      60554       60712.661675       -158.66167    -0.01599342
   993           99532800          100000000      25441      25364.7089932        76.291007    0.007646985
   994          100000000          100663296      35951      35999.9020318       -48.902032   -0.004890203
   995          100663296          100776960       6128      6167.73617708       -39.736177   -0.003960504
   996          100776960          101250000      25739      25664.4663849        74.533615    0.007424574
   997          101250000          102036672      42700       42665.980459        34.019541    0.003380889
   998          102036672          102400000      19820       19699.448069        120.55193     0.01193427
   999          102400000          103680000      69292      69370.8332685       -78.833268   -0.007790396
  1000          103680000          104857600      63924      63780.2015726        143.79843     0.01412234
  1001          104857600          104976000       6385      6410.53111031        -25.53111   -0.002493272
  1002          104976000          105468750      26680      26674.7656796        5.2343204   0.0005108758
  1003          105468750          106168320      37776       37859.286946       -83.286946   -0.008109891
  1004          106168320          106288200       6464      6486.30193745       -22.301937   -0.002164438
  1005          106288200          107495424      65442      65296.8432251        145.15677     0.01407974
  1006          107495424          108000000      27207      27279.9504276       -72.950428   -0.007036114
  1007          108000000          109350000      73101      72954.1195771        146.88042     0.01413358
  1008          109350000          110592000      67057      67074.8323682       -17.832368   -0.001705295
  1009          110592000          111974400      74575      74609.4350734       -34.435073   -0.003274456
  1010          111974400          112500000      28368      28354.0620577        13.937942    0.001317162
  1011          112500000          113246208      40328      40242.7418506        85.258149    0.008038215
  1012          113246208          113374080       6897      6894.65610044        2.3438996   0.0002202557
  1013          113374080          113906250      28504      28689.2696343       -185.26963    -0.01739992
  1014          113906250          114791256      47621      47694.6766624       -73.676662   -0.006903291
  1015          114791256          115200000      22027      22021.3062747        5.6937253   0.0005314252
  1016          115200000          116640000      77641      77547.3782403         93.62176    0.008722692
  1017          116640000          117187500      29426      29470.6077221       -44.607722   -0.004130345
  1018          117187500          117964800      41855      41827.4759679        27.524032    0.002542561
  1019          117964800          118098000       7150      7166.16663306       -16.166633   -0.001488481
  1020          118098000          119439360      71958      72141.0986388       -183.09864     -0.0168486
  1021          119439360          120000000      30177      30139.4414958        37.558504    0.003436644
  1022          120000000          120932352      49984      50105.5718196       -121.57182    -0.01109794
  1023          120932352          121500000      30565      30495.8267626        69.173237    0.006290235
  1024          121500000          122880000      74080      74106.0936241       -26.093624   -0.002367262
  1025          122880000          123018750       7379       7448.4049893       -69.404989   -0.006261092
  1026          123018750          124416000      75172      74982.4193184        189.58068     0.01709261
  1027          124416000          125000000      31314      31326.5309002         -12.5309   -0.001123425
  1028          125000000          125829120      44490      44461.6244078        28.375592     0.00253799
  1029          125829120          125971200       7637      7617.47225644        19.527744    0.001740851
  1030          125971200          126562500      31723      31696.9990968        26.000903    0.002316609
  1031          126562500          127401984      44949      44987.4375276       -38.437528   -0.003416669
  1032          127401984          127545840       7754      7707.55924742        46.440753    0.004114444
  1033          127545840          128000000      24340      24330.0663357        9.9336643    0.000879582
  1034          128000000          129600000      85832      85677.8159294        154.18407     0.01362808
  1035          129600000          131072000      78730      78773.5979156       -43.597916   -0.003829687
  1036          131072000          131220000       7881      7917.54500902       -36.545009   -0.003192075
  1037          131220000          132710400      79623      79705.3009639       -82.300964   -0.007184638
  1038          132710400          132860250       8027      8011.19236761        15.807632     0.00137219
  1039          132860250          134217728      72425      72550.7628473       -125.76285    -0.01091076
  1040          134217728          134369280       8163      8097.29643571        65.703564    0.005671318
  1041          134369280          135000000      33745      33693.6094484        51.390552    0.004433363
  1042          135000000          136048896      55865      56014.3459061       -149.34591    -0.01285365
  1043          136048896          136687500      34248      34092.1637338        155.83627     0.01336045
  1044          136687500          138240000      82674      82845.5608591       -171.56086    -0.01467418
  1045          138240000          139968000      92258      92152.4094664        105.59053    0.008980657
  1046          139968000          140625000      34921      35021.1659736       -100.16597   -0.008466538
  1047          140625000          141557760      49597      49705.4998668       -108.49987   -0.009149512
  1048          141557760          141717600       8525      8515.90021731        9.0997827   0.0007648287
  1049          141717600          143327232      85995      85729.0121274        265.98787     0.02234344
  1050          143327232          143489070       8657      8616.64819165        40.351808    0.003370533
  1051          143489070          144000000      27203      27199.7632055        3.2367945   0.0002702127
  1052          144000000          145800000      95707      95783.6492447       -76.649245   -0.006387437
  1053          145800000          147456000      88144      88065.4166998          78.5833    0.006508059
  1054          147456000          147622500       8930      8851.48529904        78.514701    0.006465763
  1055          147622500          149299200      89032      89107.3890869       -75.389087   -0.006204863
  1056          149299200          150000000      37179      37227.8853739       -48.885374   -0.004000831

  ehat: n = 1057  min = -0.2345462926  max = 0.1766974219  mean = 0.0002383326638  RMS = 0.02347496332

------------------------------------------------------------------------------
BLOCKS — L_irr — one row per disjoint interval (x_j, x_{j+1}]
------------------------------------------------------------------------------
  C2 gap-structure control: same rung count and same first/last x as L23, interior rungs a sorted uniform random sample in log x at the fixed seed
     j                x_j            x_{j+1}        c_j                L_j              e_j         ehat_j
     0                  2      2.06627452647          0    0.0325104789218     -0.032510479    -0.02298838
     1      2.06627452647      2.52287550611          0     0.216478869041      -0.21647887     -0.1505988
     2      2.52287550611      2.52366988198          0  0.000366380605612   -0.00036638061  -0.0002306665
     3      2.52366988198      2.63632857028          0    0.0516381992173     -0.051638199    -0.03250535
     4      2.63632857028      2.92117787854          0     0.127902499364       -0.1279025    -0.07877334
     5      2.92117787854      3.06668933119          1    0.0639940819252       0.93600592      0.5476456
     6      3.06668933119      3.47008540649          0     0.173233093874      -0.17323309     -0.0989227
     7      3.47008540649      3.61445340059          0    0.0606466708272     -0.060646671    -0.03255644
     8      3.61445340059      4.36033887164          0     0.303723745262      -0.30372375     -0.1597561
     9      4.36033887164      5.78645625852          1     0.545620741842       0.45437926      0.2175997
    10      5.78645625852      6.80685541532          0     0.369266517064      -0.36926652     -0.1535089
    11      6.80685541532      7.61210832585          1     0.281723206337       0.71827679      0.2753078
    12      7.61210832585      8.25415414934          0      0.21941319417      -0.21941319    -0.07952621
    13      8.25415414934       8.4438834282          0    0.0640354142567     -0.064035414    -0.02228866
    14       8.4438834282       9.1235385454          0     0.226622758546      -0.22662276    -0.07798883
    15       9.1235385454      10.7324109485          0     0.521196263863      -0.52119626     -0.1725519
    16      10.7324109485      10.8411590817          0    0.0345373688235     -0.034537369    -0.01054243
    17      10.8411590817      12.4240812369          1     0.494098290497       0.50590171      0.1536485
    18      12.4240812369      12.5835156306          0    0.0489341479078     -0.048934148    -0.01388289
    19      12.5835156306      15.6203363422          1     0.907468399598        0.0925316     0.02608489
    20      15.6203363422      16.8567620832          0     0.357816305367      -0.35781631    -0.09053467
    21      16.8567620832      17.6746404031          1     0.233499157049       0.76650084      0.1866919
    22      17.6746404031      20.1283907166          1      0.68693653405       0.31306347     0.07446584
    23      20.1283907166      20.3804424344          0    0.0695018333196     -0.069501833    -0.01549144
    24      20.3804424344       22.888717228          0     0.682047613231      -0.68204761     -0.1510803
    25       22.888717228      36.3105308724          3      3.42564259119      -0.42564259    -0.08896811
    26      36.3105308724      37.1037290163          1     0.193366340831       0.80663366      0.1338628
    27      37.1037290163      41.6231494792          1          1.0867221       -0.0867221    -0.01423708
    28      41.6231494792      49.4529605326          2      1.83008140529       0.16991859     0.02633743
    29      49.4529605326      49.5992465113          0    0.0336316796886      -0.03363168   -0.004782472
    30      49.5992465113      49.9573243646          0    0.0822432485628     -0.082243249    -0.01167785
    31      49.9573243646      50.8881201697          0     0.213259214367      -0.21325921    -0.03017229
    32      50.8881201697      55.4290198358          1      1.03002293488     -0.030022935   -0.004208671
    33      55.4290198358      60.2346279135          1      1.07281987863     -0.072819879   -0.009780957
    34      60.2346279135      60.9461000873          0     0.157437563455      -0.15743756    -0.02028548
    35      60.9461000873      68.5388023745          2      1.65975175679       0.34024824     0.04358358
    36      68.5388023745      78.7808683943          2      2.18646467692      -0.18646468    -0.02252311
    37      78.7808683943      82.3881269161          1     0.757483055959       0.24251694     0.02732321
    38      82.3881269161      83.6646136182          1     0.266605011479       0.73339499     0.08079893
    39      83.6646136182      85.8603494512          0     0.456898318819      -0.45689832    -0.04995151
    40      85.8603494512      88.3194151168          0     0.509217499823       -0.5092175    -0.05495497
    41      88.3194151168      92.7782933567          1     0.916956526569      0.083043473    0.008836442
    42      92.7782933567      99.1127283234          1      1.28938276482      -0.28938276    -0.03004343
    43      99.1127283234      100.435392309          0     0.267369404361       -0.2673694    -0.02685635
    44      100.435392309      119.934400031          5      3.87499633241        1.1250037      0.1122563
    45      119.934400031      123.364318926          0     0.669883089397      -0.66988309     -0.0611684
    46      123.364318926      132.156563522          2      1.70290495628       0.29709504     0.02674857
    47      132.156563522      135.950922947          0     0.728892551753      -0.72889255    -0.06340436
    48      135.950922947      150.121037234          3      2.69264317636       0.30735682     0.02636039
    49      150.121037234      155.317157368          1     0.976531368182      0.023468632    0.001915433
    50      155.317157368      226.781333697         12      12.9605106151      -0.96051062    -0.07707126
    51      226.781333697      231.465068577          2     0.823988726456        1.1760113     0.07809223
    52      231.465068577       251.16401817          4      3.43740248441       0.56259752     0.03697899
    53       251.16401817      267.491098205          2      2.81690714648      -0.81690715    -0.05154588
    54      267.491098205      291.752365528          5      4.13706952536       0.86293047     0.05276199
    55      291.752365528      304.797462374          1      2.20228682653       -1.2022868    -0.07038837
    56      304.797462374      316.554713751          3      1.97248941336        1.0275106     0.05885463
    57      316.554713751      325.977861985          1      1.57281558612      -0.57281559    -0.03219515
    58      325.977861985      326.844229704          0       0.1442545485      -0.14425455   -0.007989792
    59      326.844229704      371.171537518          7      7.30711205003      -0.30711205    -0.01698738
    60      371.171537518      425.525818849          9      8.78430317198       0.21569683     0.01119583
    61      425.525818849       436.14079113          2      1.69546973447       0.30453027     0.01476276
    62       436.14079113       440.84644365          1     0.749656705836       0.25034329     0.01198733
    63       440.84644365      454.519866497          2      2.17169731569      -0.17169732   -0.008177486
    64      454.519866497      552.588627386         14      15.3155197742       -1.3155198    -0.06170508
    65      552.588627386      582.070981488          5      4.52482010947       0.47517989     0.02021422
    66      582.070981488      583.690211296          0     0.247551046282      -0.24755105     -0.0102607
    67      583.690211296       588.11788259          1     0.676413237425       0.32358676     0.01339367
    68       588.11788259       637.30668231          8      7.46735317944       0.53264682     0.02196378
    69       637.30668231      638.496427076          0     0.179582090349      -0.17958209   -0.007113589
    70      638.496427076      644.993381864          2     0.979832867844        1.0201671      0.0403731
    71      644.993381864      668.703479209          4      3.56417470634       0.43582529     0.01716069
    72      668.703479209      670.857703054          0     0.322942218234      -0.32294222    -0.01248844
    73      670.857703054      734.743706313          9      9.51362239461      -0.51362239    -0.01983028
    74      734.743706313      858.253981392         18      18.0789183723     -0.078918372   -0.002911456
    75      858.253981392      906.403528897          6      6.94904656334      -0.94904656    -0.03239512
    76      906.403528897      917.282326267          2      1.56303314405       0.43696686     0.01451402
    77      917.282326267      1003.61733586         12      12.3184312643      -0.31843126    -0.01051391
    78      1003.61733586      1027.77518771          4      3.42094934922       0.57905065     0.01827816
    79      1027.77518771      1186.67257331         22      22.2473948161      -0.24739482   -0.007716876
    80      1186.67257331      1227.47223372          6      5.64701654898       0.35298345     0.01024681
    81      1227.47223372      1230.66635705          1     0.441045243901       0.55895476     0.01595405
    82      1230.66635705      1256.77460614          3      3.59945903869      -0.59945904    -0.01708793
    83      1256.77460614      1303.29649654          9      6.38980956845        2.6101904     0.07362808
    84      1303.29649654      1477.86333494         20      23.7228624989       -3.7228625      -0.103123
    85      1477.86333494      1480.65280358          0     0.376032569133      -0.37603257   -0.009781565
    86      1480.65280358      1546.18590323         10       8.8084534544        1.1915465     0.03096595
    87      1546.18590323      1627.13022057         15      10.8145317417        4.1854683       0.106442
    88      1627.13022057      1676.23448192          5      6.52709191613       -1.5270919    -0.03785768
    89      1676.23448192       2920.1642482        159      158.980870287      0.019129713   0.0004672411
    90       2920.1642482      3286.11834466         40      45.0282258032       -5.0282258    -0.09304888
    91      3286.11834466      3723.57618409         57      53.0601619198        3.9398381     0.06872849
    92      3723.57618409      3724.52786739          0     0.114606429409      -0.11460643   -0.001878144
    93      3724.52786739      3743.85777395          3      2.32706728785       0.67293271     0.01102646
    94      3743.85777395      3997.36284679         28      30.3925555776       -2.3925556    -0.03910231
    95      3997.36284679      4055.58464374          9      6.94820158073        2.0517984     0.03245248
    96      4055.58464374      4201.43374176         16      17.3556185423       -1.3556185    -0.02128682
    97      4201.43374176      4567.48572339         44      43.2608106201       0.73918938     0.01140399
    98      4567.48572339      4852.58278887         31      33.4186473978       -2.4186474    -0.03578771
    99      4852.58278887      5017.76813706         22      19.2602810797        2.7397189      0.0393296
   100      5017.76813706      5254.66303756         25      27.4974365312       -2.4974365     -0.0352565
   101      5254.66303756      5530.82520852         34      31.8803884709        2.1196115     0.02924044
   102      5530.82520852      6574.49150976        119      118.959645138      0.040354862   0.0005426264
   103      6574.49150976      6655.69051134          7      9.16346363055       -2.1634636    -0.02668201
   104      6655.69051134      8496.96097558        202      204.803830542       -2.8038305    -0.03436807
   105      8496.96097558      9122.76679646         71      68.4673564818        2.5326435     0.02747529
   106      9122.76679646       9366.1879428         28      26.4949973053        1.5050027     0.01575702
   107       9366.1879428      9835.39715251         55      50.8666625568        4.1333374       0.042709
   108      9835.39715251      10390.2135286         59      59.8182183806      -0.81821838   -0.008250367
   109      10390.2135286      13471.3916916        325      326.616535612       -1.6165356     -0.0158589
   110      13471.3916916      13518.9930797          4       4.9804841177      -0.98048412   -0.008447619
   111      13518.9930797       14513.708161         98      103.675825457       -5.6758255     -0.0488154
   112       14513.708161      14900.1554238         47       40.080232207        6.9197678      0.0574384
   113      14900.1554238      14947.1668917          4      4.86851563962      -0.86851564    -0.00711512
   114      14947.1668917      15419.3096579         51      48.8099268378        2.1900732     0.01791345
   115      15419.3096579      16528.0973788        112       114.04120732       -2.0412073    -0.01643821
   116      16528.0973788      16917.1048987         37      39.8252103315       -2.8252103    -0.02197553
   117      16917.1048987      22269.7922675        542      539.593355308        2.4066447     0.01850329
   118      22269.7922675       22647.114964         38      37.5158306882       0.48416931    0.003244436
   119       22647.114964      24040.7605136        143      138.045127876        4.9548721     0.03292502
   120      24040.7605136      27007.1260302        288       291.30645715       -3.3064571    -0.02132499
   121      27007.1260302      30448.5704857        326       334.14021857       -8.1402186    -0.04953326
   122      30448.5704857      38948.9917256        815      810.850419586        4.1495804     0.02378049
   123      38948.9917256      40693.8059734        159      164.263236184       -5.2632362    -0.02666888
   124      40693.8059734        41427.92864         73      68.9161741595        4.0838258     0.02024431
   125        41427.92864      42879.5775032        149       135.94387243        13.056128     0.06414573
   126      42879.5775032      44147.6700507        112      118.406341569       -6.4063416    -0.03093747
   127      44147.6700507      45194.4300548         96      97.5035326156       -1.5035326   -0.007155813
   128      45194.4300548      45594.3552778         35      37.1971516765       -2.1971517    -0.01033517
   129      45594.3552778      48598.4952185        273      278.478965194       -5.4789652    -0.02565919
   130      48598.4952185      53275.5035583        435      430.468267385        4.5317326     0.02055667
   131      53275.5035583      53902.1304062         58      57.4070466206       0.59295338    0.002568957
   132      53902.1304062      56934.4638915        282       276.96192003          5.03808     0.02170012
   133      56934.4638915      57467.7922386         51      48.5726612754        2.4273387     0.01017285
   134      57467.7922386       59485.307831        190      183.381039345        6.6189607     0.02761071
   135       59485.307831       65738.970718        554       564.97397166       -10.973972    -0.04499445
   136       65738.970718       68259.714533        224      226.352381502       -2.3523815   -0.009174794
   137       68259.714533      68380.4109996          7      10.8192077883       -3.8192078     -0.0146181
   138      68380.4109996      71999.0488328        328      323.602519173        4.3974808      0.0168166
   139      71999.0488328      80051.0712709        712      715.035788588       -3.0357886    -0.01131379
   140      80051.0712709       83121.177072        278      270.937993194        7.0620068        0.02496
   141       83121.177072      94162.7448124        966      967.464933539       -1.4649335   -0.005081151
   142      94162.7448124       102055.43576        688      685.493087848        2.5069122    0.008169577
   143       102055.43576      105941.520672        327      335.820122274       -8.8201223    -0.02760937
   144      105941.520672      111714.798511        493      496.973866798       -3.9738668      -0.012209
   145      111714.798511       111886.39978         19      14.7376656886        4.2623343     0.01275241
   146       111886.39978      116658.326252        403      409.069344675       -6.0693447    -0.01814484
   147      116658.326252      116879.467707         18      18.9222581339      -0.92225813   -0.002700192
   148      116879.467707      136782.757317       1709      1691.35622431        17.643776     0.05160864
   149      136782.757317      150891.077361       1181      1186.24756057       -5.2475606    -0.01418867
   150      150891.077361      152448.710161        141      130.385917653        10.614082      0.0273244
   151      152448.710161      172417.214921       1639      1662.14864252       -23.148643    -0.05928757
   152      172417.214921       172540.14288         10      10.1812251116      -0.18122511  -0.0004364435
   153       172540.14288      197690.185204       2083       2071.1010827        11.898917     0.02864589
   154      197690.185204      203087.928115        437      441.607865151       -4.6078652    -0.01036352
   155      203087.928115      209301.381787        511      507.166932357        3.8330676     0.00850559
   156      209301.381787      212686.079538        282      275.757296762        6.2427032     0.01364541
   157      212686.079538      220538.502153        632      638.395104435       -6.3951044    -0.01386686
   158      220538.502153       256022.77473       2870      2863.01879214        6.9812079      0.0148658
   159       256022.77473      265127.939788        712      729.351044596       -17.351045    -0.03429149
   160      265127.939788      268441.476771        275      264.926295239        10.073705     0.01956417
   161      268441.476771      283467.917398       1198      1198.19866449      -0.19866449  -0.0003834382
   162      283467.917398      303490.920758       1566      1588.87443547       -22.874435    -0.04296338
   163      303490.920758      303698.130405         22      16.3984514097        5.6015486     0.01016799
   164      303698.130405      322692.849704       1525      1499.57701929        25.422981     0.04613233
   165      322692.849704      323975.279687         93      100.990014075       -7.9900141    -0.01406543
   166      323975.279687      323991.360737          1      1.26616669425      -0.26616669  -0.0004676251
   167      323991.360737      353355.486914       2321      2304.09328746        16.906713     0.02970246
   168      353355.486914      357294.284754        306      307.900577471       -1.9005775   -0.003197273
   169      357294.284754      378812.035313       1656      1677.49728594       -21.497286    -0.03596422
   170      378812.035313      405861.556654       2090       2098.3573648       -8.3573648    -0.01357868
   171      405861.556654      514894.395206       8376      8356.59489633        19.405104      0.0304598
   172      514894.395206      586512.951528       5414      5414.25914793      -0.25914793  -0.0003611509
   173      586512.951528      618325.913146       2411      2388.75014128        22.249859     0.02905283
   174      618325.913146      640242.554208       1603      1640.30062665       -37.300627    -0.04743593
   175      640242.554208      863730.257371      16519      16512.2799482        6.7200518    0.008398473
   176      863730.257371      870629.346966        530      504.286850225         25.71315     0.02766726
   177      870629.346966      885860.500901       1102      1112.29018118       -10.290181    -0.01102824
   178      885860.500901      1086188.84381      14467      14509.2678754       -42.267875    -0.04490842
   179      1086188.84381      1109542.14151       1706      1678.16586423        27.834136       0.026707
   180      1109542.14151      1282756.94867      12389      12372.0730494        16.926951     0.01606967
   181      1282756.94867      1408780.80125       8911       8926.1128067       -15.112807     -0.0133436
   182      1408780.80125      1423972.44556       1049      1072.10204813       -23.102048    -0.01946385
   183      1423972.44556      1636686.39688      14966      14931.2567909        34.743209     0.02911516
   184      1636686.39688      1808451.37719      11922      11957.4481093       -35.448109    -0.02770833
   185      1808451.37719      2081969.13441      18919       18882.215979        36.784021     0.02735305
   186      2081969.13441      2246501.91286      11268      11275.1028151       -7.1028151   -0.004922587
   187      2246501.91286      2299767.33123       3650      3637.90069551        12.099304    0.008072481
   188      2299767.33123      2413780.44713       7727      7767.74166611       -40.741666    -0.02686562
   189      2413780.44713      2421207.91647        511      505.158000192        5.8419998    0.003760215
   190      2421207.91647      2747214.02369      22078       22073.597845         4.402155    0.002829106
   191      2747214.02369      3082179.68441      22494      22497.1132388       -3.1132388   -0.001878305
   192      3082179.68441      3200505.89583       7948      7907.09435163        40.905648     0.02329991
   193      3200505.89583      3241805.53081       2785      2755.20778975         29.79221     0.01665304
   194      3241805.53081      3454467.96352      14156      14151.0151805        4.9848195    0.002768573
   195      3454467.96352      3675654.65334      14562       14657.117595       -95.117595    -0.05117646
   196      3675654.65334      4732358.08137      69320      69280.7127671        39.287233     0.02049199
   197      4732358.08137      4979118.65339      16078      16024.2104845        53.789515     0.02472628
   198      4979118.65339      5491128.13976      33058      33088.3422873       -30.342287    -0.01359791
   199      5491128.13976      6147293.65789      42055      42117.2996988       -62.299699    -0.02658613
   200      6147293.65789      8260036.61162     133835      133809.932882        25.067118     0.01011026
   201      8260036.61162      9602055.59178      83877      83840.5809683        36.419032     0.01267177
   202      9602055.59178      10094008.4912      30467      30545.9212831       -78.921283    -0.02546901
   203      10094008.4912      10805357.2526      44039      44006.8940517        32.105948      0.0101054
   204      10805357.2526       12417689.464      99214      99103.9264032         110.0736     0.03348602
   205       12417689.464      14841002.2476     147454      147505.891645       -51.891645    -0.01472574
   206      14841002.2476      16189428.8752      81312      81430.7872784       -118.78728     -0.0308346
   207      16189428.8752      16711316.3507      31419      31405.0447526        13.955247    0.003468341
   208      16711316.3507      18568438.1173     111354      111290.005687        63.994313     0.01565439
   209      18568438.1173      19038882.3025      28114      28083.6255786        30.374421    0.007048883
   210      19038882.3025      19422507.6626      22899      22870.2454039        28.754596    0.006590017
   211      19422507.6626      19762973.4644      20205      20274.7118075       -69.711807    -0.01581808
   212      19762973.4644      21604630.9159     109315      109320.388498       -5.3884978   -0.001212109
   213      21604630.9159      23677212.7419     122403      122371.995354        31.004646    0.006670423
   214      23677212.7419      25571178.0951     111165      111273.906218       -108.90622    -0.02238141
   215      25571178.0951      25775388.2389      11992      11968.2122546        23.787745    0.004704115
   216      25775388.2389      25778591.6708        186      187.700261663       -1.7002617  -0.0003348985
   217      25778591.6708      30503944.3026     275626      275480.713324        145.28668     0.02861516
   218      30503944.3026      32092771.0165      92001      92049.5473822       -48.547382   -0.008789979
   219      32092771.0165      32757568.3531      38500      38436.4697491        63.530251     0.01121442
   220      32757568.3531      33195144.4557      25271      25274.6292925       -3.6292925  -0.0006341123
   221      33195144.4557      33630070.8669      25117      25102.5388593        14.461141    0.002509951
   222      33630070.8669      45294160.0662     666900      666968.524376       -68.524376    -0.01181629
   223      45294160.0662      50311915.6739     283766      283754.908025        11.091975    0.001648116
   224      50311915.6739      54774987.3483     250915       251043.41371       -128.41371    -0.01810406
   225      54774987.3483      55015563.3685      13456      13498.6845227       -42.684523    -0.00576739
   226      55015563.3685      66859735.6717     660910      660770.247588        139.75241     0.01884155
   227      66859735.6717      67616731.8215      42098      41997.2834339        100.71657     0.01231739
   228      67616731.8215      67635951.4937       1028      1065.94496444       -37.944964   -0.004614526
   229      67635951.4937      74044107.4518     354580      354498.761411        81.238589    0.009878103
   230      74044107.4518      76611503.1508     141473      141544.878221       -71.878221   -0.008353184
   231      76611503.1508      78850949.4289     123134      123251.052693       -117.05269    -0.01337317
   232      78850949.4289      92572493.4452     751134      751193.140997       -59.140997   -0.006660168
   233      92572493.4452       99147934.288     357803      357766.254888        36.745112    0.003819079
   234       99147934.288      119042830.345    1074979      1074986.71903       -7.7190317  -0.0007752129
   235      119042830.345          143327232    1299337      1299230.25046        106.74954    0.009783954

  ehat: n = 236  min = -0.1725518573  max = 0.5476455878  mean = 0.0005463782563  RMS = 0.06111703324

------------------------------------------------------------------------------
PROJECTION  P(gamma) = |sum_j w_j ehat_j exp(-i gamma log x_j)|  (NON-UNIFORM DFT,
            a direct sum valid for arbitrary x_j; an inner product, NOT a fit)
------------------------------------------------------------------------------
  gamma grid : 0 to 40 step 0.01  (4001 points)   window: hann
  band half-width per ladder = max(0.6, that ladder's frequency resolution)
  threshold : P > 5 x median(P)

   ladder   n_blk   log-x span    2pi/span    band hw      median(P)   argmax g    P_max/med   verdict
       L2      26    17.328680    0.362589   0.600000    0.063908274    23.3600     4.775250      NULL
       L3      16    16.479184    0.381280   0.600000    0.079380043     2.8600     3.010999      NULL
      L23     236    18.035378    0.348381   0.600000      0.1006782    20.9700     6.951184    DETECT
     L235    1057    18.128316    0.346595   0.600000    0.028543471    30.3600    16.373229    DETECT
    L_irr     236    17.901847    0.350980   0.600000     0.19038385    30.2400     4.136003      NULL

  P/median AT THE SIX gamma_n
   ladder          g1          g2          g3          g4          g5          g6
       L2     4.18390     1.04170     1.64245     2.35854     2.74738     0.42310
       L3     2.48711     1.71123     1.87617     1.60665     1.26420     0.44119
      L23     5.95388     6.87325     5.28944     2.00303     4.03090     1.93874
     L235    15.37928    12.96506    16.19280    16.17747    13.46188    15.71418
    L_irr     3.98810     2.15595     3.89770     3.64820     2.18361     2.44408

  gamma_n = 14.134725, 21.022040, 25.010858, 30.424876, 32.935062, 37.586178

  TEN LARGEST LOCAL PEAKS — L2  (strict interior maxima; band hw 0.600000)
   rank        gamma                  P       P/median   nearest gamma_n       dist   in band
      1      23.3600       0.3051780072       4.775250         25.010858     1.6509        no
      2       5.2300       0.3051765625       4.775228         14.134725     8.9047        no
      3      12.9000       0.3051743203       4.775193         14.134725     1.2347        no
      4      31.0300       0.3051712795       4.775145         30.424876     0.6051        no
      5      21.9600       0.3051682902       4.775098         21.022040     0.9380        no
      6       3.8300       0.3051638385       4.775029         14.134725    10.3047        no
      7      14.3000       0.3051585987       4.774947         14.134725     0.1653       yes
      8      32.4300       0.3051525722       4.774852         32.935062     0.5051       yes
      9      38.3900       0.1064006361       1.664896         37.586178     0.8038        no
     10      25.0600       0.1063998486       1.664884         25.010858     0.0491       yes

  TEN LARGEST LOCAL PEAKS — L3  (strict interior maxima; band hw 0.600000)
   rank        gamma                  P       P/median   nearest gamma_n       dist   in band
      1       2.8600       0.2390132686       3.010999         14.134725    11.2747        no
      2       8.5800       0.2390113168       3.010975         14.134725     5.5547        no
      3      14.3000       0.2390074133       3.010926         14.134725     0.1653       yes
      4      20.0200       0.2390015581       3.010852         21.022040     1.0020        no
      5      25.7400       0.2389937512       3.010754         25.010858     0.7291        no
      6      31.4600       0.2389839928       3.010631         30.424876     1.0351        no
      7      37.1700       0.2389780629       3.010556         37.586178     0.4162       yes
      8       3.6900       0.1614910971       2.034404         14.134725    10.4447        no
      9       9.4100       0.1614906463       2.034399         14.134725     4.7247        no
     10       2.0300       0.1614901603       2.034392         14.134725    12.1047        no

  TEN LARGEST LOCAL PEAKS — L23  (strict interior maxima; band hw 0.600000)
   rank        gamma                  P       P/median   nearest gamma_n       dist   in band
      1      20.9700       0.6998327011       6.951184         21.022040     0.0520       yes
      2      14.1600       0.6008513449       5.968038         14.134725     0.0253       yes
      3      24.9500       0.5415699634       5.379218         25.010858     0.0609       yes
      4      32.6700         0.49762111       4.942690         32.935062     0.2651       yes
      5      36.6100       0.3033684119       3.013248         37.586178     0.9762        no
      6      31.3600       0.2946802635       2.926952         30.424876     0.9351        no
      7      30.2500        0.239339544       2.377273         30.424876     0.1749       yes
      8      35.2300       0.2266333316       2.251067         32.935062     2.2949        no
      9      19.9200       0.2183869892       2.169159         21.022040     1.1020        no
     10      15.5700       0.1786730874       1.774695         14.134725     1.4353        no

  TEN LARGEST LOCAL PEAKS — L235  (strict interior maxima; band hw 0.600000)
   rank        gamma                  P       P/median   nearest gamma_n       dist   in band
      1      30.3600       0.4673487887      16.373229         30.424876     0.0649       yes
      2      24.9700       0.4646255396      16.277822         25.010858     0.0409       yes
      3      37.5200       0.4560663225      15.977956         37.586178     0.0662       yes
      4      14.1400       0.4390628166      15.382251         14.134725     0.0053       yes
      5      32.8900       0.3869106559      13.555137         32.935062     0.0451       yes
      6      20.9600        0.374524488      13.121197         21.022040     0.0620       yes
      7      39.9100       0.1118191729       3.917504         37.586178     2.3238        no
      8      33.9700      0.09767602958       3.422010         32.935062     1.0349        no
      9      26.0200      0.08752141297       3.066250         25.010858     1.0091        no
     10      35.8400      0.05928493255       2.077005         37.586178     1.7462        no

  TEN LARGEST LOCAL PEAKS — L_irr  (strict interior maxima; band hw 0.600000)
   rank        gamma                  P       P/median   nearest gamma_n       dist   in band
      1      30.2400       0.7874282467       4.136003         30.424876     0.1849       yes
      2      14.1000       0.7620109889       4.002498         14.134725     0.0347       yes
      3      25.0200        0.742466063       3.899837         25.010858     0.0091       yes
      4      37.6300       0.4684261828       2.460430         37.586178     0.0438       yes
      5      39.9500       0.4591320765       2.411612         37.586178     2.3638        no
      6      21.1500       0.4503776852       2.365630         21.022040     0.1280       yes
      7      31.9500       0.4399130434       2.310664         32.935062     0.9851        no
      8      32.9000       0.4175659641       2.193285         32.935062     0.0351       yes
      9      36.2800       0.4107629964       2.157552         37.586178     1.3062        no
     10      19.0200       0.4101203789       2.154176         21.022040     2.0020        no

------------------------------------------------------------------------------
C1 — PHASE-RANDOMISED NULL (amplitude-preserving permutation of ehat across j)
------------------------------------------------------------------------------
  200 surrogates per ladder, numpy default_rng(seed=2026), identical projection.
  THIS IS THE CRITICAL CONTROL: combining irregular samples can manufacture peaks.
  If the real value is not beyond the surrogate 95th percentile the detection is not
  established.

  SURROGATE P_max/median
   ladder     surr min     surr med     surr p95     surr max         REAL   real pct   > p95
       L2     1.195047     1.901198     2.717041     3.420714     4.775250    100.000    True
       L3     1.133822     1.705399     2.684672     3.498602     3.010999     98.500    True
      L23     1.930432     2.588901     3.303940     4.265912     6.951184    100.000    True
     L235     1.819294     2.507211     3.315864     3.805496    16.373229    100.000    True
    L_irr     1.756042     2.507054     3.211868     3.676496     4.136003    100.000    True

  SURROGATE P/median AT gamma_1 = 14.134725
   ladder     surr min     surr med     surr p95     surr max         REAL   real pct   > p95
       L2     0.038896     1.061921     1.871668     2.649124     4.183898    100.000    True
       L3     0.116104     0.977267     1.993315     3.172237     2.487112     98.500    True
      L23     0.030419     1.029225     1.916079     2.520712     5.953878    100.000    True
     L235     0.093288     1.018312     2.001909     2.785889    15.379279    100.000    True
    L_irr     0.041176     1.032727     1.970676     2.553253     3.988099    100.000    True

------------------------------------------------------------------------------
C2 — GAP-STRUCTURE CONTROL: L_irr vs L23
------------------------------------------------------------------------------
  L_irr has the SAME rung count and the SAME first and last x as L23, with the
  interior rungs a sorted uniform random sample in log x at the fixed seed. This
  separates 'irregular sampling helps' from 'the multiplicative structure specifically
  helps'.

   ladder   rungs     gap min     gap med     gap max   argmax g    P_max/med   verdict
      L23     237   0.0135510   0.0521160   0.6931472    20.9700     6.951184    DETECT
    L_irr     237   0.0000496   0.0511239   0.5550900    30.2400     4.136003      NULL

  P/median AT THE SIX gamma_n — L23 against L_irr
   ladder          g1          g2          g3          g4          g5          g6
      L23     5.95388     6.87325     5.28944     2.00303     4.03090     1.93874
    L_irr     3.98810     2.15595     3.89770     3.64820     2.18361     2.44408

------------------------------------------------------------------------------
GATE A — EXACT TILING, per ladder: sum_j c_j == pi(x_last) - pi(x_0)
------------------------------------------------------------------------------
   ladder      pi(x_0)   pi(x_last)     expected      sum c_j     diff    gate A
       L2            1      7603553      7603552      7603552        0    PASSED
       L3            1      5003637      5003636      5003636        0    PASSED
      L23            1      8089544      8089543      8089543        0    PASSED
     L235            1      8444396      8444395      8444395        0    PASSED
    L_irr            1      8089544      8089543      8089543        0    PASSED
  GATE A overall: PASSED

------------------------------------------------------------------------------
GATE B — TIES TO THE TABLE: L2's c_j vs N(r) = pi(2^r) - pi(2^(r-1))
         from pi2n_cache.json (READ ONLY)
------------------------------------------------------------------------------
  source : /Users/juliansambrano/GitHub/Primebeat_081426/pi2n_cache.json   (READ ONLY)
  cache entries : 63  n range 0..62
  compared 26 r values against pi2n_cache.json
  r values compared : 26   (r = 2..27)
  mismatches        : 0
  GATE B: PASSED

------------------------------------------------------------------------------
GATE C — SANITY ON R: R(10^6) vs pi(10^6) = 78498, against |li(10^6) - 78498| = 129.549
------------------------------------------------------------------------------
  R implementation      : mpmath.riemannr
  R(10^6) at dps 30    : 78527.399429
  pi(10^6) from sieve   : 78498   (from this run's sieve)
  pi(10^6) known        : 78498
  |R(10^6) - 78498|     : 29.399429
  |li(10^6) - 78498|    : 129.549   (li(10^6) = 78627.549)
  GATE C: PASSED

------------------------------------------------------------------------------
BAND VERDICTS + HEADLINE PREDICTION — pre-registered, applied mechanically
------------------------------------------------------------------------------
       L2 : NULL
       L3 : NULL
      L23 : DETECT
     L235 : DETECT
    L_irr : NULL

  H-JOINT   : L2 = NULL and L3 = NULL and L23 = DETECT
  H-NONE    : L2 = NULL and L3 = NULL and L23 = NULL
  H-SINGLE  : either L2 or L3 alone comes out DETECT
  precedence: H-SINGLE > H-JOINT > H-NONE > UNCLASSIFIED

  HEADLINE: H-JOINT

==============================================================================
READ THE RESULT
==============================================================================
  c_j are EXACT INTEGER prime counts by binary search; no float approximation to
  pi(x) is used anywhere. L_j is an mpmath R difference at dps 30, cast to float
  only after the cancellation. The projection is float64 and is a NON-UNIFORM DFT.
  P(gamma) is an INNER PRODUCT, not a fit. The bands and the headline prediction were
  fixed before the run.
  gate A (exact tiling, all ladders) : PASSED
  gate B (ties to table, L2)         : PASSED
  gate C (R sanity)                  : PASSED
  verdicts : L2 NULL / L3 NULL / L23 DETECT / L235 DETECT / L_irr NULL
  headline : H-JOINT
  Interpretation of these numbers is NOT this script's job.

  results written to results/O18_joint_multiplicative_ladder_x0_2.json
